Fever,Cough,Fatigue,Headache,Sore Throat,Muscle Pain,Nausea,Vomiting,Rash,Joint Pain,Abdominal Pain,Diarrhea,Shortness of Breath,Dizziness,Loss of Taste,Loss of Smell,Chest Pain,Sneezing,Body Aches,Chills,Loss of Appetite,Night Sweats,Skin Irritation,Blurred Vision,Swelling,Weakness,Disease
0,1,0,0,0,0,0,0,0,1,0,0,1,1,1,1,1,1,1,1,1,1,1,0,1,1,Conjunctivitis
0,1,0,0,0,1,0,1,0,0,0,1,0,0,0,0,0,1,1,1,1,1,1,1,1,1,COVID-19
1,0,1,1,1,0,0,0,0,1,1,0,0,1,0,1,0,1,1,1,1,0,1,0,1,1,COVID-19
0,0,0,0,1,1,0,0,1,1,0,1,1,1,0,0,0,0,0,1,1,1,0,0,1,1,Influenza
0,0,1,1,1,0,1,0,0,0,0,1,0,0,0,1,1,1,0,0,0,0,0,1,0,0,Tuberculosis
1,1,0,0,0,1,0,0,0,0,1,0,1,0,1,1,0,1,0,0,0,1,0,1,1,0,Heart Disease
1,0,0,0,1,0,1,0,0,1,1,1,1,1,1,0,0,1,0,0,0,0,1,0,0,0,Gastroenteritis
1,0,0,1,0,1,0,0,0,0,1,1,0,1,1,1,0,1,1,0,1,1,0,1,1,0,Appendicitis
0,1,0,1,0,1,1,1,0,1,1,1,1,0,0,1,1,0,0,1,1,0,0,1,1,0,Gastroenteritis
1,1,0,1,0,1,1,0,1,1,1,1,1,1,0,0,1,0,0,0,0,0,1,1,1,0,Typhoid
0,0,0,1,0,1,0,1,0,0,1,1,1,1,1,1,1,0,0,1,1,0,0,0,1,0,Migraine
0,1,1,1,1,1,0,1,1,0,1,0,1,0,0,1,1,1,0,0,0,0,1,0,1,0,Bronchitis
1,1,1,0,0,0,0,0,1,0,1,1,0,1,1,0,0,0,0,1,1,0,1,0,1,0,Hepatitis
0,1,1,0,0,1,0,0,0,0,0,1,0,1,1,0,0,1,0,0,0,0,0,1,1,0,Typhoid
0,0,1,1,0,0,1,0,1,1,0,0,0,1,1,0,0,1,1,0,1,0,1,1,0,0,Conjunctivitis
1,0,1,1,1,0,0,1,0,1,0,1,1,1,0,0,0,1,1,1,1,0,0,1,1,1,Influenza
0,1,0,0,0,0,0,1,1,1,1,1,1,1,1,1,1,1,0,0,0,0,1,1,0,1,Hepatitis
1,0,0,0,1,1,1,0,0,1,0,0,0,0,1,1,0,1,0,1,0,0,0,0,1,0,Influenza
1,1,0,0,1,1,0,0,1,1,1,1,0,1,1,0,0,0,0,1,0,1,1,0,1,1,Heart Disease
0,1,0,0,0,0,0,0,1,0,0,0,0,1,1,1,0,1,1,1,0,0,1,1,1,1,Hepatitis
1,0,1,0,1,0,1,1,0,1,0,1,0,0,0,0,0,1,0,1,1,1,1,1,1,1,Tuberculosis
0,0,0,0,0,1,0,0,0,1,1,0,0,1,1,0,0,0,0,1,1,0,0,0,0,0,Gastroenteritis
0,1,0,1,1,0,0,0,1,0,1,1,1,0,0,0,1,0,1,1,1,0,0,0,1,1,Hepatitis
0,0,1,0,1,0,1,1,1,0,1,1,1,0,1,1,0,1,0,1,0,0,0,1,0,0,Pneumonia
1,1,1,0,1,0,0,0,1,0,1,1,1,1,0,0,0,1,0,1,1,1,1,0,0,1,Tuberculosis
0,0,1,0,1,1,1,1,1,1,1,0,0,0,0,0,0,0,1,0,0,1,1,0,0,1,Typhoid
0,0,1,0,0,1,0,0,0,1,0,0,1,1,1,0,1,1,0,0,0,0,0,0,0,0,Arthritis
1,0,1,0,0,1,1,1,1,1,1,1,1,0,1,0,1,1,1,0,0,1,1,1,1,1,Common Cold
1,1,1,0,0,0,1,0,1,0,1,1,1,0,0,0,0,0,1,0,1,0,0,0,1,0,Hepatitis
0,1,1,0,1,1,0,1,1,0,1,1,0,0,1,1,1,0,0,0,0,1,1,1,0,1,Chickenpox
0,0,1,1,0,0,0,1,0,0,1,0,1,0,1,1,0,1,1,1,0,0,1,0,1,0,Typhoid
1,1,1,1,0,0,0,0,1,1,0,1,0,0,0,1,0,0,0,0,0,1,1,1,1,0,Malaria
1,1,0,1,0,0,0,0,1,1,0,0,0,0,0,0,1,1,1,1,0,1,1,0,1,1,Meningitis
0,0,1,1,0,0,0,1,1,1,0,1,1,0,0,1,1,0,1,1,1,0,1,0,1,0,Appendicitis
1,0,0,0,0,1,1,1,0,0,1,1,1,0,1,0,0,0,1,1,0,0,0,0,1,0,Bronchitis
1,0,1,1,0,1,0,1,1,0,0,0,0,0,1,1,1,0,0,0,1,0,0,1,1,1,Meningitis
0,0,0,1,1,0,1,1,1,0,0,1,0,0,1,1,0,1,1,0,1,0,0,0,0,0,Gastroenteritis
0,0,0,0,1,1,1,0,1,1,0,0,0,0,1,0,0,0,1,0,0,1,0,0,0,1,UTI
1,0,0,0,1,1,0,0,0,1,0,1,1,1,0,1,0,0,1,1,1,1,1,1,1,1,Migraine
0,0,0,0,0,1,1,0,1,1,0,1,1,1,0,1,1,1,1,0,1,0,1,0,1,0,Tuberculosis
0,0,1,1,1,1,1,1,1,0,0,1,1,1,1,1,1,1,0,1,1,1,1,0,0,0,Chickenpox
0,0,0,0,0,1,0,0,0,1,1,1,0,1,0,0,0,0,0,1,1,1,0,0,1,0,Influenza
1,1,1,0,0,1,0,1,1,1,1,1,1,1,0,0,1,0,1,1,1,1,0,0,1,1,Pneumonia
1,1,1,1,0,0,0,1,0,0,0,0,1,0,1,1,0,1,0,0,0,1,1,0,1,0,Gastroenteritis
0,0,0,1,0,1,0,1,0,1,0,1,0,0,0,1,1,0,0,1,0,0,1,0,1,0,Conjunctivitis
1,0,0,0,1,0,1,0,0,0,0,1,0,1,1,0,0,1,1,0,0,1,0,1,1,0,COVID-19
0,0,0,1,1,1,0,0,0,1,0,0,1,1,1,0,0,0,1,0,0,1,0,0,0,1,Arthritis
1,1,0,1,1,1,0,1,1,0,0,0,0,1,1,1,1,0,0,1,0,1,1,0,0,1,Typhoid
1,1,0,1,1,0,0,0,0,0,0,1,1,0,1,1,1,1,0,0,0,0,0,0,1,0,Meningitis
1,0,1,1,1,1,1,0,0,0,0,1,0,0,0,0,0,0,0,0,0,1,1,1,0,0,Common Cold
1,1,1,0,1,0,0,0,1,0,1,1,0,1,1,1,0,1,1,1,0,1,1,1,1,1,Hepatitis
0,0,0,1,1,0,1,0,0,0,0,1,0,0,1,1,0,0,0,1,1,0,1,1,0,1,Bronchitis
0,1,0,0,1,1,1,1,1,1,0,1,1,1,1,1,0,0,0,1,0,0,0,1,1,0,Appendicitis
1,1,0,1,1,0,0,1,0,0,0,0,1,1,1,0,0,1,0,1,1,0,0,1,0,1,Asthma
1,1,1,1,0,0,1,0,0,1,0,0,1,1,0,0,1,0,1,0,0,1,0,1,1,0,Typhoid
0,0,1,0,0,0,0,1,1,0,0,0,0,1,1,0,0,1,0,1,1,1,1,0,0,0,Hepatitis
0,0,1,0,1,0,1,1,1,0,0,0,1,1,0,0,0,0,1,0,0,1,1,1,0,1,Meningitis
1,0,1,1,0,0,1,0,1,0,0,1,0,0,1,0,1,0,1,1,1,1,0,1,1,1,Dengue
0,1,1,0,0,0,0,0,0,0,0,1,0,1,0,0,1,1,1,0,1,1,0,1,1,0,Typhoid
0,1,1,1,1,1,1,1,1,1,1,1,0,1,0,1,0,0,0,0,1,1,0,1,1,0,Migraine
1,0,0,0,1,1,1,0,0,1,0,1,0,0,1,1,1,1,1,0,1,0,0,1,0,0,Arthritis
1,1,1,1,1,0,0,0,0,0,1,0,0,0,1,0,1,1,0,0,0,0,0,0,1,0,Common Cold
1,0,1,0,1,1,1,1,0,1,0,1,0,1,1,0,0,0,0,1,1,1,1,0,1,0,Appendicitis
1,1,0,1,1,1,1,1,0,0,0,0,1,0,1,0,1,1,1,0,1,1,1,0,1,1,Malaria
1,0,1,0,0,0,0,1,0,1,1,0,1,1,1,1,0,1,0,0,1,0,1,0,1,1,Meningitis
0,1,1,0,1,1,1,1,1,0,1,1,1,0,0,1,0,0,0,1,0,0,1,0,1,0,Common Cold
1,1,1,1,1,1,0,1,0,1,0,0,1,0,0,1,0,0,0,0,1,1,0,1,0,0,Food Poisoning
0,1,0,0,0,0,1,1,1,1,1,0,0,1,0,1,1,1,1,0,0,1,0,0,0,0,Gastroenteritis
1,0,0,1,0,1,0,0,1,0,1,0,1,0,1,1,1,1,0,1,0,0,1,0,1,0,Tuberculosis
0,1,0,1,0,1,0,0,0,0,1,1,1,0,0,1,1,1,0,0,1,0,0,1,0,0,Heart Disease
1,0,0,1,0,1,0,0,0,1,1,1,0,1,0,0,1,0,1,0,0,1,0,1,0,0,Dengue
0,0,0,1,1,1,1,1,1,0,1,1,1,1,1,1,1,0,1,0,1,0,1,1,1,0,Gastroenteritis
1,0,0,1,1,0,0,0,0,0,0,0,1,1,1,0,0,1,0,1,1,0,1,0,0,0,Appendicitis
0,0,1,1,0,0,1,1,1,0,1,1,0,0,1,0,1,0,0,0,0,1,0,1,0,0,Gastroenteritis
0,0,1,1,0,0,0,1,0,1,1,1,1,0,1,0,0,0,1,0,0,0,1,1,0,1,Asthma
0,0,1,0,0,0,1,1,0,1,0,1,1,0,1,0,0,0,1,0,0,1,0,1,0,0,Typhoid
0,1,0,1,0,0,1,1,1,1,1,1,1,1,0,0,0,1,0,1,1,0,0,1,0,1,Arthritis
1,1,0,0,0,1,1,1,1,0,0,0,1,1,0,1,1,1,1,0,0,1,1,1,0,1,Malaria
0,0,1,1,0,0,1,0,1,1,0,0,0,0,1,1,0,0,1,1,1,1,0,1,1,0,Common Cold
1,1,1,0,1,1,0,0,1,1,1,0,1,0,1,1,0,1,1,1,0,1,0,0,0,0,Typhoid
1,0,1,1,1,0,1,1,0,0,1,0,1,0,0,1,1,0,0,0,1,1,0,0,1,1,Bronchitis
1,0,0,1,0,1,0,1,0,1,0,0,0,0,0,0,1,1,1,0,0,1,0,1,0,0,Influenza
1,1,0,0,1,0,0,0,0,0,0,0,0,1,1,1,1,0,0,0,0,0,1,1,0,0,Asthma
1,1,1,0,1,0,0,0,0,0,1,0,1,1,0,1,0,0,0,1,0,1,0,1,0,0,Heart Disease
1,1,0,0,0,1,0,0,1,0,0,1,0,1,0,0,0,0,0,0,1,0,1,0,1,1,Gastroenteritis
1,1,0,0,1,1,0,1,0,0,1,0,1,1,0,0,0,0,1,0,1,0,0,0,1,1,Arthritis
0,0,0,1,0,1,1,0,1,1,1,0,1,1,0,0,0,1,1,1,0,0,0,1,0,0,Tuberculosis
0,0,0,0,0,1,1,1,0,1,0,0,0,0,1,0,0,1,1,1,1,0,1,1,1,1,Pneumonia
0,1,1,0,0,0,0,0,1,0,0,1,0,1,1,1,0,1,1,1,1,1,1,1,1,0,COVID-19
0,0,0,1,1,0,1,0,0,0,0,0,0,0,1,1,0,1,1,0,1,1,1,1,1,1,Heart Disease
0,0,1,1,0,1,1,0,0,0,1,1,0,1,0,1,1,1,1,0,1,1,1,0,1,0,UTI
1,1,0,0,1,0,0,0,0,1,0,1,0,1,1,0,0,0,0,1,1,0,1,1,1,1,UTI
0,0,0,0,0,0,1,0,1,0,0,1,1,1,1,0,0,0,0,1,0,1,0,0,1,0,Arthritis
1,1,1,0,1,1,1,1,1,1,1,0,1,0,0,0,0,0,0,1,1,0,0,1,0,1,Food Poisoning
1,1,1,0,1,0,0,1,0,1,1,0,1,0,0,0,0,1,1,0,0,0,0,1,1,0,Pneumonia
1,1,1,0,0,1,0,1,0,0,0,0,0,0,0,1,1,1,0,1,0,0,1,0,1,0,Arthritis
0,1,1,1,1,0,1,1,0,1,0,0,1,0,0,0,0,0,1,0,1,1,1,0,1,1,Conjunctivitis
0,1,0,1,0,1,1,1,1,1,1,1,1,1,0,1,0,1,1,0,0,0,1,1,1,0,Migraine
1,1,1,0,0,1,1,1,1,0,0,0,1,0,1,1,1,0,0,0,0,1,0,1,0,0,Food Poisoning
0,0,1,0,0,0,0,0,1,1,1,0,1,1,1,0,0,0,1,1,0,1,1,0,0,1,Dengue
1,1,0,0,0,1,0,1,1,0,1,1,1,0,1,1,0,0,1,1,1,1,1,1,1,0,Asthma
0,1,1,0,1,1,1,1,1,0,1,1,0,1,1,0,1,0,1,1,0,1,0,0,0,1,Migraine
1,0,1,0,0,1,1,1,0,1,1,1,0,1,1,0,0,1,1,1,0,1,1,0,0,0,Migraine
1,0,0,1,0,1,0,0,0,0,0,0,1,0,1,0,0,1,0,0,0,1,1,0,1,0,Heart Disease
0,0,1,1,1,0,0,0,1,0,0,1,1,0,1,0,1,1,0,1,0,0,1,0,0,0,Typhoid
0,0,1,0,1,1,1,1,0,1,1,1,0,1,0,0,0,0,0,1,0,1,1,1,0,0,Chickenpox
1,0,1,0,0,0,1,0,0,0,1,0,1,0,1,0,1,0,0,0,0,0,1,0,0,0,Malaria
0,0,1,1,1,1,1,0,0,1,1,1,1,0,0,0,1,0,1,0,0,0,0,0,1,0,Malaria
0,1,1,0,1,0,0,1,1,1,0,1,1,1,0,1,0,1,1,0,1,1,1,1,0,0,Migraine
0,1,0,0,0,1,1,1,1,1,1,0,1,0,1,1,1,0,0,1,0,0,1,0,0,1,Asthma
0,1,1,1,1,1,0,1,0,1,0,1,0,1,0,1,1,1,0,1,1,1,0,0,0,0,UTI
0,1,1,0,1,1,1,1,1,1,0,1,0,0,1,1,1,1,1,0,1,0,1,0,0,0,Heart Disease
0,0,1,0,1,1,0,1,1,1,1,1,1,0,1,0,1,0,0,1,1,1,0,1,0,1,Heart Disease
1,0,1,0,1,1,1,0,0,1,0,1,1,0,0,1,0,1,0,0,0,1,1,0,1,1,Gastroenteritis
1,1,1,0,0,1,0,0,1,0,1,0,0,1,0,0,1,0,1,1,1,1,0,1,1,1,Malaria
1,0,1,1,0,1,1,1,1,0,0,0,1,1,1,0,0,1,0,0,1,0,0,1,1,1,Tuberculosis
0,0,0,0,0,0,1,1,1,0,0,1,1,0,1,1,1,1,0,0,0,0,0,1,0,0,COVID-19
0,0,1,1,1,1,1,1,0,1,0,0,0,0,1,0,1,0,1,1,1,0,0,1,1,0,Gastroenteritis
1,1,0,0,1,1,1,0,0,0,1,0,1,1,1,0,0,1,0,0,1,1,0,1,1,1,Conjunctivitis
1,0,0,1,1,0,1,0,1,0,0,0,1,1,1,0,0,0,0,1,1,0,1,0,1,1,Dengue
0,0,1,0,1,0,0,1,1,0,1,0,0,1,1,0,1,0,0,1,1,1,0,1,0,1,Malaria
0,0,0,1,1,1,1,0,1,0,0,1,0,1,0,1,1,0,0,1,0,0,1,0,1,1,Common Cold
0,1,0,0,0,0,0,0,0,0,0,0,0,1,1,0,0,0,0,1,0,1,1,1,1,0,Common Cold
0,0,0,0,1,0,0,1,1,0,0,1,0,1,1,0,1,0,0,0,1,0,1,1,0,1,Meningitis
1,1,1,0,0,0,0,0,0,0,0,0,0,0,1,0,0,0,0,1,1,1,1,0,1,0,Arthritis
1,1,1,1,1,1,1,1,0,0,1,1,0,1,1,0,1,1,1,0,1,1,1,0,0,0,Heart Disease
1,1,1,1,1,0,0,0,1,1,1,1,1,1,1,0,1,1,0,0,1,1,1,0,1,1,Appendicitis
0,1,1,1,1,1,1,1,0,0,1,0,1,0,1,1,0,0,1,1,0,1,0,0,1,1,Appendicitis
0,0,0,1,0,1,0,1,0,0,1,1,0,0,1,0,0,1,0,1,1,0,1,1,1,0,Gastroenteritis
0,1,1,1,0,1,1,0,0,1,0,0,0,0,0,1,0,0,0,1,0,1,1,1,1,0,Malaria
1,1,1,0,1,1,1,0,0,1,0,0,1,0,0,1,0,1,0,0,1,1,0,0,0,1,Migraine
0,1,0,0,1,1,1,1,1,0,0,1,1,0,0,1,1,1,0,0,1,0,1,0,0,0,Pneumonia
1,0,1,0,0,1,0,0,1,1,0,1,0,1,0,1,1,1,0,0,0,1,0,0,1,0,Conjunctivitis
1,0,0,1,1,0,1,1,0,1,1,1,1,0,1,0,0,0,0,1,0,0,1,1,0,1,Typhoid
0,1,0,0,1,0,1,0,1,1,1,0,1,1,1,1,0,0,1,0,0,0,0,1,0,0,Appendicitis
0,0,1,1,0,1,1,1,0,1,1,0,0,0,1,1,1,1,0,0,1,1,1,1,1,0,UTI
1,0,0,0,1,0,0,0,1,1,1,1,1,0,0,0,0,1,0,0,0,1,1,0,0,1,Appendicitis
1,0,1,1,1,1,0,0,0,0,0,0,0,1,1,1,0,0,1,0,0,1,0,0,1,0,Bronchitis
1,1,0,0,0,1,1,1,0,1,0,0,1,0,1,0,0,1,0,1,0,1,0,1,1,1,UTI
0,0,1,1,1,0,1,1,1,1,1,1,0,0,0,0,0,0,1,0,0,1,1,1,0,1,Dengue
1,1,0,0,0,0,0,0,1,1,1,1,0,0,0,1,1,0,0,0,1,1,0,1,0,0,Malaria
0,1,1,0,0,1,1,0,1,1,1,0,0,1,1,1,0,1,0,0,1,0,1,0,0,0,Asthma
0,0,0,0,1,1,0,0,0,0,0,0,1,0,1,1,1,0,1,1,1,1,0,0,1,1,Pneumonia
1,0,1,1,1,0,0,0,0,1,1,1,0,0,0,1,0,0,0,0,0,0,1,0,1,0,Heart Disease
0,0,1,1,1,0,0,1,1,1,0,0,0,0,1,1,1,1,1,1,0,0,1,0,1,1,UTI
1,1,1,1,0,1,0,0,1,0,1,1,1,0,0,1,1,0,1,0,1,0,1,0,1,0,COVID-19
1,0,0,1,0,0,1,1,0,1,0,0,0,1,0,0,0,0,0,0,0,0,0,0,1,0,Bronchitis
0,1,1,0,1,1,0,0,0,0,1,0,0,0,1,1,1,0,0,0,0,1,0,0,1,1,Conjunctivitis
0,1,1,1,0,1,0,0,0,0,0,0,1,1,1,1,0,0,0,1,1,0,0,1,1,0,Typhoid
0,0,0,0,0,0,1,1,0,0,0,1,1,1,1,1,0,0,1,0,1,1,1,0,0,1,Conjunctivitis
1,1,0,1,0,0,1,0,1,0,1,1,1,1,0,1,0,1,0,0,0,1,1,1,1,0,Food Poisoning
1,1,0,1,1,0,0,1,0,0,1,0,0,1,1,0,1,0,0,0,0,1,1,0,1,1,Asthma
1,1,0,1,0,1,0,0,0,0,1,0,0,0,0,1,0,0,0,0,0,0,1,0,1,1,Common Cold
1,0,0,0,1,0,0,1,0,0,1,1,0,1,1,1,0,0,1,1,1,0,0,1,1,0,Influenza
1,1,1,1,1,0,0,1,1,1,0,1,1,0,0,0,0,0,0,0,0,0,1,0,0,1,Common Cold
0,1,1,1,1,1,0,0,0,0,1,0,1,0,0,1,1,1,1,0,1,0,1,0,0,1,Common Cold
0,1,0,0,1,1,0,1,1,1,0,0,1,0,1,1,1,0,1,1,0,0,0,0,0,0,Heart Disease
1,0,1,1,0,1,1,1,0,1,1,1,0,1,1,0,1,0,0,0,0,1,0,1,1,0,Typhoid
0,0,0,1,0,0,0,0,0,0,0,0,1,0,1,1,0,0,0,0,0,1,0,1,1,0,Typhoid
1,1,1,1,1,1,1,1,1,1,1,1,0,1,1,1,1,1,1,0,0,0,0,1,0,0,Migraine
1,0,0,0,1,1,1,1,1,0,1,1,1,0,1,0,0,1,1,1,1,1,1,1,1,1,COVID-19
1,1,1,1,1,0,0,0,1,0,0,0,1,0,0,0,0,1,1,0,1,1,0,1,0,1,Appendicitis
0,1,1,1,1,0,1,0,0,1,0,0,1,0,0,1,0,0,1,0,0,0,0,1,0,1,Hepatitis
0,1,1,1,1,1,0,1,0,1,1,1,0,1,1,1,0,0,1,1,1,0,1,0,1,1,Heart Disease
1,0,0,0,0,1,1,1,0,0,1,1,1,0,0,1,1,0,1,1,1,1,0,0,1,0,Common Cold
0,1,0,0,1,1,1,1,0,0,1,0,0,0,1,1,0,0,1,1,1,1,1,0,1,1,Hepatitis
1,1,1,1,1,0,1,1,1,0,1,1,0,0,0,0,0,1,0,1,0,0,0,1,1,0,COVID-19
0,0,0,1,0,0,0,1,1,1,1,0,0,0,1,0,0,0,0,0,0,1,1,0,0,0,Influenza
1,0,1,0,0,1,1,0,0,1,0,0,0,1,1,1,1,1,1,1,1,0,0,1,1,0,Malaria
1,1,1,1,1,1,0,0,0,1,1,0,0,0,1,1,1,0,1,1,0,1,0,1,1,1,Conjunctivitis
1,0,1,1,0,1,1,0,1,0,0,1,0,0,0,1,1,1,0,1,1,1,1,1,1,0,Bronchitis
1,0,0,1,0,1,0,1,1,0,1,0,1,0,0,1,1,1,0,1,0,0,0,0,1,1,Hepatitis
0,0,0,1,1,0,1,1,1,0,0,0,1,1,0,1,1,0,0,0,1,1,0,1,1,0,Migraine
0,0,0,0,1,1,1,1,1,1,1,0,1,0,0,1,1,0,1,1,1,0,0,0,1,0,Bronchitis
1,1,0,0,1,0,1,1,0,1,0,1,1,1,0,1,1,0,0,1,0,1,0,1,1,0,UTI
1,1,1,1,0,1,1,0,1,1,0,1,1,1,0,0,0,1,1,1,1,0,0,1,1,0,Conjunctivitis
0,0,1,1,0,0,1,0,1,1,1,1,0,1,1,0,1,1,1,0,1,1,1,0,0,1,Tuberculosis
0,0,1,0,0,1,1,1,0,1,1,0,1,0,0,1,0,0,0,1,0,1,0,0,0,0,Influenza
1,0,1,0,0,1,0,1,0,1,1,0,0,0,0,1,1,0,1,1,1,0,0,0,0,0,UTI
1,0,0,1,1,1,0,0,1,0,0,1,1,0,1,1,1,1,1,0,1,1,0,0,0,0,Malaria
0,1,1,1,1,0,1,0,1,0,1,0,0,0,1,0,1,0,1,0,0,1,0,0,0,0,Meningitis
1,1,0,1,0,1,1,0,0,0,0,1,1,0,0,1,1,1,1,1,1,0,0,0,0,0,Heart Disease
1,1,1,0,1,1,1,1,0,1,1,0,1,1,0,1,1,1,1,1,0,0,0,0,0,0,Malaria
1,1,1,0,1,0,1,0,0,0,1,1,0,1,1,0,1,0,0,1,0,1,1,1,1,0,Bronchitis
0,0,1,1,0,0,1,0,0,1,0,1,1,1,1,1,1,1,0,1,1,0,1,0,1,1,COVID-19
0,1,0,1,0,0,0,0,0,1,1,0,0,0,0,0,1,1,1,0,0,0,1,1,1,0,Food Poisoning
0,0,0,1,0,0,1,1,1,0,1,1,0,0,0,0,1,1,1,0,1,1,0,0,1,1,Dengue
0,1,0,1,1,0,1,0,0,0,0,1,0,0,1,1,1,1,1,1,1,0,0,0,1,0,Tuberculosis
0,0,1,0,1,0,1,0,1,0,0,0,0,0,1,0,0,1,0,1,1,1,1,0,1,1,Dengue
0,0,0,0,1,1,0,1,1,1,1,0,0,1,1,0,0,0,0,1,1,0,1,0,0,0,Conjunctivitis
1,1,0,1,0,1,0,1,0,0,0,1,1,1,1,1,0,0,0,0,0,0,0,1,0,0,Migraine
0,1,0,1,1,1,1,0,0,0,0,0,1,1,0,1,1,0,1,0,0,0,1,0,1,0,Arthritis
1,1,0,1,1,0,1,0,1,0,0,1,1,1,1,1,1,1,0,1,1,1,0,0,1,0,Hepatitis
0,1,1,1,0,1,0,0,1,1,1,1,0,1,0,0,1,0,0,0,1,1,0,0,0,1,Meningitis
1,1,0,0,1,0,1,0,1,0,1,1,1,0,1,1,1,0,0,0,1,1,0,0,0,1,Tuberculosis
0,0,0,1,0,0,0,1,1,1,0,0,0,1,0,0,0,0,1,1,1,0,1,0,1,1,Migraine
0,1,1,1,1,1,0,0,0,0,0,0,1,1,0,0,1,0,0,0,0,1,0,0,1,0,Food Poisoning
1,1,1,1,1,0,0,0,1,1,0,0,1,1,0,0,1,0,1,0,1,0,0,1,1,1,Appendicitis
1,1,1,0,1,1,1,1,1,1,1,1,1,0,1,1,1,0,0,0,0,0,1,0,0,1,Common Cold
1,1,1,1,1,0,1,0,1,0,1,0,0,0,1,0,0,0,0,1,0,1,1,1,0,1,Asthma
1,1,0,0,1,1,0,0,1,0,0,1,1,1,1,0,1,0,0,1,1,0,0,1,0,0,Food Poisoning
0,1,0,1,0,1,1,0,1,1,1,1,1,1,0,0,0,1,0,0,0,1,1,1,0,0,Bronchitis
0,1,0,0,1,0,1,1,1,0,0,1,0,1,0,1,0,0,1,0,0,0,1,0,1,0,Pneumonia
0,1,1,1,0,0,0,0,1,1,0,0,1,1,0,1,1,0,0,0,0,1,1,0,1,1,Meningitis
0,1,0,1,0,0,1,0,1,1,0,1,0,1,1,0,1,0,1,1,1,0,0,0,1,0,Common Cold
1,0,1,0,1,1,1,1,1,0,0,1,0,0,0,1,1,0,0,0,1,1,0,0,0,0,Dengue
0,0,1,0,1,1,1,0,0,1,1,1,1,0,0,0,1,1,0,0,1,1,0,0,1,1,Influenza
0,0,0,0,0,1,0,0,0,0,1,0,0,1,0,0,1,1,0,1,1,1,1,1,1,0,Malaria
0,0,0,0,1,0,0,0,1,0,0,1,0,1,0,0,1,0,1,0,1,0,0,1,1,1,Asthma
0,0,1,0,1,0,1,0,0,0,0,1,1,1,1,0,1,0,0,1,1,1,1,0,1,1,Typhoid
0,1,0,0,0,1,1,1,0,0,1,1,1,1,0,0,1,0,1,1,1,1,0,1,1,0,COVID-19
1,0,0,1,0,1,1,1,1,1,1,1,1,1,1,1,0,0,1,0,1,1,1,1,0,1,Typhoid
0,0,1,1,0,1,1,1,0,1,0,0,0,0,1,0,1,1,1,1,1,1,0,0,0,1,Common Cold
0,1,0,0,0,1,0,1,0,0,0,0,1,1,1,1,1,1,1,0,1,0,1,1,0,0,Common Cold
0,1,1,1,1,1,1,0,0,0,1,1,0,0,0,0,0,0,0,1,1,0,0,0,0,0,COVID-19
0,1,1,0,1,1,1,0,0,0,1,0,0,1,1,1,1,0,0,0,1,0,1,1,1,1,Typhoid
1,1,0,1,0,1,1,1,1,1,1,1,0,0,1,0,0,1,1,1,0,1,1,1,0,0,Arthritis
0,1,1,1,0,0,1,0,0,0,0,0,0,0,1,1,0,1,1,1,0,0,1,0,0,0,Tuberculosis
0,1,0,1,1,1,0,0,0,0,1,1,0,1,0,0,1,1,1,0,1,1,0,1,0,1,Malaria
0,1,1,1,1,1,0,1,1,1,0,0,1,0,0,1,0,0,0,0,0,1,1,0,0,0,Arthritis
1,0,0,1,0,0,0,1,1,1,0,1,0,0,0,1,0,1,0,0,1,1,1,1,1,1,Appendicitis
0,0,0,0,1,0,0,0,0,0,0,1,0,1,0,1,1,0,0,0,0,1,0,1,0,1,Dengue
0,1,1,1,0,0,0,0,1,1,0,1,1,0,1,1,1,1,1,0,1,0,1,1,1,1,Bronchitis
1,0,1,0,1,1,1,1,0,1,1,1,1,1,1,1,0,1,0,1,0,1,0,0,1,1,COVID-19
1,1,0,1,0,0,1,0,0,0,1,1,1,1,1,0,1,1,1,1,0,0,0,0,0,0,Asthma
1,0,1,1,1,0,0,0,0,1,0,1,1,0,1,1,0,1,1,0,1,1,0,0,0,1,Appendicitis
0,0,1,1,1,1,0,0,0,0,0,0,1,0,0,1,1,1,1,1,0,1,0,1,0,1,Asthma
0,0,0,1,0,1,0,0,1,0,1,1,1,0,0,0,0,0,1,1,1,0,0,1,0,1,Asthma
1,1,1,0,0,0,0,0,0,1,1,1,1,1,0,1,0,0,1,0,1,0,0,0,0,1,Hepatitis
1,0,0,0,1,0,0,1,0,0,1,1,1,0,1,1,0,0,1,1,0,0,1,0,1,1,Dengue
0,0,0,1,0,1,0,0,0,1,0,0,1,0,0,1,0,0,1,0,1,0,1,1,1,0,Food Poisoning
1,1,0,1,1,0,0,0,0,1,0,0,1,1,1,0,0,1,1,1,1,1,1,1,0,1,Influenza
1,1,1,0,0,1,0,1,1,0,0,0,0,0,1,0,1,1,0,1,1,1,0,1,1,0,Pneumonia
1,0,1,1,1,0,1,1,1,1,0,1,0,1,1,1,0,0,0,0,1,1,1,1,0,1,Conjunctivitis
1,1,0,1,1,1,0,1,0,1,1,0,0,1,0,0,1,0,1,1,0,0,1,0,1,1,Dengue
0,0,0,0,0,0,0,1,1,1,1,1,0,0,0,0,0,1,0,0,1,1,1,1,0,1,Common Cold
0,1,0,1,1,0,1,1,1,1,0,1,0,1,0,1,0,0,1,0,1,0,1,0,0,1,Tuberculosis
1,1,1,1,1,0,1,1,1,1,0,1,0,1,1,0,1,0,0,0,1,0,0,0,0,0,Bronchitis
0,1,0,0,1,0,1,0,0,1,1,1,1,1,0,0,1,1,1,1,0,0,1,0,1,0,Arthritis
1,1,1,1,0,1,1,0,0,1,0,1,0,1,0,1,0,0,0,1,1,1,1,0,1,0,Chickenpox
0,0,1,1,1,1,0,1,1,0,1,1,1,1,1,0,1,0,1,0,0,0,0,0,0,1,Gastroenteritis
0,1,0,0,0,1,1,1,1,0,1,0,0,0,0,1,1,0,0,0,1,0,1,1,0,0,Food Poisoning
1,1,1,1,0,1,0,0,1,1,1,1,1,1,0,1,0,0,0,0,0,0,1,0,0,1,Gastroenteritis
0,0,1,1,1,1,1,1,0,0,1,1,0,1,1,0,0,0,0,0,0,1,1,0,1,0,Meningitis
1,0,1,0,0,0,1,1,1,0,0,1,1,0,0,0,0,0,0,1,0,1,1,0,0,1,Malaria
1,1,1,0,0,0,1,0,1,0,1,1,1,0,0,0,1,0,0,1,1,0,0,1,1,0,Food Poisoning
1,1,1,0,0,0,0,0,0,0,0,1,0,0,1,0,0,1,1,0,0,1,0,1,1,0,Meningitis
1,0,1,1,0,1,1,0,1,0,0,0,0,1,1,1,1,1,0,1,1,0,1,1,0,0,Pneumonia
1,1,1,1,0,1,0,0,1,0,1,1,1,1,0,1,0,0,1,1,1,1,0,1,0,0,Hepatitis
1,0,1,0,0,1,1,1,0,1,1,0,1,1,1,1,0,0,1,1,1,1,1,0,1,1,Appendicitis
1,1,1,0,0,1,1,0,1,1,1,1,0,0,0,1,1,0,0,1,1,1,0,0,1,0,Tuberculosis
0,1,0,0,1,1,0,1,1,1,0,1,1,0,0,0,1,0,0,1,1,0,1,1,1,1,Bronchitis
0,0,1,1,1,0,1,1,0,0,1,1,0,1,0,1,1,1,0,1,0,0,1,1,1,1,Hepatitis
1,1,1,0,0,0,1,1,0,1,0,1,1,1,0,0,1,1,0,0,1,1,1,0,1,1,Typhoid
0,1,1,1,1,0,1,0,1,0,1,0,0,1,0,0,0,1,0,0,1,1,1,1,0,0,Asthma
1,0,1,0,0,1,0,1,1,1,0,1,0,1,0,1,1,1,0,1,1,1,0,1,1,0,Food Poisoning
0,1,1,0,1,0,0,1,1,1,0,1,1,0,1,0,1,1,1,1,0,1,1,1,0,0,Gastroenteritis
1,1,0,0,1,1,0,0,1,0,0,1,0,1,0,0,1,1,1,1,1,0,0,1,0,1,Malaria
1,0,1,0,1,1,0,0,1,1,0,0,0,0,1,1,0,1,1,0,0,0,0,1,1,1,Tuberculosis
0,1,0,0,0,1,1,0,0,0,1,1,0,0,0,0,0,0,0,1,0,0,1,0,0,1,Typhoid
1,1,0,1,1,0,0,0,1,1,1,0,1,1,1,1,0,0,0,0,1,0,1,1,1,0,Pneumonia
0,0,1,0,0,0,0,0,0,1,1,0,0,1,1,1,0,1,1,0,1,1,0,0,1,1,Malaria
1,0,0,0,1,1,0,0,0,1,1,0,0,0,1,0,0,1,0,0,0,0,1,0,1,1,Asthma
1,0,1,1,0,0,0,1,1,1,0,1,1,1,0,1,1,0,0,0,0,0,0,1,0,0,Arthritis
1,0,0,1,1,0,0,0,1,0,1,1,1,1,0,0,1,1,1,0,0,1,0,1,0,1,Hepatitis
1,1,1,0,1,0,0,0,0,0,0,0,0,1,0,0,0,0,1,1,0,0,1,0,1,0,Typhoid
1,1,1,1,1,1,1,1,0,1,1,0,0,0,1,0,1,1,1,1,1,0,1,0,0,1,Gastroenteritis
0,1,0,1,1,0,1,0,0,0,0,1,0,1,1,0,0,0,1,1,0,0,0,1,1,0,Meningitis
0,0,0,1,1,1,0,1,1,0,0,1,1,0,1,1,0,1,0,1,0,1,0,1,0,1,Dengue
0,1,1,0,1,0,0,0,0,0,0,1,0,0,0,0,0,0,0,0,0,1,1,1,1,0,Influenza
1,0,1,1,1,1,1,0,0,1,1,1,1,0,1,1,1,1,0,1,1,1,1,0,0,0,Gastroenteritis
1,0,0,1,0,0,1,1,1,0,1,0,1,0,0,0,0,1,0,0,1,1,1,0,0,0,Pneumonia
0,1,1,1,0,1,0,1,1,0,0,0,1,1,0,0,1,0,1,1,1,1,0,1,1,0,Malaria
1,1,0,1,1,0,0,1,1,1,1,0,0,1,1,1,0,0,1,1,1,1,0,1,0,0,Dengue
0,0,1,0,1,1,1,0,1,1,1,0,0,1,1,1,0,1,0,1,1,1,0,1,1,0,Pneumonia
1,1,0,0,1,1,0,1,0,1,0,1,1,0,1,0,1,1,1,1,0,1,1,1,1,0,Pneumonia
1,0,0,1,0,0,1,1,0,1,1,1,0,1,1,0,1,1,1,1,1,1,0,0,1,0,Appendicitis
0,0,0,0,0,1,1,1,0,1,1,1,0,0,1,1,0,1,0,1,1,1,1,1,1,1,UTI
1,0,0,0,1,0,0,0,0,0,1,1,1,1,1,0,1,1,1,1,0,1,1,0,1,1,Typhoid
0,0,1,0,0,0,0,0,1,1,0,1,1,0,1,1,0,1,1,0,0,0,1,1,1,0,Heart Disease
1,1,1,1,1,0,1,0,1,1,0,0,1,1,0,0,1,0,0,0,1,0,0,1,0,0,Malaria
1,1,1,1,1,1,1,1,1,0,0,0,1,1,0,1,0,1,0,1,0,1,1,0,0,1,Gastroenteritis
0,0,0,0,1,0,1,1,1,0,1,0,1,1,1,0,1,0,1,1,1,1,0,1,1,0,Food Poisoning
1,0,0,0,0,0,1,0,1,1,0,1,1,1,1,1,0,0,1,1,0,1,0,1,0,0,Hepatitis
1,1,1,1,1,1,1,0,0,0,1,0,1,1,0,0,1,0,1,1,1,1,1,1,0,0,Meningitis
0,0,0,0,0,0,0,1,0,1,0,1,0,0,0,1,1,1,0,1,1,1,1,1,1,1,Gastroenteritis
1,0,0,1,1,0,0,0,1,0,1,0,0,0,1,1,1,0,1,1,1,1,0,0,1,1,Food Poisoning
1,1,1,0,1,1,0,0,1,1,0,0,0,1,0,1,0,0,1,1,1,1,0,1,0,1,UTI
1,1,1,1,0,1,1,1,1,1,1,0,1,1,1,1,1,0,0,0,0,0,1,0,1,0,Bronchitis
1,0,1,1,1,0,1,1,0,1,1,0,1,1,0,1,0,1,1,1,0,1,0,1,1,0,Food Poisoning
0,0,0,0,0,1,0,1,0,1,1,0,1,0,0,1,1,0,0,1,1,0,1,0,1,1,Gastroenteritis
0,0,1,0,1,0,0,1,0,1,0,1,0,1,1,1,1,1,0,1,0,0,1,1,0,0,Hepatitis
0,1,0,1,1,0,0,0,1,1,1,1,0,1,1,1,1,1,0,0,0,1,0,1,0,0,Chickenpox
0,0,1,1,0,1,1,1,0,1,0,1,1,1,1,1,0,1,0,0,0,1,1,1,0,1,Bronchitis
1,1,0,0,0,0,1,1,0,0,0,0,0,0,0,0,1,1,1,0,0,0,0,1,0,1,Bronchitis
0,1,0,0,0,1,1,0,1,1,1,0,1,0,1,0,0,1,1,1,1,1,1,1,0,0,Gastroenteritis
1,0,0,0,0,1,1,1,0,0,1,0,0,0,0,1,0,1,0,0,0,0,0,0,1,1,Asthma
1,0,0,1,1,0,0,1,0,1,0,1,0,0,0,1,0,0,1,0,0,0,1,1,1,1,Common Cold
1,0,1,1,1,1,1,1,0,0,1,0,0,0,1,0,1,0,1,1,1,0,1,0,1,1,UTI
1,1,1,0,0,1,1,1,1,1,0,0,1,1,1,0,0,1,1,1,1,0,1,0,0,0,Bronchitis
1,0,1,0,1,0,1,0,0,1,0,1,1,1,0,0,1,1,0,0,0,1,1,1,0,0,Typhoid
1,1,0,1,1,1,0,1,0,1,1,0,1,1,0,1,0,1,1,0,0,1,0,0,0,1,COVID-19
0,1,0,0,0,1,1,0,1,1,1,1,0,1,0,1,1,1,1,1,1,1,0,1,1,0,Dengue
1,0,1,0,1,1,0,1,0,1,0,1,0,0,1,0,0,0,0,0,1,0,1,1,1,0,Hepatitis
1,0,1,0,1,1,1,1,1,1,0,0,0,1,0,0,0,0,1,0,0,1,0,0,1,1,Appendicitis
1,0,0,0,0,0,0,0,1,0,1,0,0,1,0,1,0,1,1,0,0,1,0,0,0,1,Conjunctivitis
1,0,0,0,0,0,0,0,1,0,1,1,0,1,0,0,0,1,1,0,1,0,1,1,0,1,Asthma
0,1,0,1,1,0,1,1,1,0,1,1,0,0,0,1,1,0,0,0,0,1,0,1,1,0,Influenza
1,1,1,0,0,1,1,1,1,1,1,1,0,0,1,0,0,0,0,1,1,0,0,1,1,0,Asthma
0,1,0,0,1,0,1,0,0,0,0,0,1,1,0,0,0,0,1,0,1,1,1,0,1,1,Appendicitis
0,0,0,1,1,1,1,1,0,1,0,0,1,0,0,1,1,1,0,1,1,0,0,0,0,0,Malaria
0,1,1,1,1,1,0,1,1,1,0,0,1,1,1,1,1,0,1,0,0,1,0,1,0,0,Typhoid
1,0,1,1,1,0,1,0,1,0,1,0,0,0,1,1,1,1,0,1,1,0,0,1,1,1,Gastroenteritis
1,0,1,1,0,0,1,0,0,1,0,1,0,1,1,1,0,0,1,1,1,1,1,0,1,1,Conjunctivitis
0,0,0,1,1,1,0,1,0,0,1,1,0,0,1,0,1,1,0,1,1,0,0,0,0,1,Conjunctivitis
0,0,0,1,1,0,0,1,1,1,0,0,1,1,1,0,1,0,0,0,1,0,1,1,1,1,Pneumonia
0,0,1,1,0,0,1,1,0,1,1,0,1,1,0,0,0,0,1,1,0,0,0,1,1,1,Conjunctivitis
0,1,1,1,0,0,1,0,1,1,0,1,0,0,0,1,0,0,0,1,1,0,0,0,0,1,Chickenpox
0,1,1,0,1,1,1,0,1,0,1,1,1,1,0,1,0,1,0,1,0,1,0,1,0,1,Influenza
0,0,1,1,1,1,0,1,1,1,0,0,1,0,1,1,1,0,1,0,0,1,0,0,0,1,Typhoid
0,0,1,0,1,1,1,1,1,0,0,1,0,0,0,0,1,1,0,0,0,0,0,1,0,0,Hepatitis
1,0,0,0,1,1,0,0,1,0,1,1,0,0,0,0,0,1,0,0,1,0,0,1,0,1,Appendicitis
0,0,1,0,0,0,1,0,0,1,0,1,1,1,0,1,1,0,1,1,0,0,0,1,1,0,Arthritis
1,0,1,1,0,0,1,1,1,0,1,0,1,1,1,0,0,1,0,0,1,1,1,1,1,0,Tuberculosis
1,1,1,1,0,0,1,1,0,0,1,1,0,0,0,1,1,0,1,0,1,1,0,1,1,1,Dengue
0,1,0,1,1,0,1,0,1,0,0,0,1,1,1,0,0,0,1,0,0,0,0,1,1,0,Dengue
0,0,0,1,0,1,0,0,1,0,1,1,1,1,0,0,0,1,0,1,0,1,1,0,1,1,Pneumonia
0,0,1,0,0,1,0,0,1,1,0,0,1,1,1,0,0,1,1,1,1,1,0,1,1,1,Migraine
0,1,1,1,0,1,1,1,1,0,1,0,0,0,0,0,1,1,0,1,0,0,0,0,0,1,COVID-19
0,1,1,1,1,1,0,1,0,0,1,1,1,0,1,0,0,0,0,0,1,1,1,0,0,0,Malaria
0,0,0,1,1,0,1,1,0,0,0,0,1,0,1,0,1,1,0,1,0,1,0,1,0,1,COVID-19
0,0,1,0,0,0,0,1,0,1,0,0,0,0,0,1,0,1,0,0,1,0,0,0,1,1,UTI
0,0,1,0,1,1,0,0,0,1,0,0,1,1,0,0,1,0,0,1,1,0,0,1,0,1,Tuberculosis
0,0,1,1,0,0,1,1,1,0,1,0,1,1,0,1,1,1,0,0,0,0,0,0,1,1,Appendicitis
1,1,1,0,0,0,1,0,0,0,0,1,0,0,1,1,0,0,0,0,0,1,1,1,0,0,Bronchitis
0,0,0,0,1,0,1,1,1,0,0,0,0,0,1,0,0,0,0,1,0,1,1,1,0,0,Appendicitis
1,1,0,0,1,0,1,1,1,0,1,1,0,1,1,1,0,1,1,1,1,0,1,1,1,1,Arthritis
0,0,1,0,1,1,1,0,0,1,1,0,1,1,0,1,0,0,1,1,0,0,0,1,1,1,Appendicitis
0,1,0,0,0,0,1,1,0,0,1,0,0,0,0,0,0,1,1,1,1,1,0,0,0,1,Food Poisoning
0,1,1,1,1,0,0,1,0,1,0,1,0,0,1,1,0,1,1,0,1,0,0,1,0,1,Meningitis
1,0,0,0,0,0,0,0,1,0,1,1,1,0,1,1,1,0,1,0,1,0,0,1,0,0,Bronchitis
1,0,1,0,0,1,0,0,0,1,0,1,1,0,1,0,1,0,0,0,1,0,0,0,0,0,Heart Disease
1,0,0,0,0,0,1,0,0,1,0,0,1,0,0,1,0,0,1,0,0,1,1,0,0,0,Influenza
0,1,0,0,1,0,1,0,1,0,1,1,0,1,0,1,1,1,1,0,0,1,0,0,0,1,Tuberculosis
1,1,1,0,1,0,1,0,1,1,1,1,1,1,0,0,1,1,1,0,1,1,1,0,0,0,Chickenpox
1,1,0,1,0,0,0,1,0,0,0,0,1,0,1,0,0,0,0,0,0,0,1,1,1,1,Common Cold
0,1,0,1,1,0,0,1,0,0,0,1,1,1,0,1,1,1,0,1,0,0,0,0,1,1,Migraine
1,1,0,0,1,1,1,1,1,1,1,1,1,1,1,1,0,1,1,1,0,1,0,1,0,1,Malaria
0,1,0,0,0,1,1,1,0,1,0,0,0,0,0,1,1,0,1,0,0,0,1,0,0,0,Arthritis
0,1,0,0,1,1,1,1,0,0,0,0,1,0,0,0,0,1,0,0,0,0,1,1,1,0,Conjunctivitis
1,1,0,0,1,0,0,0,1,1,1,1,0,1,0,1,1,0,0,0,1,1,0,1,0,1,Gastroenteritis
1,0,0,1,0,1,1,1,1,1,0,1,1,0,1,0,0,1,1,1,1,1,1,1,0,1,Hepatitis
0,1,0,1,1,1,1,0,1,0,1,1,0,1,0,1,1,1,0,1,0,1,1,0,0,0,Food Poisoning
1,1,1,1,1,0,0,0,1,0,1,0,0,1,1,1,1,1,1,1,1,0,0,0,1,0,Pneumonia
1,0,1,1,1,1,0,0,0,0,1,0,1,0,0,0,1,0,1,1,0,0,0,1,0,0,COVID-19
1,0,1,0,0,0,0,1,0,1,0,1,0,1,1,0,1,1,0,0,1,0,0,0,1,1,Arthritis
0,1,0,0,0,1,0,1,1,1,1,1,1,1,1,1,0,1,0,1,0,0,1,1,1,0,Conjunctivitis
1,1,0,0,1,1,1,1,1,0,1,1,1,1,0,1,1,0,1,1,1,1,1,1,0,0,Migraine
1,0,1,0,1,0,1,1,0,0,1,0,0,0,0,1,1,0,1,1,0,1,0,0,0,0,Dengue
0,1,1,0,1,1,1,1,1,1,1,0,1,0,0,1,1,0,0,0,1,1,1,0,0,0,Chickenpox
1,0,0,0,0,1,1,0,0,1,1,0,1,0,1,0,0,1,1,0,1,1,1,0,0,1,Heart Disease
1,1,1,1,1,0,1,0,0,0,0,0,1,0,1,0,0,0,0,0,1,0,1,1,0,0,Gastroenteritis
0,0,1,1,0,0,1,0,0,0,0,0,1,0,0,0,1,0,0,0,1,0,1,1,1,0,Typhoid
1,0,0,0,0,1,0,1,1,0,0,0,0,1,1,0,1,0,0,1,0,1,1,0,0,0,UTI
0,0,0,0,1,0,1,0,0,1,1,1,1,0,1,0,0,1,1,0,0,1,0,1,0,1,Chickenpox
0,1,0,1,0,0,1,1,0,0,0,0,1,1,0,1,0,0,0,1,0,1,1,1,0,0,Food Poisoning
0,1,0,1,1,1,1,1,0,0,0,0,0,0,1,0,1,0,0,0,1,1,1,1,1,0,Conjunctivitis
1,0,1,0,0,1,1,1,1,0,1,1,1,1,1,1,0,1,1,0,1,0,1,0,1,1,Malaria
0,1,1,1,0,0,0,0,1,0,0,0,1,1,0,0,1,0,0,1,0,1,0,0,0,0,Appendicitis
0,1,1,0,0,0,0,0,0,1,0,0,0,1,0,1,0,0,0,1,0,1,0,0,1,1,UTI
1,0,1,1,1,1,1,1,0,1,0,0,1,0,1,0,0,1,1,1,1,1,0,1,1,1,Heart Disease
1,0,1,1,0,0,1,0,1,0,0,0,1,1,0,0,0,0,0,0,0,0,0,1,1,0,Dengue
1,1,0,0,1,1,0,1,1,0,0,1,1,0,0,0,0,1,0,0,0,1,0,0,0,0,Bronchitis
0,1,0,0,1,0,0,1,0,0,1,1,1,0,1,0,0,1,0,1,0,1,1,1,0,0,Tuberculosis
1,0,1,1,0,1,0,0,1,0,0,0,0,0,1,0,0,1,1,1,1,1,0,0,1,0,Common Cold
1,1,0,1,0,1,1,1,0,0,0,0,1,1,0,0,0,1,0,1,0,1,1,1,0,0,UTI
1,0,0,0,1,1,1,0,0,0,1,0,0,1,1,0,0,0,1,1,1,1,0,0,0,0,Arthritis
1,1,0,0,0,1,1,1,1,1,0,1,0,0,0,1,1,0,1,1,0,1,0,1,1,1,Arthritis
1,0,0,1,1,0,0,1,0,1,1,1,1,0,1,1,0,0,1,0,0,1,1,0,0,1,Tuberculosis
0,0,0,1,0,1,0,1,0,1,1,0,1,0,1,1,0,1,0,1,1,0,1,1,1,1,Asthma
0,1,1,0,1,1,0,0,1,1,1,1,1,1,0,1,1,1,0,1,1,1,0,0,0,1,Appendicitis
0,1,0,1,1,1,1,0,1,1,0,0,1,1,1,1,1,0,0,1,1,1,0,1,0,0,UTI
0,0,1,0,0,0,0,0,0,1,0,0,1,0,1,0,0,1,0,1,1,0,1,0,0,0,Dengue
1,1,0,0,0,0,0,0,1,0,1,0,0,1,1,1,1,1,0,1,1,1,0,1,1,0,Arthritis
0,0,1,0,1,0,1,1,1,1,0,1,0,0,0,1,0,1,0,1,1,0,0,0,1,1,Chickenpox
0,0,0,0,1,0,0,1,1,1,0,1,1,1,1,0,0,1,0,1,1,1,1,1,0,0,Asthma
0,1,0,0,1,0,0,1,0,0,0,0,1,0,1,1,0,0,0,0,1,1,0,1,0,0,Chickenpox
1,0,0,0,0,1,1,0,0,0,0,0,1,1,1,1,1,1,1,1,0,0,1,0,1,1,Pneumonia
1,1,0,0,1,1,1,0,1,0,0,0,0,1,0,0,1,1,0,1,1,0,0,0,0,0,Pneumonia
0,0,0,0,0,1,1,0,1,0,1,1,0,0,1,1,0,0,0,1,0,1,0,0,1,1,Heart Disease
1,1,0,1,1,1,0,0,0,0,0,1,0,1,0,0,1,1,0,1,0,0,1,1,0,1,Food Poisoning
1,0,1,0,1,1,1,0,1,1,1,0,1,0,1,0,1,1,0,1,1,1,0,0,1,1,Asthma
0,1,1,1,0,1,1,1,0,1,0,0,0,0,1,1,0,1,0,1,0,1,1,1,1,1,Hepatitis
1,1,0,0,1,1,0,1,0,0,1,1,0,1,0,0,0,1,1,1,1,0,1,0,0,0,Pneumonia
0,1,1,1,0,1,0,0,0,1,0,0,0,0,1,0,1,1,1,1,1,0,0,0,1,0,Pneumonia
0,1,1,0,1,1,0,0,1,0,1,1,0,1,1,0,0,1,1,0,1,1,1,0,1,0,Meningitis
1,1,1,1,0,0,0,1,1,1,0,0,0,0,0,0,0,1,1,1,0,1,1,1,0,1,Influenza
1,1,1,0,1,1,0,0,1,0,1,1,0,0,1,0,0,1,1,1,1,0,1,1,1,1,Gastroenteritis
0,0,1,0,1,1,0,0,1,0,1,1,0,1,0,1,1,0,0,1,0,1,1,1,0,0,Pneumonia
0,0,0,0,1,0,1,0,1,1,1,1,0,1,1,0,1,1,1,0,0,0,0,0,0,1,Appendicitis
0,1,1,1,1,1,0,0,1,0,0,1,1,1,1,1,0,1,1,0,1,1,0,0,1,1,Typhoid
1,0,1,0,0,1,1,0,0,0,1,0,1,0,1,1,1,0,0,0,0,1,1,0,1,1,Appendicitis
0,1,1,0,0,0,0,1,1,0,1,0,1,1,0,0,0,0,1,0,0,0,1,1,0,1,Bronchitis
0,1,1,0,0,1,0,0,0,0,1,1,1,0,1,1,0,1,0,0,1,0,1,0,1,1,Arthritis
1,1,1,1,1,1,1,1,0,0,1,0,0,0,1,0,1,1,0,0,0,1,0,0,0,0,UTI
1,0,0,0,0,1,1,0,0,1,0,0,1,1,1,0,0,1,1,0,1,0,1,1,0,0,Gastroenteritis
1,0,0,1,1,1,1,1,1,1,0,1,1,0,0,0,1,1,0,0,0,0,1,1,1,1,Gastroenteritis
1,1,1,0,1,0,0,0,1,1,0,0,0,0,1,1,0,0,1,0,0,1,0,0,0,0,Chickenpox
1,0,1,0,1,0,1,0,0,0,1,1,1,0,1,0,1,1,0,0,0,1,1,0,0,1,Migraine
1,1,0,1,0,0,0,1,0,0,1,1,1,1,0,1,0,1,1,0,1,1,1,1,0,0,Gastroenteritis
0,1,0,1,0,1,1,0,1,0,0,1,0,0,0,0,0,1,0,0,0,0,0,1,0,0,Asthma
1,0,0,0,1,1,0,1,0,1,0,1,1,1,1,1,0,0,1,1,1,1,1,0,1,1,Asthma
1,1,0,1,0,0,1,0,0,0,1,0,1,1,0,0,0,0,0,0,0,0,1,1,1,1,Influenza
1,0,0,1,0,0,1,1,0,0,1,1,1,0,1,1,1,0,1,1,1,0,1,1,1,0,UTI
1,0,0,0,0,1,1,1,1,1,0,1,0,0,0,1,0,0,0,1,0,0,0,1,0,0,Asthma
1,1,0,0,1,1,0,0,0,0,1,1,0,0,0,0,1,1,0,0,0,1,0,0,1,1,Chickenpox
0,1,0,0,0,1,0,0,1,0,1,0,0,0,0,1,1,0,1,1,1,0,0,0,1,1,Migraine
1,0,1,1,1,0,0,0,0,0,1,1,0,0,1,0,1,1,1,0,0,0,0,0,0,0,COVID-19
1,1,1,1,0,1,1,0,1,0,0,1,0,1,1,1,0,0,1,0,0,1,1,1,1,1,COVID-19
0,1,1,1,1,1,0,0,1,0,0,0,0,1,0,0,0,0,1,1,0,1,1,1,1,0,UTI
1,1,0,1,1,1,0,1,0,0,1,1,1,1,1,0,1,0,0,1,0,0,0,0,1,0,Arthritis
0,0,1,1,1,1,1,0,0,0,0,1,0,0,0,1,1,1,1,1,1,0,1,1,1,1,Malaria
0,0,0,1,0,1,1,1,0,0,0,1,0,1,0,0,0,0,0,0,1,1,0,0,0,1,Influenza
0,0,0,1,1,0,1,1,1,1,0,0,0,0,1,1,0,1,1,1,0,1,1,1,1,1,Gastroenteritis
1,0,0,0,0,0,1,1,0,0,0,0,1,0,0,1,1,1,0,0,1,1,1,0,1,0,Bronchitis
1,1,1,0,1,0,0,0,1,0,1,0,0,1,1,1,1,0,1,0,1,1,0,0,0,1,Conjunctivitis
1,0,1,1,1,0,1,1,1,1,0,0,1,0,0,0,1,0,0,0,1,1,0,0,1,0,UTI
1,1,1,1,0,0,1,0,1,1,1,1,0,0,1,0,1,0,1,1,0,0,1,1,1,0,Bronchitis
0,0,1,0,1,0,1,0,1,0,0,1,0,1,1,0,0,1,0,0,1,0,0,1,1,1,Gastroenteritis
0,1,1,0,1,0,1,1,1,1,1,1,0,0,0,1,1,1,0,0,0,0,0,0,1,1,Appendicitis
1,0,0,1,1,1,1,0,0,1,1,0,0,0,1,0,1,1,1,1,1,1,1,0,0,1,Pneumonia
0,0,1,1,1,0,1,1,0,0,0,0,0,0,0,1,0,1,1,0,1,0,0,0,1,1,Dengue
0,1,1,0,1,1,0,1,0,0,0,1,0,0,0,1,1,0,0,0,1,1,0,0,1,0,Arthritis
1,1,1,1,1,0,0,0,1,0,1,1,1,1,0,1,1,0,1,0,1,1,0,1,1,0,Pneumonia
1,1,1,0,0,0,0,1,0,0,0,0,0,1,1,0,1,0,0,1,1,0,0,0,1,1,Conjunctivitis
0,1,0,1,1,0,1,1,0,0,1,1,0,1,0,1,0,0,0,1,0,1,0,1,1,0,Arthritis
1,0,1,0,1,0,1,1,1,0,0,1,1,0,1,1,1,0,1,1,0,1,1,0,0,1,Meningitis
1,0,1,1,1,1,0,0,0,1,0,1,1,0,1,0,0,1,1,0,0,0,1,1,0,1,Malaria
1,1,0,1,1,0,1,1,0,0,1,1,0,0,0,1,1,1,0,1,0,0,0,1,1,1,Meningitis
0,0,0,0,1,1,0,1,1,0,1,1,1,1,0,0,1,0,0,0,0,0,0,0,0,0,Bronchitis
1,1,1,1,0,1,0,1,0,0,1,1,1,0,0,0,0,0,0,1,0,0,1,1,1,1,Common Cold
0,0,1,0,1,0,1,1,1,1,1,0,0,1,1,1,1,1,1,0,0,0,1,1,1,1,Asthma
0,1,0,0,0,0,1,1,1,1,1,0,1,0,1,1,0,0,0,0,1,1,0,1,0,1,Bronchitis
0,0,1,0,1,1,1,0,0,0,0,0,1,0,0,1,1,1,0,0,0,1,0,1,1,0,Heart Disease
1,1,1,1,1,0,0,1,1,0,1,0,0,0,1,1,0,1,1,1,1,0,0,1,0,1,COVID-19
0,0,0,1,0,0,0,0,1,1,1,0,0,1,1,0,0,0,0,0,1,0,0,0,0,0,Common Cold
0,0,1,0,1,1,0,1,0,1,1,1,0,1,0,1,1,0,1,1,0,0,1,0,0,0,UTI
1,0,0,1,1,1,0,0,0,0,0,0,0,0,0,1,0,0,1,1,0,1,0,1,0,0,Meningitis
0,1,0,1,0,0,0,1,1,1,0,0,1,0,0,0,0,0,1,0,0,1,1,0,0,1,Asthma
1,0,1,1,0,1,0,0,0,1,1,1,0,0,0,1,1,1,0,0,0,0,1,0,1,1,Pneumonia
0,1,0,0,1,1,1,0,0,0,0,1,1,0,1,1,0,1,0,1,0,1,1,0,0,1,COVID-19
1,1,1,0,1,0,0,0,0,0,1,0,1,0,0,0,1,0,0,0,1,0,0,0,0,0,Dengue
1,0,1,0,1,1,1,1,1,0,1,0,0,0,1,0,0,1,0,0,1,1,1,1,1,1,Appendicitis
0,0,1,0,1,1,1,0,1,0,1,1,0,0,0,0,0,0,0,1,1,0,1,0,0,1,Chickenpox
1,1,0,1,0,0,1,0,0,1,1,0,1,1,1,1,0,0,0,1,1,1,1,1,0,1,Chickenpox
0,1,1,1,1,1,1,0,1,0,1,1,0,0,1,1,0,0,1,0,0,1,0,0,1,1,Bronchitis
0,0,0,0,0,1,1,0,0,0,0,1,0,1,0,1,0,1,1,1,0,1,0,1,0,0,Influenza
1,1,0,1,0,1,0,1,0,1,0,0,0,0,1,0,0,1,0,1,1,0,0,0,0,1,Food Poisoning
1,1,0,1,1,0,1,0,1,1,0,0,0,1,1,0,1,0,1,1,1,0,0,1,1,0,Malaria
0,1,0,0,0,1,1,1,1,1,0,1,0,1,0,0,1,0,1,1,1,1,0,1,1,1,Typhoid
0,0,0,1,1,0,1,1,0,0,0,1,1,1,1,0,1,1,0,0,0,0,1,1,1,1,Dengue
0,0,1,1,1,1,0,0,0,0,0,0,1,1,1,0,0,1,1,0,0,1,0,1,0,1,Tuberculosis
0,0,1,1,0,1,1,1,1,1,0,0,0,0,0,1,1,0,1,0,0,1,0,0,0,0,Asthma
1,0,0,1,1,1,1,0,0,0,0,0,0,1,0,0,1,0,1,0,0,1,1,1,0,1,COVID-19
0,1,1,1,0,0,0,0,0,1,0,1,0,0,1,1,1,1,1,0,1,0,1,1,0,1,Hepatitis
0,1,0,1,1,1,0,0,1,0,0,0,0,0,0,0,1,1,0,0,1,1,1,1,0,0,Heart Disease
1,0,0,0,0,1,0,0,1,0,1,0,1,0,0,0,1,1,0,0,1,1,1,0,1,1,Gastroenteritis
1,0,1,0,1,1,0,1,0,0,1,0,1,1,1,1,0,0,0,0,1,1,0,1,0,1,Heart Disease
0,0,1,1,0,1,1,1,1,0,1,0,0,0,0,1,0,0,0,1,1,0,1,0,0,0,Appendicitis
1,0,0,1,0,1,0,0,1,0,1,1,1,1,0,0,1,0,1,1,0,0,0,0,0,0,COVID-19
1,1,1,0,1,0,0,1,1,0,0,1,0,0,0,0,1,0,1,1,1,1,0,0,0,0,Food Poisoning
0,0,1,0,1,0,0,1,1,1,0,0,1,0,1,0,1,0,1,1,1,1,1,0,0,1,Chickenpox
1,0,0,1,1,0,1,1,1,1,0,0,1,0,0,1,1,1,0,0,0,0,0,1,0,0,Malaria
1,1,0,1,0,1,0,0,1,0,1,0,1,1,1,1,0,1,0,1,0,0,0,0,0,0,Conjunctivitis
1,0,0,1,1,0,0,1,1,1,1,0,0,0,0,0,0,0,1,1,1,1,0,1,0,0,Common Cold
0,1,1,0,0,1,0,0,0,1,0,1,0,1,1,0,1,0,1,1,0,0,0,1,1,1,Appendicitis
1,1,0,0,0,0,1,0,0,1,0,0,1,1,0,1,0,1,1,1,0,1,0,1,1,0,Meningitis
1,0,0,1,1,1,1,0,1,1,1,0,1,1,1,0,1,1,0,1,0,0,1,0,1,1,Common Cold
0,1,0,1,0,1,1,0,1,0,0,0,1,0,0,0,0,0,1,1,1,1,0,1,0,1,Hepatitis
0,0,1,1,0,0,0,1,0,0,0,1,0,0,0,0,1,0,1,0,0,1,1,1,0,0,Dengue
0,1,0,0,1,1,1,1,1,1,1,0,1,1,0,0,0,1,0,1,0,1,0,0,0,1,Malaria
1,0,0,0,0,0,1,1,0,0,1,1,1,1,0,1,0,1,1,1,0,0,0,0,1,0,Conjunctivitis
1,0,0,0,1,0,1,0,1,1,0,0,1,0,0,0,1,1,1,0,0,1,1,1,1,1,Conjunctivitis
1,0,0,1,0,0,1,1,0,1,1,0,1,0,1,1,0,0,0,1,1,0,1,1,1,0,Malaria
0,0,1,0,0,1,1,0,0,1,1,0,0,1,1,0,0,0,0,0,1,1,1,1,1,1,Heart Disease
0,0,0,1,1,0,0,0,0,0,0,0,0,0,1,0,0,1,1,1,1,1,1,0,1,0,Hepatitis
1,1,1,0,1,1,1,0,0,0,1,0,1,1,1,1,0,1,1,1,1,1,0,0,1,0,Heart Disease
0,0,1,1,1,0,0,0,0,1,1,0,0,1,0,0,1,0,0,0,1,1,0,1,0,0,UTI
1,1,1,0,1,0,1,1,1,1,1,0,1,1,1,0,0,1,0,1,0,1,0,1,0,0,Asthma
1,0,1,0,0,0,1,0,0,1,1,0,1,1,0,0,0,0,1,1,1,0,1,1,0,1,Typhoid
0,1,0,0,0,1,1,0,1,0,0,1,0,0,1,0,0,0,0,1,0,0,1,1,0,0,Meningitis
1,0,0,1,0,1,0,1,1,1,1,1,0,0,0,1,1,0,0,1,0,1,0,0,0,0,Conjunctivitis
1,1,0,1,1,0,0,0,1,1,0,0,1,1,1,1,1,1,1,0,0,1,0,0,0,1,Chickenpox
1,1,1,1,0,0,1,1,0,0,0,1,1,1,1,0,1,1,1,1,0,0,0,1,0,1,Gastroenteritis
1,0,1,1,1,0,1,1,1,0,1,0,0,1,1,0,0,0,0,0,1,1,0,1,0,1,Meningitis
1,1,0,1,0,1,0,0,0,1,1,0,1,1,1,1,0,0,1,0,1,1,1,0,0,1,Common Cold
0,0,1,1,0,0,0,0,1,0,0,1,0,1,1,1,1,1,1,1,0,1,1,1,1,0,Influenza
1,1,1,0,1,1,1,1,1,1,0,1,1,0,0,1,1,0,1,0,0,0,1,0,0,0,Malaria
1,1,1,1,1,0,0,1,0,1,1,1,1,0,1,0,0,0,1,1,1,1,0,0,0,1,Arthritis
1,1,1,1,1,1,0,0,0,0,1,1,1,0,0,0,0,1,1,1,1,1,1,1,1,1,Gastroenteritis
0,0,0,0,0,0,1,0,1,1,0,1,0,0,0,0,1,0,0,0,1,0,0,1,1,1,Influenza
0,0,1,1,0,1,1,1,0,1,0,0,0,1,0,1,0,1,0,0,0,1,1,1,0,1,Tuberculosis
1,1,1,1,1,1,0,1,0,0,0,1,1,1,0,1,1,0,1,1,1,1,1,0,1,0,COVID-19
0,0,0,0,0,1,1,0,1,0,0,1,0,1,1,0,1,0,0,1,0,1,0,0,0,1,Appendicitis
1,0,0,1,1,0,0,0,1,0,0,0,0,0,0,0,1,0,0,0,0,0,1,0,1,1,Appendicitis
1,1,1,0,1,1,0,0,0,1,0,1,0,0,1,0,1,1,1,1,0,0,0,1,0,1,Heart Disease
0,1,0,0,0,1,1,0,0,1,1,1,0,1,1,1,0,1,0,0,0,0,1,0,0,0,Arthritis
0,0,1,1,0,0,0,1,0,1,0,1,0,1,1,0,0,0,0,0,1,1,0,0,0,1,Pneumonia
0,1,0,0,0,0,0,0,1,0,0,0,1,1,0,0,0,1,0,0,1,0,1,1,1,0,Food Poisoning
1,1,0,1,1,1,1,0,1,0,1,1,1,1,1,1,1,1,1,0,1,1,0,0,1,0,Common Cold
0,1,1,1,1,0,1,0,0,0,1,1,1,0,1,0,1,1,1,1,0,0,1,1,1,1,Common Cold
0,0,0,0,0,1,1,1,0,1,1,0,0,0,1,0,0,1,0,1,0,0,1,1,1,0,Food Poisoning
1,0,0,1,1,1,1,0,0,1,1,1,0,1,0,1,0,0,0,1,0,1,1,0,1,0,Malaria
1,0,0,0,0,1,0,0,1,1,0,0,0,1,1,0,1,1,0,0,0,0,0,1,1,1,Influenza
0,0,0,0,1,1,1,1,1,0,0,0,1,0,0,0,0,1,1,1,1,0,1,0,1,0,Dengue
0,0,1,1,1,0,0,0,1,0,1,0,0,1,0,1,1,1,1,0,0,0,1,0,0,0,Common Cold
0,1,1,1,0,1,0,0,1,1,0,0,0,0,1,0,1,0,1,0,0,1,1,0,0,0,Common Cold
1,1,0,1,1,1,0,0,0,1,0,1,0,0,1,0,0,0,1,0,1,0,0,0,0,1,Migraine
0,0,1,0,0,0,0,1,0,0,0,0,0,1,1,1,0,0,1,0,0,0,1,0,1,0,Food Poisoning
1,0,0,0,0,0,1,1,1,1,0,1,1,1,0,1,1,1,1,1,1,1,1,0,0,0,Appendicitis
0,1,0,0,1,0,0,1,1,1,1,1,0,0,0,0,1,1,1,1,1,1,0,0,1,1,Chickenpox
0,1,0,0,0,0,0,0,0,1,0,0,0,1,1,1,0,0,0,0,1,1,1,1,0,0,Gastroenteritis
0,1,0,0,1,1,1,1,1,0,1,1,0,1,1,0,1,1,0,0,1,1,1,0,1,0,Heart Disease
0,1,1,1,1,1,1,1,1,1,0,1,0,1,1,0,0,0,1,1,0,1,0,1,0,0,Chickenpox
0,1,0,0,1,0,0,0,1,1,0,0,1,1,1,1,0,1,0,0,0,1,0,0,1,0,Appendicitis
0,1,1,1,1,1,0,1,1,0,1,0,0,1,0,0,1,1,1,0,1,0,0,1,0,0,Bronchitis
1,1,0,0,1,1,0,1,1,1,1,0,0,0,0,1,0,0,0,1,1,0,0,0,0,1,Meningitis
0,0,1,0,1,0,0,0,1,0,0,0,0,0,1,0,0,1,0,0,0,1,0,1,1,0,Pneumonia
0,1,0,1,0,1,0,0,1,1,1,1,0,0,1,1,1,1,1,1,1,0,1,1,0,0,Food Poisoning
0,0,0,1,0,0,1,1,0,0,1,1,1,1,1,1,1,1,0,0,0,0,1,0,1,0,Food Poisoning
1,0,1,1,1,0,0,1,1,0,0,1,0,0,0,1,1,1,0,0,1,1,1,1,0,0,Arthritis
1,1,0,0,1,0,0,0,1,0,1,0,1,1,1,1,0,0,0,1,0,0,0,0,1,0,Influenza
0,0,1,0,1,1,1,0,1,0,1,0,1,0,0,1,0,1,0,0,0,1,1,1,0,0,UTI
0,1,1,1,1,0,1,1,0,1,0,0,1,1,1,0,0,1,0,0,0,1,1,0,1,0,UTI
0,1,1,0,1,0,1,0,0,1,1,0,0,0,1,1,1,0,0,0,1,0,0,1,1,0,Malaria
1,1,0,1,0,1,0,0,0,1,0,0,1,0,1,0,1,1,0,0,0,0,0,1,0,1,Food Poisoning
1,0,1,0,0,1,1,0,0,0,0,1,1,1,0,1,0,0,1,1,0,1,0,1,1,1,Appendicitis
0,1,1,0,0,0,0,0,1,0,1,1,1,0,1,0,1,1,0,1,0,0,0,1,0,0,Conjunctivitis
0,0,1,0,0,0,0,1,0,0,0,1,0,1,1,0,0,0,0,1,1,1,0,0,0,1,UTI
1,1,0,0,1,1,0,1,1,1,1,1,0,1,0,0,0,1,0,0,1,1,1,1,0,0,Pneumonia
1,0,1,1,1,1,1,1,0,0,0,0,0,0,1,1,0,1,0,1,0,0,0,0,1,0,Typhoid
0,0,1,1,0,0,0,1,0,0,0,0,1,1,1,1,1,1,0,1,1,0,0,0,0,1,Hepatitis
1,0,1,1,0,0,0,0,0,1,1,0,0,1,0,0,0,1,1,1,1,0,1,0,0,1,COVID-19
1,1,0,1,0,0,0,1,1,0,0,1,1,1,1,1,1,0,1,1,1,0,1,0,0,1,Dengue
0,0,0,1,0,1,0,1,0,1,1,0,1,1,1,1,1,0,0,1,0,1,1,1,0,0,Chickenpox
1,0,0,1,1,0,1,0,1,1,0,0,0,1,0,1,0,0,0,0,0,1,1,1,1,1,Gastroenteritis
1,0,1,1,1,1,1,1,0,1,0,1,0,0,1,1,1,1,0,1,1,1,1,0,0,0,Common Cold
0,1,1,0,1,0,0,1,0,0,1,0,1,1,0,1,1,1,0,0,1,0,1,1,0,1,Migraine
0,1,1,1,0,0,0,1,0,1,1,0,1,1,0,1,0,0,1,1,1,0,1,1,1,0,Food Poisoning
1,1,1,1,0,0,0,1,0,1,0,0,1,0,0,0,1,0,1,0,0,0,0,1,0,1,Appendicitis
0,0,0,0,0,1,0,0,1,1,1,0,0,0,0,0,1,0,1,0,1,1,0,0,1,1,Appendicitis
1,0,1,1,0,0,1,1,0,1,0,1,0,0,1,0,0,0,0,1,1,1,1,1,1,0,Pneumonia
0,1,0,1,0,0,1,0,0,0,0,1,1,1,0,0,0,1,0,1,0,0,0,1,0,0,Arthritis
1,1,0,1,0,1,1,1,1,1,0,1,0,1,1,1,0,0,0,0,0,0,0,1,1,1,Typhoid
1,0,1,1,1,0,1,1,1,0,0,1,1,1,1,1,0,1,0,1,1,1,1,0,1,0,Hepatitis
0,1,0,1,0,1,1,0,0,1,0,1,1,1,0,1,1,0,0,1,1,0,1,0,1,0,Hepatitis
1,1,0,0,0,0,1,1,1,0,1,0,1,1,0,1,1,0,0,1,0,1,0,0,1,1,Common Cold
1,1,1,1,0,0,1,0,1,0,0,1,0,0,1,0,1,0,0,0,0,0,0,1,1,0,Typhoid
1,0,1,1,0,0,0,0,1,1,0,0,1,0,1,1,0,0,0,1,1,1,1,1,0,0,Hepatitis
1,0,1,1,0,1,1,1,1,1,1,0,0,0,0,0,0,0,0,0,0,1,0,1,1,1,Conjunctivitis
0,1,0,0,1,1,1,0,0,1,1,1,1,1,1,0,1,0,0,1,1,0,1,1,0,1,Arthritis
0,0,1,1,0,1,0,1,0,0,1,1,1,0,1,1,1,1,0,0,1,1,0,0,0,0,Dengue
1,1,0,0,1,1,1,1,1,0,1,1,1,1,1,1,0,0,0,0,0,0,0,0,1,0,Influenza
0,0,1,1,0,1,1,0,1,0,1,1,1,0,0,0,1,0,1,0,0,0,0,0,1,1,Asthma
0,0,1,0,0,0,0,0,0,1,1,0,0,1,1,0,1,0,1,0,0,0,0,1,1,0,Malaria
1,1,1,1,0,0,1,0,1,0,0,1,1,0,1,0,1,0,0,1,0,1,1,0,0,0,Heart Disease
1,1,0,0,1,0,0,1,0,1,1,0,0,1,0,1,0,0,0,1,0,0,0,1,1,1,Gastroenteritis
0,0,1,1,0,0,0,0,0,1,1,0,1,1,1,0,1,0,0,0,1,1,1,0,1,0,Pneumonia
1,0,1,1,1,1,1,0,0,1,1,1,0,0,0,1,0,1,1,0,0,0,1,1,1,1,Gastroenteritis
0,0,1,1,0,1,1,1,0,0,1,0,1,0,1,0,1,0,1,0,1,1,1,1,0,1,Pneumonia
1,0,1,0,1,1,1,1,1,1,1,1,0,0,1,1,1,0,0,1,1,1,1,0,1,1,Hepatitis
0,1,0,0,0,0,0,0,0,0,0,1,0,0,1,1,0,0,0,1,0,1,1,0,0,0,Typhoid
1,1,1,1,1,0,0,0,0,0,1,0,0,1,0,0,1,1,1,0,1,1,0,1,0,1,COVID-19
1,1,1,0,1,0,1,1,1,1,0,1,0,1,1,1,1,0,1,0,1,1,1,0,0,0,Typhoid
0,1,0,1,0,0,0,0,1,0,0,0,1,1,0,1,0,1,0,0,0,0,0,1,1,0,Heart Disease
1,1,1,0,0,1,1,0,1,0,0,0,1,0,0,1,1,0,1,0,1,0,0,1,1,0,COVID-19
1,0,1,0,1,1,1,1,0,0,1,0,1,1,0,1,0,1,0,0,1,0,1,1,0,1,Common Cold
0,1,1,0,0,0,1,1,1,1,1,1,0,0,1,1,1,0,0,0,0,1,1,1,0,1,Heart Disease
0,1,1,1,0,1,1,1,0,1,0,1,1,0,1,1,0,0,1,0,0,1,1,1,0,0,COVID-19
1,0,0,1,1,0,0,0,1,0,0,1,0,1,0,0,1,1,1,0,0,0,0,0,0,0,COVID-19
0,0,1,1,0,1,1,0,1,0,1,1,0,0,1,0,1,0,1,1,1,1,1,1,1,1,Arthritis
1,0,1,1,0,0,0,0,1,1,1,0,0,1,1,1,1,0,1,1,1,0,0,1,1,0,UTI
1,0,0,1,0,1,0,1,1,0,0,0,0,1,1,1,1,0,0,0,1,1,1,1,1,0,Dengue
1,1,0,0,1,1,1,1,1,1,0,0,0,1,1,0,0,0,1,1,0,0,0,0,0,1,Heart Disease
1,1,0,0,1,0,1,1,1,0,0,1,1,0,1,0,1,1,1,0,1,1,1,1,0,0,Asthma
0,1,1,0,1,1,1,1,0,1,1,0,1,0,0,0,0,1,0,0,1,1,0,1,1,0,Chickenpox
1,0,1,0,0,1,0,1,1,0,1,1,0,1,1,1,0,1,0,1,1,1,0,1,1,1,Conjunctivitis
1,1,0,0,1,1,0,0,1,1,0,1,1,0,0,1,1,1,1,0,0,0,1,0,1,1,COVID-19
0,0,0,0,0,0,0,0,1,1,0,0,1,0,0,1,0,0,1,0,1,0,1,1,0,1,Appendicitis
0,0,0,0,0,0,1,1,0,1,1,1,0,0,0,0,1,1,1,0,1,0,0,0,0,1,Tuberculosis
0,0,0,0,1,0,0,0,0,0,0,0,1,1,1,1,1,1,0,1,0,0,0,1,1,0,Heart Disease
1,0,0,0,0,0,1,0,1,0,0,1,0,1,0,0,1,1,1,0,1,0,1,0,0,0,Food Poisoning
1,0,1,1,0,0,0,1,1,1,1,1,1,1,0,0,0,0,1,1,0,0,1,1,0,0,Malaria
0,0,1,0,0,1,1,0,0,0,0,0,1,0,1,0,1,1,1,0,1,1,0,1,0,1,Common Cold
0,0,0,0,0,1,1,1,1,1,0,1,1,0,1,0,1,1,1,1,1,0,1,1,0,0,Arthritis
0,0,1,1,1,1,0,1,0,0,0,0,0,1,1,1,0,0,0,1,1,0,0,0,0,1,Bronchitis
1,0,1,0,1,1,1,1,1,0,1,1,1,0,0,0,0,0,1,1,0,0,1,0,1,0,Conjunctivitis
1,1,0,1,0,1,1,0,1,0,1,0,0,0,0,1,0,1,1,1,0,1,1,0,1,1,Malaria
0,0,0,1,1,1,0,0,0,0,0,1,0,0,1,1,1,0,0,1,1,0,0,1,1,0,Conjunctivitis
1,0,1,1,0,0,1,0,0,0,1,0,0,0,0,0,0,0,1,0,0,1,0,1,0,1,Hepatitis
0,1,1,0,1,1,0,0,0,0,0,1,0,1,0,1,0,0,0,0,1,1,0,0,0,0,Conjunctivitis
1,1,0,1,1,1,1,0,0,1,0,1,0,0,1,1,1,0,1,1,0,1,0,1,1,0,Appendicitis
0,1,1,1,0,1,1,0,1,1,1,0,0,1,0,0,1,1,0,0,0,0,1,0,1,0,Chickenpox
1,0,0,1,0,0,0,0,1,0,1,0,1,1,0,0,0,0,0,0,1,0,1,1,1,1,Common Cold
0,0,0,0,1,1,0,0,1,1,0,0,0,0,1,1,0,0,1,0,0,1,0,1,1,1,Malaria
0,0,0,0,0,0,1,0,0,0,1,0,0,1,0,0,0,1,0,1,0,1,1,0,1,1,Typhoid
1,0,1,1,1,1,0,1,1,1,0,0,0,0,1,0,1,0,1,1,0,1,0,1,0,1,COVID-19
0,0,1,1,1,1,1,0,0,0,0,1,1,0,0,1,0,0,1,1,0,0,1,0,1,0,Dengue
1,0,1,0,1,1,0,0,1,1,0,0,1,0,1,1,1,1,0,0,0,1,1,0,1,1,Pneumonia
1,0,1,0,1,0,1,1,1,0,0,0,0,1,1,0,0,0,0,0,1,1,1,0,1,0,Influenza
0,0,0,1,1,1,0,1,0,0,1,1,0,1,1,1,0,1,1,1,1,1,1,0,1,0,Tuberculosis
1,0,1,1,0,1,1,1,0,1,1,1,1,0,1,0,1,0,1,0,1,1,0,0,0,0,Influenza
0,1,0,1,1,1,0,1,1,0,1,1,1,0,0,1,0,0,1,0,0,1,1,0,1,0,Influenza
1,1,1,1,0,1,0,1,0,0,1,1,1,0,1,0,1,1,0,0,1,1,0,0,1,1,Gastroenteritis
1,0,1,1,0,0,1,1,1,0,1,1,1,0,0,0,0,1,0,0,1,1,1,0,0,0,Malaria
1,0,1,0,1,0,1,0,0,0,0,1,1,1,0,1,0,1,0,1,0,0,0,1,1,1,Arthritis
0,0,1,0,0,1,1,0,0,1,0,1,1,0,1,1,0,0,0,0,0,1,0,0,0,0,Common Cold
0,0,0,1,1,1,0,1,0,1,0,1,0,0,0,1,0,0,0,0,1,1,0,0,0,1,Dengue
0,1,0,0,1,1,1,1,0,1,1,0,1,1,1,0,0,1,0,0,0,1,1,0,1,1,Gastroenteritis
0,0,0,1,0,1,1,0,1,0,1,0,0,0,1,0,1,0,0,1,1,1,0,1,0,0,Malaria
0,1,1,1,0,0,0,1,1,1,0,0,0,0,0,1,1,1,1,0,1,0,0,1,0,0,Food Poisoning
1,1,1,0,1,0,0,1,1,0,0,0,1,0,1,0,1,1,0,0,1,0,0,0,0,0,Common Cold
0,1,1,1,0,1,1,0,0,0,0,1,1,0,0,0,1,0,1,1,1,0,1,1,0,1,COVID-19
1,0,0,1,0,1,1,1,1,1,0,1,0,0,0,1,1,1,0,0,1,1,0,0,0,1,Chickenpox
1,1,0,1,1,1,0,1,1,1,1,1,1,1,0,0,1,1,0,1,1,1,0,1,1,1,Food Poisoning
1,0,0,1,0,1,0,1,0,1,0,1,1,0,1,0,0,1,1,1,0,0,0,1,0,1,Hepatitis
0,0,1,1,0,0,0,0,0,1,1,0,1,0,1,1,1,0,1,1,1,0,1,1,0,1,Hepatitis
1,0,1,0,1,0,1,1,0,0,1,0,1,0,0,0,0,0,1,1,0,0,0,0,1,1,Food Poisoning
0,0,1,0,0,0,0,1,1,0,1,1,1,1,0,1,0,0,1,1,1,0,1,1,0,1,Hepatitis
0,1,0,0,0,0,1,1,1,1,1,1,1,1,1,1,1,1,1,0,1,0,1,1,0,1,UTI
1,0,1,1,1,0,1,0,1,0,1,1,0,0,0,0,1,0,1,0,1,1,0,0,1,1,Migraine
0,1,1,1,1,0,1,1,1,1,0,0,1,1,1,0,0,1,0,1,1,1,0,0,1,1,Chickenpox
1,0,1,1,1,0,0,0,0,0,0,1,1,0,0,0,0,1,0,0,0,0,1,0,1,1,Gastroenteritis
0,1,1,1,1,0,0,1,1,0,0,0,1,1,1,1,0,0,0,0,0,1,0,1,1,1,Common Cold
1,1,0,1,1,1,0,1,0,0,0,1,0,0,0,1,1,1,0,0,1,1,1,0,0,0,Tuberculosis
1,0,0,0,1,1,1,0,0,0,1,0,0,1,1,0,0,0,0,1,1,0,1,0,1,1,Influenza
1,0,1,0,1,0,1,0,1,0,1,0,0,0,1,1,0,1,1,1,0,0,1,0,1,0,Chickenpox
1,0,0,0,1,1,1,1,0,1,1,1,0,0,1,0,0,1,1,1,1,1,1,0,0,0,Gastroenteritis
1,1,0,0,0,1,0,0,0,0,1,0,0,0,1,1,1,0,0,1,0,1,0,0,0,1,Pneumonia
1,1,0,0,1,1,0,0,0,0,1,1,0,1,0,0,1,1,0,0,0,1,0,1,0,1,COVID-19
1,0,0,1,0,1,0,0,0,1,1,0,0,0,1,0,1,1,1,1,1,1,0,1,0,0,Meningitis
0,0,1,1,0,0,0,0,0,0,1,1,0,0,1,0,0,0,0,1,1,0,0,1,0,1,Food Poisoning
1,0,0,1,1,1,1,0,1,1,0,0,1,1,0,0,1,0,0,0,0,0,0,0,0,1,Common Cold
1,1,1,0,0,0,1,0,0,0,0,1,0,0,1,1,1,0,1,1,1,1,1,1,0,1,Hepatitis
1,0,1,1,1,0,0,1,0,1,0,1,1,1,1,1,1,1,1,1,1,0,1,1,0,1,Influenza
1,0,0,1,1,1,0,0,0,1,1,0,0,0,1,0,1,0,0,1,1,1,1,1,1,0,Migraine
1,1,1,0,1,0,1,1,1,1,0,1,1,1,1,1,1,1,1,0,1,0,0,1,1,1,Hepatitis
0,0,0,0,0,0,0,1,1,0,1,1,0,0,1,1,1,1,1,0,1,0,0,0,0,0,Arthritis
0,1,0,0,1,0,1,0,0,0,1,0,0,1,1,0,1,0,0,0,1,0,0,1,1,1,Influenza
0,1,1,0,1,0,0,0,0,0,1,0,0,0,0,0,1,1,0,1,1,0,0,1,0,1,Tuberculosis
0,1,1,1,0,1,0,0,0,1,0,0,1,1,0,0,0,0,0,1,0,0,1,0,0,0,Arthritis
1,1,1,0,1,0,0,0,0,1,0,1,1,1,1,1,0,0,1,1,0,0,0,0,0,0,Influenza
0,1,1,0,1,0,1,1,0,0,0,1,0,1,0,0,1,0,0,0,1,0,0,1,1,1,Conjunctivitis
1,1,1,1,0,0,1,0,0,0,0,1,1,0,1,1,1,1,0,1,0,0,0,1,0,1,Chickenpox
1,0,0,1,1,0,1,1,0,0,0,0,1,1,0,1,1,1,0,0,0,0,0,1,0,1,Heart Disease
0,0,0,0,1,1,0,0,1,1,0,0,0,1,0,0,1,1,0,1,0,0,0,0,1,0,Pneumonia
0,1,0,0,0,1,1,0,0,0,0,1,0,1,0,1,0,1,0,1,0,1,0,1,0,0,Meningitis
1,1,1,1,1,1,0,0,1,1,0,0,0,0,0,1,1,0,1,1,0,1,1,1,1,1,Arthritis
1,0,0,1,1,0,1,1,1,0,1,0,0,0,0,1,0,1,0,0,0,0,0,1,1,1,Conjunctivitis
0,1,1,1,0,0,1,1,1,1,0,1,0,1,0,1,0,1,1,1,0,0,0,0,1,0,Meningitis
0,0,1,0,0,0,0,0,1,1,1,0,0,1,0,1,0,1,1,0,1,0,0,1,0,1,Food Poisoning
1,0,1,0,0,1,1,1,0,0,1,1,1,0,0,1,0,0,0,0,0,1,0,0,1,0,Dengue
0,1,0,1,0,0,0,1,0,1,1,1,0,1,1,1,1,0,0,1,1,1,1,1,0,0,COVID-19
1,0,1,1,1,1,1,0,0,0,1,0,0,0,0,1,0,0,1,0,1,1,0,0,1,0,Common Cold
1,0,0,1,1,1,0,0,1,0,1,0,0,0,1,1,1,0,0,1,0,1,1,0,0,0,Meningitis
0,1,0,1,0,1,0,1,0,0,0,0,1,1,1,0,1,0,1,1,0,1,0,0,0,0,Appendicitis
0,1,0,1,0,0,1,0,0,1,0,0,1,0,1,1,0,0,0,0,1,1,1,1,1,0,Typhoid
0,1,0,0,1,0,1,1,0,1,0,1,0,1,1,0,1,0,0,0,0,0,1,1,1,1,Conjunctivitis
1,0,1,0,0,0,1,0,0,0,0,1,0,1,0,0,1,0,1,1,0,0,1,0,1,1,COVID-19
0,0,0,1,1,0,1,1,1,1,0,0,0,0,0,1,1,0,1,1,0,0,1,1,1,0,Asthma
0,0,1,0,0,1,1,0,0,1,1,1,1,0,0,1,1,0,0,1,1,1,0,0,1,0,Gastroenteritis
1,1,1,0,0,1,1,0,0,0,0,0,0,1,1,0,1,0,1,0,0,1,1,0,0,0,UTI
0,1,0,0,0,1,1,1,1,1,1,0,0,0,1,1,1,0,0,1,0,0,1,1,0,1,Influenza
1,0,0,1,0,1,0,1,1,1,1,1,0,1,1,0,0,1,1,1,1,1,1,1,0,0,Influenza
1,0,0,0,0,0,0,1,0,1,0,0,1,0,0,0,1,0,0,1,0,0,1,1,1,1,Malaria
0,1,1,0,1,0,0,0,1,0,0,0,0,1,1,0,0,1,1,1,0,0,0,1,0,0,Influenza
0,1,0,1,1,1,0,0,1,1,0,0,0,0,0,1,0,0,0,1,0,1,1,1,0,1,Pneumonia
1,0,1,1,0,1,0,1,0,0,1,0,1,0,0,0,1,1,1,1,1,0,0,0,1,0,Gastroenteritis
1,0,1,0,1,0,1,1,1,1,1,1,1,1,0,1,1,0,0,1,1,1,0,0,0,1,Tuberculosis
1,1,1,1,0,0,0,0,1,0,0,1,0,1,1,0,0,0,0,0,0,0,1,0,1,1,Bronchitis
1,0,0,1,1,1,0,0,0,1,1,1,1,0,1,0,0,0,0,1,0,1,1,1,0,0,Common Cold
0,1,0,1,1,0,0,0,0,1,1,1,0,1,0,0,1,1,0,0,1,1,1,0,0,0,Common Cold
1,0,0,0,1,1,0,0,1,0,0,0,0,1,0,1,1,1,1,1,0,1,1,1,0,1,Asthma
1,1,0,0,1,1,0,1,1,0,1,1,0,1,0,1,0,1,0,1,0,0,1,0,0,1,Typhoid
1,0,0,1,1,1,0,1,0,0,0,1,0,0,1,1,1,0,0,0,1,1,1,0,0,1,Tuberculosis
1,0,1,0,1,0,0,1,0,0,1,0,0,1,0,0,1,1,0,0,0,0,1,1,1,0,Conjunctivitis
0,0,0,0,1,1,0,1,0,1,0,0,1,1,0,1,1,1,1,1,0,0,1,1,1,0,Food Poisoning
0,0,0,1,1,1,1,1,1,1,0,1,1,0,1,0,1,0,1,1,1,1,0,0,0,0,Common Cold
0,1,0,0,1,0,1,0,0,0,0,0,1,0,0,0,0,0,0,1,1,1,1,1,1,1,Hepatitis
1,1,0,0,0,1,0,1,0,0,0,0,1,0,0,1,0,0,1,1,0,1,0,0,1,1,Malaria
1,0,1,1,0,1,1,1,1,0,0,1,1,1,0,1,0,1,1,1,1,1,0,1,1,1,COVID-19
1,1,1,1,0,0,0,0,1,1,0,1,1,1,1,1,1,1,0,0,0,1,1,0,0,1,Appendicitis
1,0,1,0,0,1,0,1,1,1,1,1,0,1,1,1,0,0,0,0,0,0,1,1,0,1,Hepatitis
1,0,1,1,1,1,1,0,0,0,0,1,1,0,1,1,0,0,1,1,1,1,1,1,1,1,COVID-19
0,0,1,0,0,0,1,1,0,1,1,1,0,1,1,0,0,0,0,0,0,0,1,1,0,0,Malaria
1,1,0,1,0,0,1,1,1,0,0,0,1,1,1,0,1,1,0,1,0,1,1,0,1,1,Bronchitis
1,0,0,1,0,0,0,0,1,1,0,0,1,0,1,1,1,1,1,0,1,0,1,1,0,1,Meningitis
0,0,1,1,1,0,0,0,0,0,0,0,1,0,0,0,0,0,1,1,1,1,0,0,0,1,Migraine
0,1,1,0,0,1,0,1,0,1,1,0,0,0,1,1,0,0,1,1,0,0,0,0,1,0,Influenza
1,0,1,0,0,1,0,1,0,0,1,0,0,1,0,1,0,1,1,0,0,0,0,0,0,0,Migraine
0,0,1,0,0,0,0,0,1,1,1,0,1,1,1,1,1,0,1,1,1,1,1,1,0,1,Asthma
0,1,1,1,1,1,1,0,0,1,1,0,0,0,1,1,0,0,0,0,0,1,1,0,0,0,UTI
1,0,0,1,0,1,1,1,0,0,1,0,0,0,1,1,0,1,1,0,1,0,1,0,0,1,COVID-19
1,1,1,1,0,1,1,1,1,1,0,0,0,0,1,0,0,0,0,1,1,0,0,1,1,0,Gastroenteritis
0,1,0,0,0,1,1,0,1,1,0,1,0,1,1,0,1,0,1,1,0,0,1,1,1,0,Influenza
1,0,0,1,1,0,1,1,0,1,0,1,1,0,0,0,1,1,0,0,0,0,1,1,1,1,Appendicitis
0,1,1,0,0,0,0,1,0,0,0,0,0,0,0,0,0,0,1,0,0,0,1,0,0,1,Asthma
1,1,0,1,1,0,0,0,0,1,1,1,1,1,0,1,0,1,1,1,0,0,1,0,0,1,Malaria
1,0,0,0,0,0,0,1,0,1,0,0,0,0,0,1,0,0,1,1,0,1,0,0,1,0,Meningitis
1,0,1,1,0,0,0,0,0,0,1,1,1,0,1,1,0,0,1,1,0,1,1,0,0,1,Typhoid
0,0,1,0,1,1,1,1,1,0,1,1,0,0,0,1,1,1,0,0,1,0,1,0,0,1,Chickenpox
0,1,0,1,1,0,0,0,1,0,1,1,1,0,1,1,1,1,0,1,1,1,0,1,1,1,Migraine
0,1,1,0,0,0,1,0,0,0,1,0,1,1,0,0,1,0,1,0,0,0,1,0,0,1,Pneumonia
1,1,1,0,1,1,0,1,0,0,0,0,0,1,0,0,0,1,1,0,1,1,0,0,0,0,Influenza
0,1,1,0,1,1,0,1,1,1,0,1,1,1,0,0,0,0,1,1,0,0,1,1,0,0,Food Poisoning
0,1,1,0,1,0,0,0,0,1,1,0,0,0,1,1,0,1,1,0,1,1,0,0,0,0,Arthritis
0,1,0,1,1,1,1,0,0,1,0,1,0,1,0,0,1,1,1,1,1,0,0,1,0,1,Malaria
1,1,1,1,0,1,0,1,0,0,0,1,0,0,0,1,0,1,0,0,1,1,1,1,1,1,Food Poisoning
0,0,1,0,0,0,1,1,1,1,1,1,1,1,0,0,0,1,1,0,0,0,0,1,1,1,Food Poisoning
1,1,0,1,1,1,1,0,1,0,0,1,0,0,1,1,1,0,0,1,1,1,1,1,0,1,Conjunctivitis
0,0,1,1,0,1,0,0,0,0,0,0,1,0,1,1,1,1,0,1,0,0,0,0,1,0,Gastroenteritis
1,0,1,0,1,1,0,1,0,0,1,1,0,0,0,1,1,0,1,0,1,0,1,1,1,1,Hepatitis
0,1,1,0,0,0,1,1,1,1,0,0,0,0,1,0,0,0,1,1,1,1,1,1,1,0,Migraine
0,0,1,0,0,0,1,1,1,1,1,0,0,0,0,0,1,0,0,1,1,1,1,1,1,0,Meningitis
0,0,1,0,0,0,1,1,0,0,1,1,1,0,0,0,0,0,1,0,0,0,1,0,0,1,Typhoid
0,0,1,0,1,0,1,1,1,1,0,1,1,0,0,1,0,0,0,0,1,1,0,0,0,1,Pneumonia
0,0,1,1,1,1,1,1,0,0,0,0,0,0,0,0,1,0,0,1,1,0,0,1,1,0,Food Poisoning
1,0,0,0,1,1,1,1,1,1,0,1,1,0,0,0,0,0,1,0,1,1,0,0,1,0,Appendicitis
0,1,0,1,0,0,0,1,0,0,0,0,0,1,0,0,0,0,0,1,0,0,1,1,0,1,Gastroenteritis
1,0,1,0,1,1,1,0,0,0,1,0,0,1,0,0,0,1,1,0,0,1,1,1,0,1,Hepatitis
0,0,0,1,0,1,1,1,0,0,1,0,0,1,0,1,0,0,0,0,1,1,1,0,0,0,UTI
0,1,1,1,1,0,1,0,1,0,0,1,1,0,1,1,0,1,1,0,0,1,0,1,0,0,Asthma
0,0,1,0,1,0,0,1,0,1,0,1,0,0,1,0,1,0,0,0,0,0,1,1,1,1,Meningitis
0,0,0,0,1,1,1,0,0,1,0,0,0,1,0,0,1,1,0,0,0,0,1,1,1,0,Tuberculosis
1,0,1,0,1,0,1,0,0,0,1,1,1,1,1,1,1,0,0,1,0,0,1,0,0,1,Conjunctivitis
0,1,1,1,0,1,0,0,0,1,1,0,0,1,1,1,1,0,0,0,1,1,1,1,1,1,Meningitis
0,1,0,0,1,0,1,0,0,0,0,1,1,1,1,1,1,1,0,0,1,0,0,1,0,0,Malaria
1,0,0,0,0,0,1,1,0,1,0,0,0,1,1,1,1,0,0,1,0,0,0,0,0,1,Meningitis
0,0,0,0,1,1,0,1,1,1,0,0,0,0,0,1,1,1,1,1,1,0,0,0,1,0,Chickenpox
1,1,0,0,1,0,1,1,1,1,1,1,1,0,0,1,0,1,0,1,1,1,1,1,1,1,Influenza
0,1,1,0,1,1,0,0,1,0,1,0,0,1,1,1,1,0,0,1,0,0,1,0,1,1,UTI
1,0,0,1,1,1,1,0,1,0,0,1,1,1,0,0,1,1,0,0,1,1,0,0,1,1,Chickenpox
1,1,0,0,0,0,0,1,0,1,0,1,1,0,0,0,0,1,1,0,1,0,0,0,0,1,Malaria
0,0,0,1,0,0,0,1,0,1,1,1,0,0,0,1,0,1,1,0,1,0,0,1,0,1,Food Poisoning
1,1,1,0,1,1,0,0,1,0,1,0,1,0,1,0,1,0,0,1,1,0,0,0,1,0,Arthritis
1,1,0,0,1,0,1,1,0,0,0,0,0,1,0,1,1,0,0,0,0,1,1,0,0,1,Chickenpox
0,0,1,0,1,0,0,1,0,0,1,1,1,1,0,1,1,1,0,0,0,1,0,1,0,1,Arthritis
0,1,0,0,0,0,0,0,0,0,1,0,0,1,0,1,0,1,1,1,0,0,1,1,0,1,Asthma
0,1,1,1,1,1,1,1,0,0,1,1,1,0,1,0,1,1,1,1,0,0,1,1,0,1,Food Poisoning
1,0,0,1,0,0,0,0,1,0,1,1,0,1,1,1,0,1,1,0,0,0,1,0,1,1,Tuberculosis
0,1,0,1,1,0,1,1,1,0,0,0,0,0,1,1,0,1,0,0,0,0,1,0,0,1,Meningitis
1,1,1,1,0,0,1,1,0,0,1,1,1,0,0,0,1,0,0,1,1,1,1,0,1,1,Meningitis
0,0,1,1,1,0,0,1,0,1,0,1,0,1,0,1,1,0,1,0,0,0,1,1,0,0,Food Poisoning
0,1,1,1,0,1,0,1,0,1,1,0,1,0,1,0,1,1,0,1,1,1,0,1,0,0,Food Poisoning
0,1,1,0,0,0,0,1,1,1,1,1,1,0,0,1,0,1,1,0,0,1,1,1,0,0,Chickenpox
1,1,0,0,0,0,1,0,1,1,0,0,0,0,1,1,0,1,1,0,0,0,0,0,0,1,Meningitis
0,0,0,1,1,1,0,0,0,1,1,1,0,0,1,1,1,1,1,0,0,0,1,1,0,0,Arthritis
0,0,0,0,1,1,0,1,0,0,0,0,0,1,1,1,0,0,1,1,0,0,1,1,1,0,Arthritis
1,1,1,1,0,1,1,1,1,1,0,1,0,1,1,0,0,0,1,1,0,0,1,0,0,0,Migraine
1,1,1,0,1,0,0,1,1,1,0,1,1,0,1,0,1,0,1,1,0,0,1,1,1,1,Typhoid
1,0,0,1,0,1,0,0,1,1,1,1,1,1,0,0,1,1,0,0,0,1,0,0,1,1,Tuberculosis
1,0,0,0,1,1,1,0,0,0,0,0,1,1,0,1,1,0,0,0,0,0,0,0,0,1,Typhoid
0,1,1,0,1,1,1,0,0,1,1,1,1,0,0,0,1,1,1,0,0,1,0,1,0,1,Meningitis
0,0,0,0,0,1,1,0,1,0,1,1,0,1,0,1,1,0,0,0,0,1,1,0,1,0,Food Poisoning
1,0,0,1,1,0,0,0,0,0,1,1,0,0,1,0,1,0,1,0,1,0,0,0,0,1,Typhoid
0,1,0,1,1,0,1,1,1,1,1,1,0,1,0,1,1,1,1,1,0,0,1,1,1,0,Food Poisoning
0,1,0,0,0,0,1,0,0,1,1,0,0,0,0,1,0,0,1,1,0,0,0,1,0,0,Gastroenteritis
1,1,1,0,0,1,1,1,0,0,1,1,0,1,1,0,1,1,1,1,1,0,0,1,0,1,Migraine
1,1,0,1,1,1,1,0,0,1,1,0,0,0,1,0,0,0,0,1,0,1,1,0,1,1,UTI
0,0,1,1,1,1,0,1,0,0,1,0,0,0,1,0,1,1,0,0,0,0,1,1,1,1,Arthritis
1,0,0,0,1,1,0,1,0,1,0,0,1,1,1,1,0,0,1,0,1,0,0,0,1,1,Common Cold
1,0,0,1,1,0,1,0,0,1,0,0,1,1,0,1,1,0,0,0,1,1,0,1,1,1,Meningitis
0,0,1,1,0,1,0,1,1,0,0,1,0,1,0,1,0,1,0,0,1,1,0,1,0,0,Arthritis
0,1,1,0,0,1,1,0,1,1,0,1,0,1,0,0,0,1,0,0,0,1,0,0,0,0,Migraine
0,1,1,1,1,1,0,1,1,1,0,1,0,1,1,0,0,0,1,1,0,0,0,1,0,0,Tuberculosis
0,0,1,1,1,0,0,0,1,0,1,0,1,0,1,0,1,0,1,0,1,1,0,1,0,1,Common Cold
0,1,0,1,0,1,0,1,1,1,1,1,1,1,1,1,1,1,1,0,0,0,1,0,0,0,Arthritis
1,1,0,1,1,0,0,0,0,0,0,1,1,0,0,0,0,1,1,1,0,0,0,0,0,1,UTI
1,0,1,0,1,1,0,1,1,0,1,1,0,0,1,0,1,1,0,1,0,1,1,0,0,1,Common Cold
1,0,1,0,1,1,0,0,0,1,1,1,1,0,0,0,1,0,0,1,0,0,0,1,0,1,Typhoid
0,1,0,1,0,0,0,0,0,1,1,0,0,0,1,0,0,1,1,1,1,1,0,1,1,0,Influenza
0,0,1,0,1,1,0,1,1,0,0,1,0,1,0,1,0,1,1,0,0,0,0,0,0,1,Arthritis
0,0,0,1,0,0,1,0,1,0,1,0,0,1,1,1,1,0,1,1,0,1,1,0,0,0,Gastroenteritis
1,1,1,0,0,1,0,1,1,0,0,1,1,1,0,1,1,0,1,0,1,1,1,1,0,1,COVID-19
1,1,1,0,0,1,0,1,1,1,0,0,1,1,0,0,0,1,0,0,1,1,1,1,0,0,Chickenpox
0,0,1,0,1,1,0,1,0,1,0,1,0,0,1,1,0,0,1,1,1,0,1,0,0,0,UTI
1,0,1,1,0,0,0,0,0,0,1,1,1,1,1,0,0,0,1,1,1,1,0,0,0,0,Asthma
1,1,0,1,0,0,1,0,1,1,0,1,0,1,1,1,1,1,1,0,0,0,0,0,0,1,COVID-19
1,1,1,1,1,0,1,1,1,1,1,1,1,0,0,1,0,1,1,0,1,0,1,1,1,0,Common Cold
1,0,0,1,1,0,1,0,0,1,0,1,0,0,1,1,1,1,1,0,0,1,0,0,1,0,Malaria
0,0,1,0,1,1,1,0,0,1,1,1,1,1,1,0,1,1,0,1,0,1,1,1,0,0,Asthma
0,1,0,0,0,1,0,0,1,1,1,0,1,0,1,0,0,1,0,0,0,0,1,1,0,0,Pneumonia
0,1,1,1,1,0,0,1,0,0,0,1,0,0,1,1,0,1,0,0,1,0,0,1,1,1,Arthritis
1,0,1,1,0,1,0,0,0,1,0,1,0,1,0,0,0,0,0,0,1,1,0,0,1,0,Dengue
0,0,1,1,1,0,1,0,1,0,0,1,1,0,0,1,1,1,1,1,0,1,0,1,0,1,Gastroenteritis
1,1,1,0,0,0,0,1,1,0,0,1,0,1,0,0,1,1,0,1,0,1,0,1,0,1,Conjunctivitis
0,1,0,1,0,1,1,0,0,1,0,1,0,0,0,1,1,0,1,0,0,1,0,0,1,0,Typhoid
1,0,1,1,1,1,1,0,1,1,1,1,1,1,0,1,0,1,1,0,0,0,0,0,0,0,Meningitis
0,0,0,1,0,1,1,1,1,0,1,1,0,1,1,0,0,0,1,0,0,1,1,0,0,0,Migraine
0,0,0,0,1,0,1,1,0,1,1,1,1,0,1,1,0,1,1,1,1,1,0,1,1,0,Chickenpox
1,1,1,1,1,1,1,1,0,0,1,0,0,1,1,1,0,1,0,1,1,1,1,1,1,1,Common Cold
0,0,0,1,1,0,0,0,0,0,1,1,0,0,1,0,1,1,1,1,1,0,0,1,0,1,Meningitis
1,1,0,1,0,1,1,0,1,0,1,0,1,0,1,1,1,1,0,0,1,1,1,1,1,0,Dengue
0,0,1,0,0,0,1,0,0,1,1,0,0,1,1,1,0,1,0,1,0,0,1,1,1,1,Common Cold
0,1,1,0,1,0,0,0,0,0,0,1,1,1,0,0,1,0,1,0,0,1,1,0,0,0,Malaria
0,0,1,0,1,0,1,0,0,0,1,0,0,0,1,0,1,0,0,0,1,1,0,0,1,1,Arthritis
1,0,0,0,1,1,0,1,0,1,0,0,0,1,0,1,0,0,0,0,0,1,1,0,0,0,Bronchitis
0,0,1,0,1,1,0,1,1,1,1,1,1,1,1,1,0,1,0,1,0,1,1,0,1,1,UTI
1,0,1,1,0,1,1,0,0,0,0,1,0,1,0,1,1,1,0,1,0,1,1,0,1,1,Gastroenteritis
1,1,1,1,0,1,1,1,1,0,1,0,0,1,1,0,0,1,1,0,0,1,0,1,0,0,Meningitis
0,1,1,1,0,1,0,1,1,1,1,0,0,0,1,0,0,1,0,0,0,1,0,1,1,1,UTI
0,0,0,1,1,0,0,1,0,1,1,0,0,0,1,0,1,1,0,1,0,0,1,0,0,0,Common Cold
0,0,0,0,1,1,1,0,1,1,1,0,1,1,0,0,1,0,1,1,0,0,0,0,0,1,Asthma
1,1,1,0,1,1,1,0,1,0,1,0,0,0,0,0,0,0,1,1,0,0,0,1,0,0,Gastroenteritis
0,0,0,1,0,1,0,0,1,0,0,0,1,1,0,0,0,1,0,1,0,1,1,1,1,1,Meningitis
1,1,1,0,0,1,0,1,0,1,1,1,1,0,0,1,1,0,0,0,1,0,0,0,0,0,Bronchitis
1,1,0,1,0,1,0,0,1,0,0,0,0,0,0,1,0,1,1,0,1,1,0,1,1,1,Tuberculosis
1,0,0,0,0,0,0,1,0,0,0,1,0,0,0,1,0,0,1,1,0,0,0,1,0,1,Asthma
1,1,1,1,1,0,1,0,0,1,1,0,0,0,1,1,0,0,1,1,1,1,1,1,1,0,COVID-19
1,1,0,0,0,1,0,1,1,0,1,1,0,1,1,0,0,0,1,1,0,0,0,1,0,0,Hepatitis
1,0,1,0,0,1,1,1,1,0,0,1,0,0,0,0,1,1,1,0,1,1,1,0,0,0,Typhoid
1,1,1,0,1,0,0,0,0,0,1,1,1,1,0,0,1,1,0,0,1,1,1,0,0,1,Arthritis
0,1,1,1,1,1,0,1,0,1,0,0,0,0,1,1,1,1,0,1,0,0,1,1,1,0,Heart Disease
1,1,0,1,0,0,0,1,1,1,1,1,1,1,1,1,0,0,1,0,0,0,0,0,0,0,Hepatitis
0,0,0,1,0,1,0,1,0,0,1,0,0,0,0,0,0,0,0,0,1,0,0,1,1,1,Food Poisoning
1,0,1,0,1,1,0,0,0,1,0,1,1,1,0,1,1,0,0,1,1,0,1,0,0,0,Migraine
0,0,1,1,0,0,0,1,1,0,1,1,1,0,0,0,1,1,0,1,1,0,1,0,0,0,Conjunctivitis
1,0,1,0,0,0,1,0,0,0,0,0,0,0,1,1,0,1,0,0,1,0,0,0,1,0,Food Poisoning
0,1,1,0,1,0,1,0,1,1,1,0,1,0,1,0,1,1,1,0,0,1,1,0,0,1,Conjunctivitis
0,1,1,1,0,1,0,1,0,0,1,1,0,1,0,1,1,1,0,0,1,0,0,0,1,1,Asthma
1,0,1,0,0,1,0,1,0,0,1,0,1,1,1,1,0,1,0,1,0,1,1,0,0,0,Gastroenteritis
0,0,0,1,1,1,0,0,0,0,0,0,1,0,1,0,1,0,1,1,1,0,1,0,1,1,Pneumonia
0,0,0,0,1,1,0,1,1,0,1,0,1,0,0,1,1,0,0,1,0,1,1,0,0,0,Tuberculosis
1,0,0,1,0,1,0,1,0,0,0,0,1,1,1,0,1,0,1,1,0,1,0,0,1,0,Pneumonia
0,1,1,0,0,1,1,0,1,0,1,1,0,0,0,1,1,0,0,0,1,1,1,0,1,0,Pneumonia
0,0,1,0,0,1,0,1,0,1,0,0,0,1,0,1,0,1,0,0,1,0,1,0,0,0,Malaria
0,0,0,0,1,0,1,0,1,1,1,1,1,0,1,1,0,0,0,0,0,0,1,1,1,0,Appendicitis
1,0,0,1,0,1,1,0,0,1,1,1,1,0,0,1,0,0,0,1,0,0,1,1,0,0,Dengue
0,0,1,0,0,1,1,0,1,0,1,1,0,0,0,0,0,1,0,1,1,1,1,1,1,0,Gastroenteritis
0,0,0,0,0,1,0,1,1,0,0,0,0,1,1,0,0,0,0,0,1,1,1,0,1,1,Food Poisoning
0,1,1,1,1,1,1,1,0,0,1,0,1,0,0,1,1,0,0,0,1,1,0,0,1,0,Chickenpox
0,0,1,0,1,1,0,1,0,0,0,1,0,0,1,0,0,1,1,1,0,1,1,1,0,1,Migraine
1,0,1,0,1,1,1,1,1,0,1,1,1,1,0,0,1,0,0,0,0,1,1,1,0,1,Dengue
1,1,0,1,1,0,1,0,0,0,0,0,0,1,0,1,1,1,0,1,1,1,0,0,0,0,UTI
1,1,1,0,1,1,1,0,1,1,1,1,0,0,0,0,1,0,1,1,1,0,1,0,0,0,Chickenpox
1,0,0,0,0,1,1,0,1,0,0,0,0,0,1,1,1,1,1,0,0,0,1,1,0,1,Common Cold
1,1,1,1,0,1,1,1,0,0,1,0,1,0,1,0,0,0,0,1,1,0,0,0,1,1,Conjunctivitis
1,0,1,0,0,0,1,0,1,1,1,0,0,0,0,0,1,0,0,0,0,1,1,0,0,1,Migraine
0,1,1,1,0,1,1,1,1,1,0,0,1,1,1,0,0,0,0,0,0,1,0,0,0,1,Chickenpox
0,1,1,1,1,1,0,1,0,0,0,0,1,0,1,1,0,1,1,0,1,0,0,1,0,1,Common Cold
0,0,0,0,1,0,0,1,0,1,0,1,0,1,0,0,1,0,1,1,1,1,0,1,0,1,Malaria
0,0,1,1,0,0,1,1,1,0,0,1,1,1,0,0,0,0,0,1,1,0,0,0,1,0,Arthritis
1,0,0,1,1,1,1,0,1,1,0,0,1,1,1,0,0,1,1,0,1,1,0,1,0,0,Chickenpox
1,1,0,1,1,1,0,0,1,0,0,1,1,0,1,0,0,1,0,0,0,1,1,1,0,1,Heart Disease
0,1,1,0,1,1,0,1,0,1,1,1,1,0,0,0,1,1,1,1,1,0,1,1,0,1,Conjunctivitis
0,1,0,1,1,1,1,0,1,1,0,1,1,0,1,1,0,0,0,0,0,1,1,1,0,1,Conjunctivitis
0,1,1,1,1,1,0,0,1,1,0,1,0,1,0,1,0,1,0,1,1,1,1,0,0,0,Conjunctivitis
0,1,0,0,0,0,1,0,1,0,0,0,1,0,0,1,0,0,0,0,1,0,1,0,0,1,Chickenpox
0,0,0,0,0,1,1,0,1,1,1,0,0,1,0,1,1,0,0,0,0,1,0,1,1,0,Heart Disease
1,1,1,0,0,1,0,1,1,1,0,1,1,0,1,0,0,0,1,1,1,0,0,1,0,0,Tuberculosis
1,0,1,0,1,1,1,1,0,1,1,0,1,0,0,0,1,0,1,1,1,0,1,0,0,0,Appendicitis
0,0,1,1,0,1,1,1,0,0,0,0,0,0,1,1,0,0,0,1,0,1,0,0,1,0,Malaria
0,1,1,0,0,1,1,1,0,0,0,1,1,0,0,0,1,0,0,1,0,0,0,0,0,1,Malaria
0,1,0,0,1,0,1,1,1,1,0,0,1,0,1,0,0,0,1,0,0,1,1,0,1,1,Arthritis
0,1,0,0,1,1,0,1,1,0,1,0,0,0,0,1,0,1,1,0,1,1,1,1,0,0,Asthma
1,0,1,0,1,1,0,0,0,0,1,0,1,1,1,1,1,0,0,0,0,1,0,1,1,0,Arthritis
1,1,1,0,1,1,1,0,1,1,1,0,0,0,1,1,1,0,1,0,1,0,1,0,1,1,Chickenpox
0,1,0,0,0,0,1,0,0,0,1,1,1,1,0,0,0,0,0,1,0,0,0,1,0,1,Asthma
1,1,1,0,0,0,1,0,0,1,1,0,1,0,1,0,0,0,1,0,0,0,0,1,0,0,Heart Disease
0,1,0,1,1,1,0,0,0,0,0,1,0,0,0,1,0,0,0,1,1,0,1,1,0,0,UTI
1,1,0,0,0,1,0,1,0,0,1,1,1,1,1,0,0,1,1,1,0,0,1,1,1,0,Tuberculosis
0,0,0,1,1,1,0,0,1,1,1,1,1,1,1,0,1,0,0,0,0,1,1,0,1,1,UTI
0,0,0,1,1,1,1,0,0,1,1,1,1,1,0,1,0,0,0,1,1,1,0,1,1,0,COVID-19
0,1,1,1,1,0,0,1,1,1,1,0,0,0,1,0,1,1,1,1,1,1,0,1,0,0,Conjunctivitis
0,0,1,1,0,0,0,0,1,1,0,0,1,0,0,0,1,1,1,1,1,1,0,0,0,0,Heart Disease
0,0,0,0,0,0,0,0,0,0,1,0,1,0,0,1,0,0,1,0,1,0,1,1,1,1,UTI
0,1,1,0,0,1,1,1,1,1,1,1,0,0,1,1,1,0,0,1,0,1,0,1,1,0,Influenza
0,0,1,0,1,1,1,1,1,1,0,0,1,0,1,0,1,0,0,1,0,1,1,1,0,1,Bronchitis
1,0,0,1,1,0,1,1,0,0,0,0,1,0,0,1,1,1,1,0,0,0,0,1,1,0,Dengue
1,0,1,1,0,1,0,1,0,0,0,0,1,1,0,0,1,0,0,0,0,0,1,0,0,1,Asthma
1,0,0,1,0,0,0,1,1,0,0,1,0,1,1,1,0,0,0,0,0,1,1,0,0,1,Gastroenteritis
1,1,0,1,0,0,0,1,1,0,1,0,1,1,1,0,0,0,0,0,0,0,1,0,1,0,Conjunctivitis
1,1,1,1,0,0,0,0,1,0,0,0,1,0,1,0,1,1,0,0,1,0,1,1,0,1,Dengue
1,1,0,1,0,0,1,0,0,0,0,0,0,1,0,0,0,1,0,0,0,1,0,1,0,0,Heart Disease
1,1,0,0,0,1,0,0,1,0,0,0,0,1,1,1,1,0,1,0,1,0,0,0,1,0,Pneumonia
0,0,1,0,0,0,1,1,0,1,1,1,1,1,1,1,0,0,1,1,0,1,1,1,0,1,Meningitis
1,1,0,0,1,0,0,1,1,0,1,1,0,1,1,1,1,0,1,1,1,1,0,0,0,0,Typhoid
1,0,1,1,0,0,0,1,1,0,1,1,1,1,0,0,0,1,0,0,0,0,0,1,0,0,Pneumonia
0,1,0,1,1,0,1,0,1,1,0,0,1,1,1,0,1,0,1,1,0,0,1,1,0,1,Heart Disease
0,0,0,1,1,1,1,1,1,0,0,0,1,1,0,0,1,1,1,0,1,1,0,1,0,1,Typhoid
0,0,0,1,0,0,1,0,0,1,1,0,1,1,1,0,1,1,1,1,0,1,1,1,1,0,Conjunctivitis
1,0,1,0,0,0,0,0,1,0,0,1,1,0,1,0,1,1,0,1,0,0,1,1,1,0,Common Cold
1,0,0,0,0,0,1,1,0,1,1,1,0,1,1,1,0,0,1,1,0,0,1,1,0,0,UTI
1,0,0,0,1,1,0,1,0,1,0,0,1,0,0,0,0,0,0,0,0,0,1,0,0,0,Hepatitis
1,0,1,0,0,1,0,0,0,0,0,0,1,1,0,0,1,1,0,1,1,1,0,1,1,1,COVID-19
1,1,0,0,0,0,1,0,0,0,1,1,1,0,0,0,0,1,1,1,0,0,1,1,1,1,Dengue
0,0,1,1,1,1,1,1,0,1,1,0,0,1,0,0,1,0,1,0,1,1,1,1,0,0,Asthma
1,0,1,1,0,0,0,0,0,0,1,0,1,1,0,1,1,1,0,0,1,0,0,0,0,0,Bronchitis
0,1,1,1,0,1,1,1,0,1,1,1,1,1,0,1,0,0,1,1,0,0,1,1,1,1,Typhoid
1,0,1,0,1,1,1,1,1,1,1,1,1,0,1,0,1,0,0,1,0,1,0,1,0,1,Influenza
1,1,1,1,0,0,1,0,1,1,1,1,1,0,1,0,0,1,0,1,1,0,0,0,1,1,Hepatitis
0,1,1,1,1,0,0,1,1,0,0,0,1,0,0,1,1,1,0,1,0,0,1,1,0,0,Typhoid
1,1,1,1,0,1,0,0,1,1,1,0,0,0,1,1,1,0,0,1,0,0,0,1,0,1,Appendicitis
0,1,1,0,0,1,0,0,1,1,1,0,1,1,0,1,1,1,0,0,1,0,0,0,1,1,Hepatitis
1,1,0,0,0,1,1,0,1,0,0,0,1,1,1,1,0,1,1,1,0,0,0,0,1,0,Tuberculosis
0,0,1,0,1,0,0,1,0,0,1,0,1,1,1,0,1,1,1,1,1,0,1,0,1,1,Hepatitis
1,1,1,1,0,0,1,0,1,0,0,1,0,1,0,0,1,0,1,0,0,0,1,0,0,1,Typhoid
0,0,1,0,0,0,0,0,0,1,0,0,0,0,1,1,1,0,1,1,0,1,0,0,1,1,Typhoid
0,1,1,1,1,0,0,1,0,0,1,0,1,0,1,0,1,1,0,1,0,1,1,0,1,1,Pneumonia
1,0,1,0,1,0,0,1,1,0,1,0,1,1,1,1,1,0,1,1,0,1,0,1,0,1,Influenza
1,1,1,1,0,0,1,1,1,0,1,1,1,1,0,1,0,1,0,0,1,0,1,0,1,1,Migraine
0,0,0,1,1,1,0,0,1,0,1,1,0,0,0,1,1,1,0,0,0,0,1,0,1,1,Arthritis
1,0,1,0,0,0,1,0,1,1,1,0,0,0,1,1,0,0,1,1,1,1,0,0,0,1,Hepatitis
0,0,1,1,0,1,0,1,1,0,0,0,0,0,1,1,0,1,0,1,0,0,1,0,0,1,Arthritis
0,1,0,0,0,1,0,0,1,1,1,0,1,0,1,1,0,1,1,0,0,0,0,1,0,0,Appendicitis
0,1,0,0,0,1,1,0,0,0,0,1,1,1,1,1,1,0,0,1,0,1,1,1,0,1,COVID-19
0,0,0,1,0,0,0,1,1,1,0,1,1,1,1,1,0,1,1,1,1,1,0,0,0,0,Typhoid
1,1,0,1,0,0,0,1,0,0,1,0,1,0,0,1,0,1,1,1,1,0,1,1,1,1,Dengue
1,1,0,1,1,0,0,0,0,0,1,1,1,1,1,1,1,0,0,0,0,0,0,1,1,0,Meningitis
1,1,1,1,0,0,1,1,1,1,1,0,0,1,0,1,0,1,1,1,0,1,0,1,1,0,Malaria
0,1,1,1,0,1,0,0,1,0,1,1,0,0,1,1,0,0,1,0,1,0,1,1,1,0,Arthritis
0,1,1,0,0,0,1,0,0,1,1,0,0,0,0,0,1,0,1,0,1,1,0,0,1,0,Heart Disease
0,0,1,0,0,1,0,0,1,1,0,0,1,0,0,1,1,1,0,0,0,1,1,1,0,1,Food Poisoning
1,1,1,1,0,1,0,0,1,0,0,0,1,0,1,1,1,1,0,1,0,1,1,0,1,0,Conjunctivitis
0,1,0,1,1,1,0,1,1,1,0,0,0,0,1,0,1,1,0,1,0,0,0,1,0,0,Arthritis
1,0,1,1,0,1,0,1,1,1,0,1,0,0,1,1,0,1,0,0,1,1,1,1,0,0,Tuberculosis
0,0,0,0,1,1,0,1,1,1,0,1,0,0,1,0,1,1,0,0,1,0,0,0,0,0,Dengue
1,0,1,0,0,0,1,1,0,0,1,1,0,0,1,0,1,1,1,1,0,0,1,0,0,0,Dengue
1,0,0,1,0,0,1,1,0,0,0,1,1,0,1,1,1,1,1,1,0,1,1,1,0,1,Conjunctivitis
1,1,0,1,1,0,0,0,0,1,1,0,0,0,0,1,0,0,1,1,0,0,1,0,1,1,Chickenpox
1,0,1,0,1,0,1,0,1,0,0,0,1,0,1,0,1,0,1,1,1,1,0,1,1,0,Hepatitis
0,0,1,1,1,1,1,1,1,0,1,0,0,0,0,0,1,1,0,1,1,1,1,1,0,0,Common Cold
1,0,1,0,1,0,0,0,0,0,1,1,0,1,0,0,0,1,1,0,0,1,1,1,1,0,Migraine
1,1,1,0,1,1,1,0,1,1,0,1,1,0,1,0,0,1,0,0,1,1,0,0,0,0,Appendicitis
1,1,0,1,1,0,0,1,1,0,1,1,1,1,1,0,1,0,0,0,0,1,0,1,0,1,Migraine
0,0,1,1,1,0,1,0,0,0,1,1,0,1,0,1,1,1,1,1,0,1,1,0,1,1,Migraine
1,1,1,0,1,1,1,1,1,1,1,1,1,0,0,0,0,1,1,1,0,1,1,1,0,1,Typhoid
0,0,0,0,1,0,1,1,1,1,0,1,0,0,1,1,1,1,0,1,1,0,0,1,0,1,Arthritis
1,1,1,1,0,1,1,0,1,0,0,0,1,1,0,0,1,1,1,1,1,1,1,1,0,1,Gastroenteritis
1,1,1,0,0,0,1,0,0,1,1,1,0,1,1,1,0,0,0,1,1,1,1,1,0,1,Typhoid
1,1,1,1,1,1,0,0,0,0,1,1,0,0,1,1,0,1,1,1,0,0,1,1,0,1,Common Cold
1,1,0,0,1,0,0,1,1,1,1,1,1,1,0,0,0,1,0,0,1,1,0,1,0,1,Gastroenteritis
1,0,0,0,1,1,0,0,0,0,1,1,0,1,1,0,1,1,0,1,1,1,0,1,0,0,COVID-19
0,1,0,0,1,1,1,0,0,0,0,0,1,0,1,1,1,1,1,0,1,1,1,0,0,1,Heart Disease
0,0,0,1,1,1,1,0,0,1,1,1,0,1,1,1,0,0,1,0,1,1,1,0,0,0,Common Cold
1,1,0,0,0,0,0,1,1,0,1,0,0,1,1,1,1,0,0,0,0,1,1,1,1,1,Asthma
0,0,1,0,1,1,1,1,0,1,0,0,0,1,0,1,1,0,0,1,1,1,0,1,1,1,Gastroenteritis
1,1,0,0,1,1,0,0,1,1,1,1,0,1,1,1,1,0,1,1,1,1,1,0,0,0,Common Cold
1,0,0,0,1,0,1,1,1,0,0,1,0,0,0,1,1,1,0,0,0,1,0,0,1,1,Appendicitis
0,1,1,1,1,0,1,1,0,1,0,0,1,0,1,0,0,0,0,0,0,1,1,0,0,1,Gastroenteritis
1,1,1,0,1,1,0,0,0,0,0,0,1,0,0,0,1,1,0,1,1,0,1,0,1,0,Malaria
0,1,0,1,0,0,1,1,1,0,0,1,1,1,1,0,1,1,0,0,1,1,0,0,1,0,Hepatitis
0,0,1,0,0,1,1,0,0,0,0,0,1,0,0,0,0,0,1,0,0,1,0,0,0,1,Conjunctivitis
1,1,0,1,1,0,1,1,1,1,0,1,1,1,1,1,0,0,1,0,1,1,0,0,0,1,Food Poisoning
0,1,1,0,0,1,1,1,0,1,0,1,1,0,0,0,0,0,0,0,1,1,1,1,0,1,Arthritis
0,1,0,1,0,0,0,0,0,1,1,0,1,1,1,1,1,1,1,1,1,1,1,1,1,1,Hepatitis
1,1,1,0,0,1,1,1,1,1,1,1,1,0,1,1,1,0,1,1,1,1,0,1,1,0,UTI
1,0,0,1,0,0,0,1,0,0,1,0,0,0,1,0,0,0,1,0,1,1,0,1,1,1,Typhoid
0,0,0,1,1,1,1,1,0,0,0,0,1,0,1,1,1,1,0,0,0,1,1,0,0,0,Dengue
0,0,0,1,0,1,1,1,0,0,0,0,0,1,1,1,1,0,1,0,1,1,0,1,0,1,Tuberculosis
1,0,0,0,0,0,0,0,1,0,1,0,0,1,0,0,0,1,1,1,0,1,0,0,0,1,Appendicitis
0,0,0,1,0,1,0,1,1,0,1,1,0,1,0,0,1,1,0,0,0,0,0,0,0,1,COVID-19
0,1,1,1,0,1,0,0,0,1,1,0,1,0,0,0,1,1,0,1,1,0,1,1,1,0,Meningitis
1,1,1,0,0,0,0,1,0,1,0,0,0,0,0,1,0,0,0,1,0,0,0,1,0,1,Migraine
0,0,0,1,0,0,1,0,0,1,1,0,0,0,0,0,1,0,1,0,1,0,1,0,1,0,Chickenpox
0,0,0,1,0,1,0,1,0,0,0,1,1,1,0,1,1,0,0,1,1,0,0,1,0,1,COVID-19
1,0,0,1,0,0,1,1,0,0,0,0,0,1,1,1,1,0,0,1,1,1,0,0,0,1,COVID-19
1,0,0,0,0,0,1,1,1,0,0,0,0,1,0,1,0,1,1,1,0,0,0,1,0,0,Conjunctivitis
0,0,0,0,1,1,0,0,0,0,0,0,1,0,1,0,1,1,0,1,1,0,1,1,1,1,UTI
0,1,0,0,1,1,0,0,0,1,0,0,1,0,1,0,0,0,1,1,0,1,1,0,1,0,Tuberculosis
0,0,0,0,0,0,1,1,0,1,1,1,1,0,1,1,1,1,0,1,1,1,0,1,0,0,Food Poisoning
1,1,0,0,1,0,1,1,1,1,1,1,1,1,1,1,1,1,1,0,1,0,1,0,1,1,Hepatitis
0,1,1,0,1,0,0,1,0,1,0,0,0,0,1,0,1,0,1,1,0,1,1,1,1,0,Conjunctivitis
1,0,1,0,0,0,1,0,0,0,1,1,1,0,0,0,0,1,0,1,0,0,0,1,0,1,Arthritis
0,1,1,1,1,0,0,0,0,1,1,1,1,0,0,1,1,1,1,1,0,1,0,1,1,0,Chickenpox
0,0,1,0,0,1,1,0,1,0,0,0,0,0,0,0,1,0,1,0,1,0,1,1,1,0,Heart Disease
0,0,1,1,1,0,0,0,1,1,0,0,0,1,0,0,0,1,1,1,0,1,0,1,1,1,Common Cold
0,0,0,1,1,1,0,1,0,1,0,0,0,1,0,1,0,1,1,0,1,1,0,0,0,0,COVID-19
1,1,0,1,1,1,1,0,1,1,0,1,1,1,1,0,0,1,0,1,0,1,1,1,1,0,Appendicitis
1,1,0,1,0,0,1,1,0,0,1,0,1,1,0,0,1,1,0,1,1,0,1,0,1,0,Common Cold
1,0,0,1,0,1,0,1,1,0,1,1,0,1,1,0,1,1,0,0,1,0,0,1,0,1,Common Cold
1,1,1,0,0,1,1,1,0,1,1,0,1,1,0,0,1,1,1,1,1,0,1,1,1,0,Conjunctivitis
1,0,0,0,0,1,0,1,0,0,0,0,0,0,1,1,0,1,0,1,0,0,0,0,0,1,Appendicitis
1,1,0,0,0,0,1,0,1,1,1,1,0,1,1,1,0,1,0,1,0,0,0,1,1,1,Malaria
1,0,0,1,1,0,0,1,0,1,1,1,0,0,1,1,1,1,1,0,0,1,1,1,1,0,Dengue
0,0,0,0,0,0,0,0,1,0,0,0,1,0,1,1,0,0,1,0,0,1,0,0,0,0,Common Cold
0,0,1,1,0,0,1,1,0,1,1,1,1,1,1,1,1,0,0,1,1,0,0,0,0,0,Chickenpox
1,1,0,1,1,1,0,1,0,0,0,1,0,1,1,0,1,1,1,1,0,1,1,1,1,0,Typhoid
1,1,1,1,0,0,1,1,0,1,0,1,1,1,1,0,0,0,0,0,0,0,1,1,1,1,Asthma
1,0,0,1,0,1,1,1,1,0,1,1,1,1,1,1,0,1,0,0,0,0,1,1,1,1,Migraine
0,1,0,0,0,0,1,0,0,0,0,0,1,1,0,1,1,1,0,0,0,0,1,1,1,1,Common Cold
1,1,0,0,0,1,1,0,1,0,0,1,1,0,1,0,1,0,1,0,1,1,1,0,1,0,Arthritis
0,1,0,0,0,0,0,0,0,1,0,1,0,1,1,0,0,1,1,1,0,0,1,1,1,1,UTI
1,0,0,0,0,0,1,1,0,1,0,1,1,0,0,1,0,1,0,0,0,1,1,1,0,0,Influenza
1,0,0,0,0,0,1,0,0,0,0,0,1,0,0,1,0,1,1,0,0,0,0,0,1,1,Appendicitis
0,1,1,1,1,0,0,0,0,0,0,1,0,1,0,0,1,0,0,1,0,0,0,0,0,0,COVID-19
1,1,0,1,0,0,0,1,0,0,1,1,0,1,0,0,1,0,1,1,0,1,0,1,1,1,Conjunctivitis
0,1,0,0,1,0,0,1,0,1,1,0,0,0,0,0,1,1,0,1,0,0,1,1,0,1,Common Cold
1,1,0,1,0,1,0,0,1,0,1,0,1,0,1,0,0,1,1,1,1,1,0,0,1,0,Hepatitis
1,0,0,1,0,0,1,0,0,0,0,0,1,0,0,0,1,0,1,0,1,1,1,0,1,0,Conjunctivitis
0,0,1,0,1,1,0,1,0,1,0,1,0,1,1,1,0,1,1,0,0,0,1,0,0,0,Tuberculosis
1,0,1,1,1,0,1,0,0,0,1,1,1,0,1,0,1,0,0,0,0,0,0,0,0,1,Migraine
1,0,1,0,1,1,0,1,1,1,1,0,0,0,0,1,1,1,0,0,1,1,1,1,0,0,Migraine
0,0,0,0,1,0,0,0,1,0,1,0,0,0,0,1,0,0,0,0,0,1,1,1,1,0,Appendicitis
0,0,1,1,0,0,1,0,0,0,0,0,1,1,0,0,1,1,1,1,1,0,1,1,1,1,Malaria
0,1,1,1,0,0,0,0,0,1,1,0,0,0,0,0,0,0,0,1,1,1,1,1,0,1,Arthritis
1,1,1,0,0,1,1,1,0,1,1,1,0,0,0,1,1,1,0,0,0,1,0,0,1,1,Food Poisoning
1,1,0,1,0,1,1,0,0,1,0,0,1,1,0,1,1,0,1,1,1,1,0,1,1,1,Bronchitis
1,0,1,0,0,0,1,0,0,1,1,0,1,0,1,1,1,0,1,1,1,0,1,1,1,1,Food Poisoning
0,1,0,1,1,1,1,0,1,1,1,1,1,0,0,1,1,0,1,0,0,1,0,0,1,0,Tuberculosis
1,1,0,0,0,0,1,0,0,1,0,1,1,1,1,1,0,1,0,0,0,0,1,1,0,1,Hepatitis
1,0,1,1,1,0,0,0,0,1,0,1,0,0,0,0,1,0,0,1,0,1,1,1,1,0,Bronchitis
1,0,0,1,0,1,0,1,1,1,1,0,0,1,0,1,1,0,0,0,0,0,1,0,0,1,Chickenpox
1,0,1,1,1,1,0,0,0,0,1,1,1,1,0,0,1,0,0,1,0,0,1,1,0,1,Pneumonia
1,0,0,0,1,1,1,1,0,0,1,1,0,0,0,1,1,0,0,1,1,0,0,0,0,0,Tuberculosis
0,0,1,1,0,0,0,1,0,0,1,1,1,0,1,1,0,0,0,0,0,1,0,1,0,0,Dengue
0,1,1,1,0,0,0,0,1,0,0,1,0,1,1,1,1,1,0,1,0,0,0,0,1,1,UTI
1,1,1,1,1,0,1,1,1,1,0,0,0,1,1,1,0,1,1,1,0,1,0,1,1,1,Influenza
0,0,1,0,1,1,0,0,1,1,1,0,1,0,1,1,0,0,0,0,0,0,1,0,1,0,Influenza
0,1,0,1,1,1,1,0,0,0,1,1,1,1,1,0,0,1,0,1,0,1,0,0,1,0,Food Poisoning
0,1,1,1,0,1,1,0,1,1,1,0,1,0,1,1,0,1,0,0,1,1,1,0,1,0,Conjunctivitis
1,1,0,0,1,1,0,0,0,1,1,0,1,0,1,1,1,0,0,0,1,1,0,1,0,1,COVID-19
0,0,0,1,1,1,0,1,0,0,1,0,0,1,1,0,0,1,0,0,1,1,0,1,0,0,Gastroenteritis
0,0,1,0,0,1,1,1,0,1,0,1,1,1,0,1,1,0,1,1,1,0,0,0,1,1,Hepatitis
0,0,0,1,0,1,1,1,1,0,1,0,0,0,0,1,0,1,1,1,1,1,0,0,0,1,Malaria
1,1,0,0,1,1,0,0,1,1,0,0,1,0,0,1,1,0,1,1,1,0,0,1,0,1,Meningitis
0,0,0,1,1,0,1,1,1,1,0,1,1,0,0,1,0,1,1,0,0,1,1,0,0,1,Food Poisoning
1,1,1,0,1,0,0,0,0,0,0,1,0,1,0,1,1,0,0,1,1,1,1,1,0,1,Chickenpox
1,0,0,1,0,1,1,1,0,1,1,0,1,0,0,1,0,1,1,0,1,0,0,0,0,0,Asthma
0,1,1,1,1,0,0,1,1,1,0,1,1,1,0,0,1,1,1,1,1,1,1,1,1,1,Arthritis
0,0,0,0,0,0,0,1,0,0,0,0,0,0,1,0,1,0,1,0,1,1,1,0,1,1,Pneumonia
1,0,0,0,0,0,0,1,0,1,1,1,0,0,1,0,1,0,0,1,1,0,0,1,0,0,Appendicitis
1,0,1,1,1,1,0,0,1,1,1,1,1,0,1,0,0,1,1,0,1,0,0,1,1,1,Meningitis
0,0,0,0,0,0,1,1,1,1,0,1,0,1,0,1,1,1,1,0,0,1,1,0,0,1,Malaria
0,1,1,1,1,1,0,1,0,1,1,0,1,1,0,1,0,0,0,1,1,0,1,0,1,1,Chickenpox
0,0,0,0,0,0,0,1,1,0,0,1,1,1,0,0,1,0,1,0,0,1,1,0,0,0,Malaria
0,1,0,1,0,1,1,1,0,0,0,1,0,0,1,0,1,0,0,0,0,1,0,0,0,1,UTI
1,0,1,0,1,0,0,1,0,0,0,1,1,1,0,1,1,0,1,1,1,1,1,0,1,1,Appendicitis
0,1,1,1,0,1,0,0,1,1,1,1,1,0,1,0,1,0,0,0,1,1,1,1,1,0,Migraine
0,1,0,1,1,1,1,0,1,0,0,1,1,1,0,1,0,1,0,1,0,0,1,1,0,1,Arthritis
1,0,0,1,0,0,0,0,1,1,1,1,1,1,0,1,0,0,0,0,1,1,0,1,1,0,Dengue
0,0,0,1,1,1,1,1,1,1,0,1,1,0,0,1,1,1,1,1,0,1,1,1,0,1,Pneumonia
0,0,1,1,1,0,1,0,1,0,0,0,1,0,0,1,1,1,1,1,0,0,0,0,1,0,Common Cold
0,0,1,0,0,0,0,1,0,0,1,0,0,0,1,0,1,1,0,0,0,1,1,1,0,1,Meningitis
1,1,1,1,1,1,1,0,1,0,0,0,0,0,0,1,1,0,1,1,1,1,0,0,1,0,Hepatitis
1,0,1,1,1,1,0,0,0,1,0,0,0,0,1,0,0,1,0,0,1,1,1,0,1,1,Hepatitis
0,1,0,0,0,1,0,1,0,0,0,0,0,0,1,1,1,1,1,0,1,0,1,1,0,1,UTI
1,1,0,1,1,0,0,0,1,1,0,1,0,1,0,1,0,1,1,0,1,0,1,0,0,0,Dengue
0,1,0,0,0,1,0,1,1,1,1,0,0,1,1,0,0,1,0,1,0,1,0,0,0,0,Conjunctivitis
0,1,0,1,1,0,0,1,0,1,1,0,0,0,1,1,1,0,1,0,0,1,0,1,0,1,Asthma
1,0,0,0,1,0,1,0,0,0,0,1,0,1,0,0,0,0,0,0,1,1,1,0,1,0,Appendicitis
0,1,0,0,0,1,1,1,0,0,0,0,0,1,1,1,1,1,1,0,1,1,1,0,1,0,Hepatitis
1,0,1,0,0,0,1,0,0,0,1,0,1,1,0,0,0,1,1,1,0,1,1,1,0,0,Gastroenteritis
0,0,0,1,0,1,0,1,1,0,0,0,1,0,0,0,1,0,0,1,0,0,0,1,0,1,COVID-19
1,1,0,1,0,0,0,1,1,1,1,0,0,0,1,1,0,1,0,1,0,0,0,1,1,1,Common Cold
1,0,1,0,0,1,0,0,1,0,0,1,0,0,0,1,1,1,1,1,0,1,0,1,0,0,Meningitis
1,1,0,1,0,1,1,0,0,0,0,0,0,1,1,1,1,0,1,1,0,1,1,1,0,1,Pneumonia
1,1,0,0,0,0,0,0,1,0,1,1,0,1,1,0,0,1,1,0,1,1,1,0,1,0,Chickenpox
1,0,0,0,0,1,0,0,0,1,1,1,0,0,0,1,0,1,0,0,1,1,0,0,1,1,COVID-19
0,1,0,0,1,1,0,0,0,0,1,1,0,1,0,0,0,1,0,1,0,0,1,1,0,0,Tuberculosis
0,1,0,0,1,0,1,1,1,0,0,1,1,1,1,0,0,0,1,1,1,0,0,0,1,0,Tuberculosis
0,0,1,0,1,0,1,1,0,1,0,1,1,1,1,1,0,1,0,0,0,1,1,0,0,0,Malaria
1,1,1,1,0,0,0,0,1,0,0,0,0,0,1,0,0,0,1,0,1,1,0,0,0,0,Chickenpox
0,0,0,0,0,0,0,1,1,1,0,0,0,1,1,0,0,0,1,0,1,0,1,1,0,1,Meningitis
1,1,0,0,1,1,1,0,0,1,1,0,1,0,1,1,1,1,1,0,1,1,0,0,1,1,Hepatitis
1,1,1,0,1,0,1,1,0,0,1,1,0,0,1,1,1,0,1,1,0,0,0,0,0,1,Heart Disease
0,1,1,0,1,1,1,1,0,1,0,1,1,0,1,0,0,1,0,0,1,0,1,1,0,1,Food Poisoning
1,0,1,1,0,0,0,1,1,0,0,0,0,1,0,1,1,1,0,1,1,1,1,1,1,0,Typhoid
1,1,0,1,1,0,1,0,1,1,1,0,0,1,0,1,1,0,0,1,0,1,1,0,1,1,Common Cold
0,1,0,1,1,0,0,0,0,1,0,1,0,1,1,0,1,1,0,0,0,0,0,0,1,1,Migraine
0,1,0,1,0,1,1,0,1,1,0,0,0,0,1,0,1,0,0,1,1,1,1,0,0,1,Arthritis
1,0,1,0,1,1,0,0,1,0,1,1,1,1,0,0,0,0,0,1,0,1,1,0,1,1,Influenza
1,0,0,0,0,1,1,0,1,0,0,1,1,1,1,1,0,1,1,0,1,1,1,1,1,0,Arthritis
0,0,1,0,1,1,1,0,0,1,0,1,1,1,0,0,1,1,0,0,0,1,1,1,0,0,Conjunctivitis
1,0,1,0,1,0,0,0,1,0,0,0,0,0,0,0,1,1,1,0,0,1,1,1,0,1,Bronchitis
1,1,1,1,0,0,1,0,0,1,1,0,0,0,0,0,0,0,1,1,1,1,1,1,1,0,Influenza
0,1,1,1,0,0,0,1,0,0,1,0,1,0,1,0,0,1,0,0,1,1,1,0,1,0,Common Cold
0,1,0,0,1,1,0,0,0,0,1,0,0,0,0,1,0,0,1,1,0,1,1,0,1,0,Gastroenteritis
1,1,0,0,0,1,1,0,1,0,1,1,1,1,1,0,0,0,1,1,1,1,0,0,0,1,Conjunctivitis
1,0,0,0,0,1,1,1,0,0,1,1,1,0,0,1,1,0,0,0,0,0,1,0,1,0,Conjunctivitis
1,0,1,0,0,0,0,0,1,1,0,0,1,1,0,0,1,0,1,0,1,0,0,1,0,1,COVID-19
1,1,1,1,0,1,0,0,0,0,0,0,1,1,1,0,1,1,0,0,0,0,1,1,1,0,Gastroenteritis
1,0,1,0,1,1,0,1,0,1,1,1,0,0,1,1,1,1,0,0,0,1,0,0,1,0,Pneumonia
1,1,0,1,0,1,0,1,0,1,0,0,0,1,0,1,0,1,0,0,1,1,0,1,0,1,Chickenpox
0,0,1,0,0,1,1,0,1,0,0,1,1,0,1,1,0,0,0,1,1,1,1,0,1,1,Malaria
1,1,1,0,1,0,0,1,1,0,1,1,0,0,1,0,0,1,0,0,0,0,0,1,1,0,Migraine
1,1,1,1,1,1,1,0,1,0,1,0,0,0,1,0,1,0,0,0,0,1,0,1,0,1,Malaria
1,0,1,1,1,1,1,0,0,0,1,0,1,1,0,0,1,0,0,1,0,1,0,0,0,0,Hepatitis
0,1,0,0,1,0,1,1,0,0,0,1,0,0,0,1,0,1,0,0,1,1,0,0,0,1,Pneumonia
1,0,1,1,1,0,0,0,0,0,0,1,0,0,0,0,0,0,1,0,1,1,1,1,0,1,Common Cold
0,1,0,0,1,1,1,1,0,1,0,1,1,0,1,0,0,0,1,0,1,0,1,0,1,1,Heart Disease
0,1,0,0,1,0,1,0,0,1,0,1,0,1,0,0,0,1,0,1,0,1,0,1,1,0,Migraine
1,1,0,0,0,0,1,0,0,1,0,0,1,1,0,1,0,0,1,1,1,1,1,1,1,1,Dengue
1,0,0,0,1,1,1,0,0,1,0,0,0,0,1,0,1,0,0,0,1,1,1,1,0,0,Food Poisoning
1,1,0,0,1,1,1,1,1,1,1,1,1,0,1,1,0,0,0,0,0,1,1,1,1,0,Influenza
0,0,0,0,1,0,1,0,0,1,1,1,0,0,0,1,0,1,0,0,1,0,1,0,1,0,Conjunctivitis
1,1,1,1,0,1,1,0,1,1,0,0,0,0,0,1,1,0,0,0,0,0,0,1,1,1,Asthma
0,1,1,1,0,1,1,1,0,0,0,0,0,1,0,0,1,1,0,0,1,1,0,0,0,0,Appendicitis
1,0,0,1,0,0,1,1,0,0,0,0,1,0,1,0,1,1,1,1,1,0,0,1,0,1,Chickenpox
0,0,0,0,0,1,1,1,1,0,1,0,0,1,1,0,0,0,0,1,0,1,1,0,1,1,Appendicitis
0,0,1,1,0,0,0,1,1,0,1,1,1,0,1,1,1,0,0,0,0,1,1,0,1,0,Food Poisoning
1,1,1,0,1,1,1,0,0,0,1,0,1,0,1,0,1,1,0,0,1,0,0,0,0,1,Tuberculosis
1,1,0,0,0,1,1,0,0,0,1,0,0,0,0,1,1,1,0,0,0,0,0,1,0,1,UTI
0,0,1,1,0,0,1,0,1,1,0,1,1,1,0,0,1,0,0,1,1,1,0,0,1,0,Food Poisoning
0,1,0,1,0,0,1,1,1,1,1,0,1,0,1,0,0,0,1,0,1,0,1,1,0,1,Conjunctivitis
0,0,1,1,0,0,0,1,0,1,0,1,1,1,1,1,1,1,1,0,1,1,0,0,1,0,Bronchitis
1,1,0,1,1,1,0,0,0,1,1,1,0,0,1,1,0,1,1,1,1,1,1,0,0,1,Hepatitis
0,1,1,1,0,1,0,0,0,0,0,1,1,0,0,1,0,1,0,0,0,0,0,1,1,0,Heart Disease
1,1,0,0,1,1,0,0,1,0,1,1,1,1,1,1,1,1,0,1,0,1,1,0,1,1,Chickenpox
0,1,0,1,0,1,1,0,1,1,0,0,0,0,1,0,1,1,1,1,0,0,0,1,0,0,COVID-19
1,0,1,0,0,0,0,1,1,1,0,0,0,1,1,1,1,0,0,0,0,1,0,0,0,0,UTI
1,0,0,1,0,1,1,1,0,1,0,1,1,0,0,1,0,0,1,0,0,0,1,1,0,1,Appendicitis
0,1,1,1,1,0,0,0,1,1,1,1,0,1,1,0,0,1,0,1,1,0,1,0,1,1,Heart Disease
0,0,0,1,1,0,0,0,0,0,1,1,0,0,1,0,1,1,0,1,0,1,0,1,1,0,Dengue
1,1,0,0,1,1,1,1,1,1,0,1,1,1,0,0,0,1,0,1,1,0,1,1,1,1,Influenza
0,0,1,0,1,0,1,0,0,1,0,1,1,1,1,1,0,0,1,0,1,0,1,0,1,1,Appendicitis
0,0,1,0,0,1,0,1,0,0,0,1,1,0,1,1,0,1,1,0,0,1,1,0,1,1,Common Cold
1,0,0,1,1,1,0,0,1,1,0,1,0,1,0,1,0,1,0,0,0,1,0,0,1,1,Tuberculosis
1,1,1,1,0,1,1,1,1,0,0,1,0,1,1,0,0,0,0,0,1,1,1,0,0,1,Chickenpox
1,0,1,0,0,1,1,1,1,1,1,0,0,1,0,0,1,1,1,0,1,0,0,0,1,1,Dengue
0,1,1,1,1,0,0,1,0,0,1,0,1,0,0,1,1,0,1,1,0,1,1,1,0,1,Tuberculosis
1,0,1,0,0,0,0,1,1,0,0,0,1,0,1,0,1,0,0,0,0,1,1,1,1,1,Migraine
0,1,0,1,0,1,0,0,1,0,0,0,0,1,0,1,1,0,1,1,1,1,1,1,0,0,Malaria
1,0,0,0,0,1,1,1,0,0,0,1,0,0,0,0,0,1,1,1,1,1,1,0,0,1,Common Cold
0,1,1,0,0,0,1,0,0,1,0,0,1,0,1,0,1,1,0,1,1,0,1,0,0,0,Gastroenteritis
1,0,1,1,0,1,1,0,1,1,0,1,1,0,1,1,0,1,0,0,0,1,0,1,1,1,Common Cold
1,0,0,0,1,1,0,1,0,0,1,0,0,1,0,1,0,0,1,1,1,1,0,0,0,1,Migraine
1,1,1,0,0,1,0,1,0,1,0,1,1,1,1,1,1,1,0,0,1,0,0,0,1,0,Tuberculosis
0,0,1,0,1,0,0,1,0,0,0,1,0,0,1,0,0,1,0,1,1,0,1,1,0,0,Dengue
0,1,1,1,1,0,0,1,1,0,1,1,0,0,0,0,1,1,1,0,0,0,1,1,1,1,Gastroenteritis
0,0,1,1,1,1,0,0,0,0,1,1,1,0,0,0,1,1,0,1,1,1,0,0,1,1,UTI
1,1,1,0,1,1,1,1,1,0,1,0,0,1,1,0,0,1,1,1,0,1,1,0,0,0,Malaria
1,0,0,1,0,0,0,1,0,1,1,1,0,0,1,1,1,0,0,1,0,1,0,1,0,1,UTI
0,0,1,0,1,0,1,0,0,0,0,1,0,0,1,0,1,1,0,0,0,1,0,1,1,1,Food Poisoning
0,1,1,0,1,1,1,0,1,1,1,1,1,0,1,1,1,0,1,1,1,0,0,0,1,0,Arthritis
1,1,1,1,0,0,0,1,1,0,1,1,1,1,0,0,0,0,1,1,1,0,0,1,1,1,COVID-19
1,0,1,0,1,1,1,1,0,0,1,1,1,1,0,1,0,0,0,1,1,0,1,0,0,0,Gastroenteritis
1,0,0,1,1,1,0,0,1,0,1,1,0,1,1,0,1,0,0,0,0,0,1,0,1,1,Meningitis
0,0,0,0,0,0,0,0,1,0,0,0,0,1,0,1,1,1,1,1,1,0,0,1,1,1,Migraine
0,1,0,0,0,1,0,0,1,0,1,1,0,1,1,0,1,0,0,0,0,1,1,0,0,1,Hepatitis
0,0,0,0,0,0,0,0,0,1,1,1,0,1,0,0,1,1,0,0,1,0,1,1,1,1,Appendicitis
0,1,0,0,0,1,1,0,0,0,1,0,0,0,0,0,0,1,1,1,1,1,0,0,0,1,Typhoid
0,1,1,1,1,1,1,1,0,0,0,0,1,1,1,0,1,0,0,1,1,0,0,0,0,1,Influenza
0,1,1,0,1,1,0,0,0,1,0,1,0,1,1,0,1,1,1,0,1,1,1,0,1,1,Tuberculosis
0,1,0,0,0,0,0,1,1,1,1,0,0,0,0,0,0,0,0,1,1,0,0,1,0,0,Appendicitis
1,1,1,1,1,1,1,0,0,0,0,0,0,1,1,1,1,1,1,1,0,0,0,0,1,0,Food Poisoning
1,0,1,0,1,1,1,0,0,1,1,1,1,1,0,0,1,1,1,1,0,1,1,1,0,1,Asthma
1,0,0,0,0,1,1,0,1,1,1,1,1,0,1,0,0,0,0,1,0,0,0,1,0,1,Arthritis
1,0,0,0,1,1,1,1,1,0,1,0,0,0,0,1,0,1,1,1,0,0,0,0,0,0,Gastroenteritis
1,1,1,1,0,1,1,1,1,0,1,0,0,0,1,0,0,1,0,0,0,1,0,1,0,1,Tuberculosis
0,0,0,1,1,1,0,0,1,0,0,1,0,0,1,0,0,1,0,0,1,1,0,1,0,1,Arthritis
1,1,1,0,0,0,0,0,0,0,1,0,0,1,0,1,1,0,1,0,1,0,0,1,1,1,Appendicitis
1,0,1,0,0,1,1,1,1,1,0,0,0,1,1,0,0,0,0,0,0,0,0,1,1,1,COVID-19
1,1,0,0,0,0,0,1,0,0,0,1,0,1,0,1,0,0,1,1,0,1,1,1,0,1,Gastroenteritis
1,0,0,1,1,0,1,1,1,0,1,0,1,0,0,1,1,0,0,0,0,0,1,0,0,0,Food Poisoning
1,0,1,0,0,0,1,1,0,0,0,0,0,0,0,0,0,0,1,0,0,1,1,0,0,1,Bronchitis
0,0,1,1,0,0,1,0,1,1,0,0,1,0,0,1,1,1,1,0,1,0,0,0,1,0,Appendicitis
0,0,1,1,1,0,1,1,1,0,1,1,1,1,1,0,0,0,1,1,0,0,1,0,1,0,Dengue
0,0,0,0,0,0,0,1,0,1,0,0,0,1,1,1,0,1,0,1,0,0,0,0,0,0,Heart Disease
1,0,0,0,1,0,0,0,1,0,0,1,0,0,1,0,1,1,1,1,0,0,1,1,1,1,Typhoid
1,1,0,0,1,1,0,1,0,1,0,1,1,1,1,0,1,0,1,0,0,1,0,1,0,0,COVID-19
1,1,1,1,1,0,1,1,0,1,1,0,1,0,0,0,0,1,1,1,1,0,0,0,1,0,Gastroenteritis
1,1,1,0,0,1,0,1,0,1,0,0,1,1,1,1,1,0,1,0,1,1,0,0,0,0,Typhoid
1,1,0,1,0,1,1,0,0,1,0,1,1,1,1,0,0,0,0,1,1,1,0,1,1,0,Hepatitis
1,1,0,0,0,1,0,1,1,1,0,0,0,1,1,1,0,1,1,0,0,1,1,1,1,1,Typhoid
0,0,1,0,0,0,1,0,1,0,0,1,1,0,1,1,1,0,0,1,1,0,0,0,0,1,UTI
1,0,0,1,0,0,1,0,1,1,1,0,0,0,1,1,1,1,0,0,1,0,1,1,0,0,UTI
1,0,0,1,0,1,0,1,1,0,1,1,0,1,1,0,0,0,0,1,0,0,1,0,0,0,COVID-19
1,0,1,1,0,0,0,0,0,1,0,1,1,0,0,1,0,0,1,0,1,0,1,0,0,1,Hepatitis
0,1,1,1,0,0,1,0,0,1,0,1,0,1,1,0,0,1,0,0,0,0,1,0,1,1,Dengue
0,0,1,1,0,0,1,1,1,0,1,0,0,0,0,1,1,1,1,1,0,0,1,1,1,1,Dengue
0,1,0,0,1,0,0,0,1,0,1,0,1,0,1,1,0,0,1,0,1,0,1,0,1,0,Malaria
1,1,0,0,0,1,1,1,0,0,1,1,0,0,1,1,0,0,0,1,1,0,1,0,0,0,UTI
1,0,0,1,0,1,0,0,1,1,1,1,1,1,1,1,0,0,0,1,0,0,1,1,0,0,Conjunctivitis
0,0,0,1,0,0,1,0,1,0,0,0,1,1,1,1,1,0,0,0,1,1,1,1,1,0,COVID-19
0,1,0,0,1,0,1,1,0,1,1,0,0,1,0,1,0,1,0,1,0,0,0,0,1,0,Dengue
1,1,0,1,0,0,1,1,0,1,0,1,1,0,1,0,0,1,1,1,0,1,0,1,0,1,Conjunctivitis
1,1,0,1,0,1,0,0,0,1,1,1,1,0,0,0,0,1,0,0,1,0,0,1,0,0,Asthma
0,1,1,0,1,0,0,0,0,1,1,0,0,0,0,1,0,0,0,0,0,1,0,0,1,1,Common Cold
0,1,1,1,1,0,0,0,0,1,1,1,0,0,1,0,1,1,1,0,1,1,0,0,0,1,Dengue
0,1,1,0,0,1,0,0,1,0,1,0,1,1,1,0,0,1,1,0,0,1,0,1,0,1,Gastroenteritis
0,0,1,1,1,0,0,1,1,1,1,0,1,0,0,0,1,0,1,1,1,0,0,0,0,0,Heart Disease
0,0,1,0,0,1,1,1,0,0,0,0,0,1,1,0,1,1,1,0,0,1,1,0,1,1,Dengue
0,1,1,0,1,1,0,1,1,1,0,0,1,0,0,1,1,0,1,1,0,0,0,1,1,0,COVID-19
1,0,0,1,1,1,0,1,0,0,1,0,0,1,1,0,0,1,1,0,0,0,0,1,0,0,COVID-19
0,0,0,0,1,0,1,0,0,1,1,1,0,0,0,0,0,1,1,0,1,1,0,1,0,1,COVID-19
1,1,1,0,1,1,0,1,1,0,0,1,0,1,0,0,1,1,1,0,0,1,0,0,1,1,Chickenpox
1,0,1,1,1,0,0,0,1,0,0,0,1,0,1,1,0,1,1,0,1,0,1,0,1,1,Appendicitis
0,1,0,1,0,1,1,0,1,0,0,1,0,1,0,1,0,1,0,0,1,1,1,0,0,1,Appendicitis
1,0,1,1,0,1,1,0,0,0,1,0,0,1,0,1,0,0,0,1,0,0,1,0,1,0,Typhoid
1,1,1,0,1,0,1,1,1,1,1,0,1,0,0,0,0,0,1,1,1,0,0,0,1,1,Chickenpox
1,1,1,1,0,0,1,0,1,1,0,0,1,1,0,1,1,1,0,0,1,1,1,0,1,1,Hepatitis
0,1,0,1,0,1,0,0,0,0,1,1,0,1,0,0,1,0,1,0,0,0,0,1,1,0,COVID-19
1,1,1,1,0,1,0,0,1,1,1,1,0,0,1,0,1,0,1,0,0,1,0,0,1,1,Meningitis
0,1,1,1,1,1,1,1,1,1,0,0,0,0,1,0,0,0,0,1,1,1,1,0,0,1,Asthma
0,1,0,1,1,0,0,0,0,1,1,1,1,1,0,0,0,0,1,0,0,1,0,0,0,1,Tuberculosis
1,1,0,1,1,0,1,0,0,0,0,1,1,1,1,1,1,1,1,1,0,1,0,0,1,1,Heart Disease
0,0,1,0,1,0,1,0,1,1,1,0,0,0,0,0,1,0,0,0,0,1,0,1,0,1,Asthma
1,0,0,0,1,0,0,0,0,0,1,0,1,1,0,1,1,1,0,0,1,0,1,0,1,0,Common Cold
0,1,0,0,1,1,1,1,1,1,1,0,1,1,1,1,0,0,0,0,0,0,0,0,1,0,Asthma
1,0,0,0,1,0,1,0,0,1,1,1,0,1,0,1,1,1,0,0,1,0,1,1,1,1,Gastroenteritis
0,1,1,0,1,0,1,0,1,1,1,1,0,1,1,1,0,0,1,1,0,1,0,0,0,1,Food Poisoning
0,1,0,1,1,0,0,0,1,1,1,0,0,1,0,1,0,0,1,1,1,0,0,0,0,1,Chickenpox
0,0,0,0,0,1,1,1,0,1,0,0,1,1,1,0,1,0,1,1,1,0,1,1,0,0,Bronchitis
1,0,1,1,0,1,0,1,1,0,1,0,1,0,1,1,1,1,0,0,1,0,0,1,1,1,Food Poisoning
0,1,1,0,0,0,0,0,0,1,1,0,1,1,0,1,1,1,0,1,1,1,1,1,1,0,Malaria
1,1,1,0,0,0,0,0,0,0,1,1,1,0,1,1,1,1,0,0,1,0,1,1,1,0,Influenza
0,0,0,0,0,1,1,1,0,1,1,0,0,1,1,1,0,0,1,0,0,0,1,0,1,0,Bronchitis
0,1,0,0,1,0,1,0,0,0,1,0,1,0,0,0,1,0,1,0,1,0,1,1,1,1,Gastroenteritis
1,1,0,1,0,1,0,1,1,1,0,1,0,1,1,1,0,1,0,0,0,0,0,0,0,1,Asthma
0,1,0,1,1,0,1,1,0,0,1,0,0,1,1,0,0,1,0,0,0,0,0,1,0,0,Hepatitis
1,1,1,1,1,1,0,0,1,1,1,0,0,0,1,0,1,1,0,0,0,0,0,1,1,0,Influenza
1,1,1,1,0,1,0,0,0,1,0,0,1,0,0,0,1,0,1,1,1,0,1,0,1,1,Chickenpox
0,1,0,1,1,1,0,1,0,0,0,1,1,1,1,1,1,0,0,1,0,0,1,1,0,1,Heart Disease
1,1,1,0,1,0,1,1,0,1,0,1,0,0,1,0,1,1,1,1,1,1,1,0,0,1,Bronchitis
1,0,1,0,1,0,0,1,0,0,1,0,0,0,1,1,1,0,0,1,0,1,0,1,0,0,Common Cold
0,0,0,0,1,1,0,0,0,1,0,1,1,0,0,0,1,1,0,0,0,0,1,0,1,1,Bronchitis
1,1,1,1,1,1,0,1,0,1,1,0,1,1,1,1,1,0,0,1,0,0,1,1,1,0,Tuberculosis
0,1,1,0,0,0,0,0,1,0,1,0,0,0,1,1,1,1,1,1,1,1,0,1,1,0,Food Poisoning
1,1,0,0,1,1,0,0,1,1,0,1,1,1,1,1,1,1,1,1,0,1,0,0,0,0,Chickenpox
0,1,1,0,0,1,0,1,1,0,0,0,1,0,1,1,0,0,1,1,1,0,0,1,0,0,UTI
0,0,0,0,0,0,1,0,0,1,1,0,1,0,0,0,1,0,0,0,1,1,1,0,0,0,Conjunctivitis
0,0,0,1,0,0,1,1,0,0,0,0,0,1,0,1,1,1,1,0,0,0,0,0,1,0,Bronchitis
0,1,0,0,1,1,0,1,1,0,0,1,0,0,0,0,1,0,0,0,1,0,1,0,1,1,COVID-19
1,1,0,0,0,0,0,0,1,0,1,0,1,1,1,0,1,0,0,0,0,0,0,0,0,0,Common Cold
1,1,0,0,1,1,1,0,0,0,1,0,1,0,0,0,0,0,1,0,1,0,0,0,0,1,Pneumonia
0,0,1,1,0,0,1,0,1,0,0,1,1,1,0,1,1,1,0,0,0,1,1,1,1,0,Common Cold
0,0,0,1,0,1,0,0,0,0,1,1,0,0,0,1,1,0,0,1,1,1,1,0,0,1,Gastroenteritis
1,0,0,0,1,0,0,0,1,1,0,1,0,1,0,1,0,0,1,1,0,1,1,0,1,0,Appendicitis
1,1,0,0,0,1,1,0,1,0,1,0,1,0,0,0,0,0,1,0,1,0,1,0,0,1,UTI
1,1,1,1,1,0,1,0,0,1,0,0,0,1,1,1,0,0,1,1,0,1,1,1,1,0,Pneumonia
1,0,0,0,0,0,1,0,1,0,0,1,0,0,1,1,0,0,0,0,0,1,1,0,1,1,Migraine
0,1,0,0,0,0,1,0,1,1,0,0,0,1,1,1,1,1,0,1,1,0,0,1,0,0,Pneumonia
1,1,1,0,1,1,0,0,1,1,0,1,0,1,0,1,0,1,1,1,0,0,0,0,0,1,Chickenpox
0,1,0,0,0,1,0,0,1,1,0,0,1,0,0,1,1,0,1,1,0,1,1,0,0,0,UTI
0,1,0,1,1,0,0,1,0,1,0,1,1,1,0,1,1,1,0,0,0,1,0,0,1,1,Appendicitis
1,0,0,0,1,1,0,1,0,0,1,1,0,0,0,0,1,0,1,1,0,1,0,1,1,1,Conjunctivitis
1,0,1,0,0,1,0,0,0,1,1,0,1,1,0,1,1,1,0,1,0,0,0,0,1,0,Influenza
0,0,1,1,0,0,1,1,1,1,1,0,1,1,0,0,0,0,1,1,1,0,1,0,1,1,Meningitis
1,0,0,1,1,1,1,0,1,0,0,1,1,1,0,0,0,0,0,1,1,0,0,1,1,1,Migraine
0,0,1,1,0,0,0,0,0,1,0,1,1,0,0,0,1,1,1,0,0,0,1,0,0,1,Gastroenteritis
0,1,1,0,0,0,0,1,0,1,0,0,0,0,1,1,1,1,0,1,1,0,1,0,1,1,Food Poisoning
0,0,0,1,0,1,1,0,0,0,1,1,0,1,0,1,0,1,1,0,0,1,0,0,0,0,Heart Disease
0,1,1,0,0,0,0,0,0,0,1,0,1,1,0,0,1,0,1,1,1,0,1,0,1,1,UTI
1,1,0,1,0,0,0,1,0,0,1,0,1,1,1,0,1,0,0,0,1,1,0,0,1,0,Meningitis
1,0,1,0,0,0,0,1,0,1,1,0,0,0,1,0,1,0,1,0,0,1,1,0,0,1,Heart Disease
0,1,0,1,1,1,0,1,0,0,1,1,0,1,0,1,1,1,1,1,0,0,1,1,0,1,Arthritis
1,1,1,0,0,1,0,1,0,1,0,0,0,1,0,0,1,1,1,1,1,0,0,1,1,0,Pneumonia
0,1,1,0,0,1,0,0,0,0,1,0,1,1,1,1,0,1,1,0,0,0,1,0,1,0,Typhoid
0,1,1,1,1,1,0,0,1,0,1,0,1,1,1,1,1,0,1,1,0,0,0,0,1,1,Pneumonia
0,0,0,1,0,1,1,1,0,1,1,1,1,0,0,0,0,1,1,1,0,0,0,0,0,1,Tuberculosis
1,0,0,1,0,0,1,1,1,0,0,1,1,0,1,0,1,0,0,1,1,1,0,0,0,1,Appendicitis
1,1,0,1,1,1,0,1,1,0,1,0,1,0,0,0,0,1,1,0,1,1,1,0,0,1,Common Cold
1,0,1,0,1,0,1,1,0,0,1,0,0,0,0,1,1,0,1,0,1,0,0,0,1,0,Arthritis
0,0,0,1,0,0,1,0,0,1,1,0,1,0,1,0,1,0,0,0,1,0,0,0,1,0,Bronchitis
0,0,1,1,0,0,1,1,0,0,1,0,0,0,1,1,0,0,0,0,1,0,0,0,1,0,Migraine
0,0,1,0,0,0,1,1,1,1,1,1,1,0,1,0,0,0,0,0,0,1,0,1,1,1,Dengue
0,1,1,0,1,1,0,1,1,1,1,0,0,0,1,0,1,1,1,1,0,0,1,1,0,1,Migraine
0,0,1,0,0,1,1,1,1,0,1,0,1,0,1,0,0,0,1,1,0,0,0,0,0,0,Dengue
0,1,0,0,0,1,1,1,0,0,1,0,0,1,1,1,1,0,0,1,0,0,0,1,0,1,Gastroenteritis
1,1,1,0,0,0,0,0,1,0,0,0,1,1,1,0,1,1,1,1,1,1,1,0,1,0,Gastroenteritis
1,0,1,1,0,0,1,1,0,0,1,0,1,0,1,0,1,1,0,0,1,1,1,1,1,1,Tuberculosis
0,0,1,1,1,1,1,1,0,1,0,0,0,1,0,0,1,1,1,1,0,0,1,1,1,1,Chickenpox
1,1,1,1,1,1,0,0,0,1,1,1,0,0,0,1,1,0,0,1,1,1,1,0,1,0,Tuberculosis
1,1,0,1,0,1,1,1,1,1,1,1,1,0,1,0,1,0,0,1,1,0,0,1,1,0,Gastroenteritis
1,1,0,0,1,0,0,1,0,0,0,0,1,1,1,0,0,1,0,1,1,1,1,1,1,0,Dengue
1,1,1,0,0,1,1,1,1,1,1,1,1,1,1,1,0,0,0,0,1,1,0,0,0,1,Meningitis
1,1,1,0,1,1,1,1,1,0,0,0,0,0,1,1,1,1,0,0,0,0,0,1,0,0,Bronchitis
0,0,0,1,1,0,1,0,0,0,0,1,1,0,0,0,1,0,0,0,1,0,1,1,0,0,Pneumonia
0,1,1,0,0,1,0,1,0,1,1,1,1,0,1,0,1,1,1,1,0,1,0,1,0,0,Heart Disease
1,1,0,0,0,1,0,1,1,0,1,1,1,0,1,0,1,1,0,1,0,0,1,0,1,0,Migraine
0,1,1,1,0,1,1,0,1,1,0,0,1,0,0,1,0,1,0,1,1,1,1,1,1,0,Food Poisoning
1,0,0,1,0,0,1,1,1,0,1,0,1,1,0,0,0,0,1,0,1,0,1,0,0,0,Pneumonia
0,0,0,0,1,1,1,0,1,1,1,1,1,1,0,0,0,1,1,1,0,0,1,1,0,1,Arthritis
0,0,0,1,0,1,0,0,1,0,0,0,1,0,1,0,1,1,0,1,1,0,0,1,1,0,Meningitis
0,0,1,1,0,0,1,1,0,1,0,0,0,1,0,0,0,0,0,0,0,1,0,0,1,0,Migraine
0,1,0,1,1,0,1,1,1,0,1,1,1,0,0,1,0,0,1,0,0,1,1,0,1,0,Meningitis
0,0,0,1,0,0,1,1,0,1,0,1,1,1,0,1,0,0,0,1,1,1,0,1,1,0,Tuberculosis
1,0,1,0,1,0,1,0,1,1,0,1,0,1,1,1,1,1,1,0,0,1,0,0,1,0,Arthritis
0,1,1,1,0,1,1,1,0,1,0,1,1,1,1,1,0,0,1,0,1,1,1,1,1,0,Arthritis
0,0,1,1,1,0,0,1,1,1,1,1,0,1,1,1,0,1,0,1,0,0,1,1,1,0,Malaria
0,1,0,1,0,1,1,0,0,0,0,0,0,1,0,1,0,1,0,1,0,1,0,0,1,0,Malaria
1,1,0,0,0,0,1,1,0,0,0,0,1,0,1,1,1,0,1,0,0,1,1,0,1,1,Asthma
0,0,1,0,1,0,1,0,0,0,0,0,1,1,0,1,1,1,0,1,0,0,0,1,1,0,Chickenpox
1,0,1,0,1,0,0,1,0,1,1,1,1,1,1,1,1,1,1,0,0,0,0,1,1,0,Food Poisoning
0,0,0,0,0,0,0,1,1,1,0,1,0,1,0,0,0,0,0,0,1,1,1,0,1,0,Gastroenteritis
0,0,0,0,1,0,1,1,1,0,0,1,1,0,1,0,0,1,0,0,1,1,0,1,1,1,Typhoid
0,1,0,1,0,1,0,0,0,0,1,0,0,0,0,0,1,0,1,1,0,0,1,1,0,1,Arthritis
1,1,1,1,1,0,0,1,1,0,1,1,0,0,1,0,1,1,1,0,0,0,0,1,1,1,COVID-19
0,1,1,1,0,1,0,0,1,1,1,0,1,1,1,1,0,0,0,1,0,0,1,1,1,1,Typhoid
1,1,1,0,0,0,0,1,0,0,1,1,1,0,0,0,1,1,1,0,0,1,1,0,1,0,Hepatitis
0,1,0,1,1,0,1,1,1,1,0,1,0,1,1,1,1,1,0,1,0,0,0,1,0,1,COVID-19
1,1,0,0,0,0,0,1,0,0,0,0,0,1,1,1,0,0,0,0,0,0,0,1,1,0,Influenza
0,0,0,0,1,1,1,1,0,1,0,1,1,0,0,1,0,0,0,1,0,0,0,0,0,1,Typhoid
1,1,0,0,1,1,0,0,0,0,1,0,0,1,0,1,0,0,0,0,1,1,0,1,1,1,Gastroenteritis
1,0,1,1,1,1,0,0,0,1,1,0,0,0,1,0,0,0,1,0,0,0,0,0,1,1,Arthritis
0,1,0,1,1,1,0,0,0,0,0,0,0,1,0,0,1,0,0,0,1,1,1,0,1,1,COVID-19
0,0,1,1,1,0,1,0,1,0,1,1,0,1,1,1,1,0,1,1,0,0,1,1,1,1,UTI
0,0,1,1,0,1,1,1,1,1,0,0,0,0,1,1,0,0,0,0,1,1,0,0,1,1,Conjunctivitis
0,1,0,1,0,1,0,1,1,1,0,0,1,0,0,1,0,1,1,0,1,0,1,0,1,0,Heart Disease
1,1,0,0,1,0,1,0,0,0,0,1,0,0,0,1,1,0,0,0,1,1,0,0,0,0,Gastroenteritis
1,1,0,0,1,1,0,0,0,1,1,1,1,0,1,1,1,0,0,1,0,0,1,1,1,0,Pneumonia
0,1,1,0,1,0,0,0,0,1,1,0,0,0,0,1,0,0,0,1,1,0,0,0,0,1,Bronchitis
1,0,1,0,1,0,1,1,0,1,1,1,1,1,0,1,1,0,0,1,0,1,0,0,1,1,Appendicitis
0,1,0,0,0,0,1,0,1,1,1,1,1,0,0,0,1,1,1,1,0,1,0,1,1,1,Food Poisoning
1,1,0,1,0,0,1,0,0,0,1,1,0,1,0,0,0,1,0,0,0,1,1,1,1,0,Asthma
0,1,0,0,0,0,0,1,0,0,1,1,0,1,1,0,1,0,1,1,1,1,0,0,1,0,Migraine
1,1,0,0,0,1,0,0,0,1,0,1,0,1,0,0,0,1,1,1,1,1,0,1,1,1,Influenza
0,0,0,0,0,0,1,0,1,1,1,0,1,0,1,0,0,1,0,0,1,0,0,1,0,1,UTI
1,1,1,0,1,0,0,1,0,0,0,0,0,0,0,1,0,1,1,0,0,0,1,0,1,1,Appendicitis
1,0,0,0,1,0,1,0,0,0,0,1,1,0,0,0,1,0,1,0,1,1,0,1,0,1,Appendicitis
0,0,1,1,1,1,0,0,1,1,0,0,1,1,1,0,0,1,0,0,1,1,0,1,0,0,Hepatitis
1,0,1,0,0,1,0,1,0,1,1,0,1,0,1,0,0,0,0,0,0,0,1,1,0,0,COVID-19
0,1,0,0,1,0,1,1,0,1,1,0,0,0,1,1,1,0,1,0,0,0,1,1,0,1,Migraine
1,0,1,0,0,1,1,1,0,0,0,1,0,0,1,0,0,0,0,0,1,0,0,1,1,0,Tuberculosis
0,1,0,0,0,0,0,1,0,0,1,0,1,1,0,1,1,0,0,0,0,1,1,1,0,0,Dengue
0,0,0,1,0,0,0,1,1,1,1,0,0,1,1,0,0,1,0,0,0,0,1,1,0,0,Influenza
0,0,0,1,0,0,1,1,1,1,0,1,0,0,1,0,0,1,1,1,0,1,1,0,1,1,Asthma
1,1,1,1,1,1,0,1,0,1,0,1,1,0,1,1,0,0,0,1,0,0,0,0,0,1,UTI
0,0,1,0,0,1,0,1,1,1,1,1,0,0,1,0,1,0,1,1,1,1,0,1,1,0,Common Cold
1,0,0,1,0,1,0,0,0,1,0,0,1,0,0,1,1,1,0,1,1,1,1,0,1,0,Arthritis
1,1,0,1,1,1,0,1,1,1,0,1,0,1,0,0,1,0,1,1,0,0,1,0,1,1,UTI
1,1,1,1,1,0,0,0,1,1,1,1,0,1,0,1,0,0,1,0,1,1,0,1,0,0,Influenza
1,1,0,0,1,1,1,1,1,0,1,1,0,0,0,1,1,0,1,0,0,1,0,0,1,1,Meningitis
0,0,0,0,1,0,0,1,1,0,0,1,0,0,0,1,1,0,1,0,1,0,1,0,0,0,Heart Disease
0,1,0,1,1,0,1,0,0,0,1,0,1,0,1,0,0,0,0,0,0,1,0,0,0,0,Gastroenteritis
0,1,0,0,1,0,0,1,1,0,0,1,1,0,1,0,1,1,0,0,0,0,0,1,0,1,Meningitis
1,1,1,1,1,1,1,1,1,0,0,1,1,0,1,1,0,0,0,0,1,0,0,0,1,0,Dengue
1,1,0,1,1,1,1,1,0,1,1,1,1,0,0,1,0,0,1,0,0,1,0,0,0,0,Arthritis
1,1,0,1,0,1,0,0,0,1,0,0,0,0,0,1,0,0,1,0,1,1,1,1,1,0,Hepatitis
1,0,0,0,0,0,0,0,1,1,1,0,1,0,1,1,0,1,0,0,0,1,0,0,1,0,Migraine
1,0,0,0,0,0,1,0,0,1,0,0,1,0,1,0,1,1,1,0,0,0,1,1,1,0,Bronchitis
1,1,1,0,0,1,1,1,1,1,0,0,1,1,1,1,0,0,0,0,0,1,1,1,0,1,Malaria
1,0,1,1,0,0,1,0,0,0,1,0,1,0,1,0,1,1,1,0,1,1,0,1,1,1,Bronchitis
1,1,1,0,1,1,0,1,1,0,1,0,1,1,0,1,1,0,0,1,1,1,0,0,1,1,Heart Disease
0,0,1,0,0,0,1,0,1,0,1,0,0,0,0,1,1,0,0,1,1,1,1,1,1,1,Arthritis
0,1,1,1,1,0,1,1,1,1,0,1,0,1,0,1,1,0,1,0,0,0,0,1,0,0,Gastroenteritis
0,1,1,0,1,1,0,1,0,0,0,0,1,1,0,0,1,1,1,0,0,0,0,0,0,1,UTI
0,0,0,0,1,1,0,0,0,0,0,1,0,1,1,1,1,0,1,1,1,0,1,0,0,1,Tuberculosis
1,1,0,1,0,1,0,0,0,1,1,0,0,0,0,0,0,1,0,0,0,0,0,0,1,1,Hepatitis
0,0,0,0,0,0,0,1,1,0,0,1,1,0,1,1,0,0,0,0,0,0,0,0,1,0,Migraine
0,0,1,0,1,1,0,0,0,0,0,1,1,1,0,0,1,0,0,1,0,1,1,0,1,1,Migraine
1,0,0,1,1,0,1,1,1,0,1,0,1,1,0,1,0,1,1,1,0,0,0,0,1,0,Tuberculosis
0,0,1,1,1,0,1,1,1,0,1,1,1,1,0,1,1,1,1,1,0,0,0,0,0,1,Heart Disease
0,0,0,1,0,1,0,0,1,1,0,0,0,0,1,0,1,0,1,0,0,0,0,0,0,0,Malaria
0,0,0,0,0,0,0,1,0,0,1,0,1,1,0,0,1,0,0,1,1,0,1,1,1,0,Arthritis
1,0,1,1,0,0,0,1,1,1,0,0,0,0,0,1,0,0,1,1,1,1,1,0,1,0,Conjunctivitis
1,1,0,0,1,0,1,0,0,0,1,0,0,1,1,0,0,0,0,1,0,1,1,0,1,1,UTI
0,1,1,1,1,0,0,1,0,1,1,1,0,0,0,1,1,0,1,1,1,1,0,0,1,0,Malaria
0,0,0,0,1,0,0,1,1,1,0,0,0,1,1,0,1,1,0,1,0,1,1,0,1,1,COVID-19
0,1,1,0,1,0,1,0,1,0,1,0,1,1,0,0,0,0,1,1,1,1,1,1,1,0,Arthritis
0,0,0,1,0,0,1,1,0,1,1,0,1,1,1,1,0,1,0,1,1,1,0,1,1,1,Bronchitis
1,0,1,0,1,1,0,0,1,1,0,1,0,1,0,0,0,0,1,1,0,1,1,0,0,1,COVID-19
1,0,0,1,0,0,1,1,0,1,0,1,1,0,1,1,0,1,1,0,1,0,0,0,1,0,Bronchitis
1,0,1,1,1,1,0,1,1,1,1,0,0,1,1,0,1,1,1,0,0,0,1,0,1,0,Tuberculosis
1,0,0,0,0,0,1,0,0,0,1,0,0,0,0,1,0,0,1,0,1,0,1,1,0,1,Appendicitis
1,0,0,1,1,0,0,1,0,0,1,1,0,0,0,1,0,0,0,0,1,0,0,1,0,0,Appendicitis
1,0,1,1,0,1,0,0,0,0,1,1,1,0,0,1,0,0,1,1,0,1,0,1,0,0,Migraine
1,1,1,1,0,0,0,0,0,0,0,1,1,0,1,0,1,0,1,1,1,1,0,0,0,1,UTI
1,1,1,0,0,1,0,0,0,0,0,1,0,0,0,0,1,0,1,0,1,0,1,1,0,1,Typhoid
0,1,1,0,0,1,0,0,1,0,0,1,0,1,1,0,1,1,1,0,0,1,0,0,1,1,Tuberculosis
1,0,0,0,0,0,0,0,0,0,0,0,1,1,1,1,0,0,0,1,1,0,0,1,0,0,Arthritis
1,1,0,1,1,0,0,1,0,1,0,1,1,1,1,1,0,1,1,1,1,0,1,1,0,0,Common Cold
0,1,0,0,0,0,1,0,1,1,0,0,0,1,0,0,1,1,1,1,0,1,1,0,1,0,Typhoid
0,1,1,1,1,1,0,1,1,1,0,1,1,0,1,1,0,1,1,1,0,1,1,1,0,1,Common Cold
0,1,0,1,0,1,1,0,1,0,1,0,1,0,1,1,1,0,0,1,1,1,0,1,0,1,Chickenpox
1,0,0,1,0,1,1,1,0,0,1,1,0,1,0,0,1,0,1,1,1,0,0,0,0,0,Asthma
1,0,0,0,0,1,0,1,0,0,1,1,0,1,0,1,0,0,0,1,0,1,1,0,1,0,Meningitis
0,1,1,0,0,0,1,1,1,0,0,1,1,1,1,1,1,1,0,1,0,1,1,1,1,1,Malaria
1,0,0,0,0,1,0,0,0,1,0,1,0,1,1,0,1,1,1,1,1,1,0,0,0,1,Hepatitis
0,1,0,1,0,0,1,0,1,0,0,1,1,0,0,1,0,0,0,1,1,1,1,0,1,0,Hepatitis
1,0,1,1,1,0,0,1,1,1,1,1,0,1,1,0,0,1,0,1,0,0,1,1,0,1,Typhoid
1,1,1,0,0,0,0,1,1,0,1,0,0,0,0,0,0,1,1,0,1,0,0,0,1,0,UTI
1,0,1,0,0,1,0,0,1,1,0,0,0,0,0,1,1,1,0,1,1,1,1,0,0,0,Chickenpox
0,0,0,1,0,1,1,0,0,1,1,1,1,0,1,0,1,1,1,1,0,0,1,0,1,0,UTI
0,0,0,1,0,0,0,0,0,1,1,1,0,0,0,0,0,0,0,0,1,0,0,1,1,0,Meningitis
0,0,1,1,1,0,1,0,0,0,1,0,0,0,1,1,1,1,0,1,1,0,0,1,0,0,Heart Disease
0,1,0,0,1,1,1,0,1,0,0,0,0,1,0,1,1,0,0,0,1,1,0,1,0,1,Dengue
0,0,1,1,0,0,1,0,1,0,0,0,0,0,0,1,0,0,0,0,0,1,1,1,1,0,Migraine
1,0,0,0,1,1,1,0,0,1,1,1,1,1,1,1,0,1,1,0,0,0,0,1,1,0,Pneumonia
1,1,1,0,0,1,1,0,0,1,0,0,0,0,0,1,0,0,0,0,0,0,1,0,0,0,Hepatitis
0,1,0,0,1,1,1,0,0,1,1,0,1,1,0,1,1,1,0,1,1,0,0,1,1,1,Appendicitis
0,1,1,1,1,0,0,1,1,1,1,0,1,1,0,1,0,1,0,0,0,0,1,0,1,1,Gastroenteritis
1,1,0,0,0,0,0,1,0,0,1,1,1,0,0,0,0,1,0,0,1,1,0,0,1,0,Dengue
0,0,1,0,0,1,0,1,0,1,1,0,0,0,1,1,1,0,0,1,0,1,0,0,1,1,Appendicitis
0,1,1,0,0,0,1,1,1,1,1,0,1,1,1,1,1,0,0,1,0,1,0,0,0,1,Bronchitis
1,1,0,1,1,0,0,1,0,0,1,0,0,1,1,1,1,0,1,1,0,1,0,0,1,0,Heart Disease
0,1,1,0,0,0,1,1,0,0,1,0,1,1,0,1,0,1,0,0,0,0,0,0,1,1,Conjunctivitis
1,0,1,0,1,1,0,0,1,1,0,1,0,0,1,1,1,1,0,1,0,1,1,0,1,1,Appendicitis
1,1,1,1,0,0,0,1,0,1,1,1,0,0,1,1,1,1,0,0,1,0,1,0,1,1,Tuberculosis
1,0,1,1,0,0,1,0,1,0,1,1,1,0,1,0,0,1,0,0,1,0,0,0,0,0,COVID-19
1,0,0,1,0,1,1,0,0,1,0,1,1,1,1,1,1,0,1,1,0,1,0,1,0,1,UTI
1,0,1,1,0,0,0,1,1,1,1,0,0,0,1,1,0,1,0,1,1,0,0,1,1,0,UTI
1,0,0,0,0,0,0,0,0,0,1,0,0,1,1,1,0,0,1,1,0,1,1,0,0,0,Hepatitis
1,1,1,0,0,0,1,0,0,1,1,0,1,0,0,0,1,1,0,1,0,1,0,0,0,0,Bronchitis
1,1,1,0,1,1,1,1,1,0,1,1,1,1,1,0,1,1,0,1,0,1,1,0,0,0,Conjunctivitis
0,0,1,0,0,0,1,1,1,0,0,1,1,0,1,1,1,1,1,1,0,1,0,1,0,0,Arthritis
0,0,1,1,0,1,1,1,1,1,1,0,0,0,0,0,1,0,1,1,0,1,0,1,1,1,UTI
0,0,0,1,1,1,1,0,1,0,1,1,1,1,0,1,0,1,1,1,1,0,0,0,1,0,Tuberculosis
1,1,1,0,1,1,0,0,1,1,1,0,0,1,1,1,1,0,0,0,1,1,1,1,0,1,UTI
1,1,1,0,1,1,0,1,0,1,0,1,1,0,0,0,1,0,1,0,0,0,1,1,1,1,Chickenpox
0,1,0,0,1,0,0,1,0,0,1,0,1,0,1,1,0,1,1,0,0,1,1,1,0,0,Arthritis
0,1,0,1,1,0,1,0,1,0,0,1,1,1,1,0,0,0,0,0,1,0,0,0,0,1,Hepatitis
1,1,0,0,1,0,0,0,1,0,0,0,0,1,0,0,0,1,1,1,1,0,0,1,1,1,Typhoid
0,0,1,0,1,0,1,1,1,1,1,1,0,1,1,0,1,1,0,1,1,1,1,1,0,0,COVID-19
1,1,1,0,0,1,0,0,1,0,0,1,1,1,1,1,1,1,0,1,1,1,1,1,1,1,Typhoid
0,1,1,0,0,0,0,0,0,0,1,1,0,0,1,1,0,0,1,1,1,1,1,1,0,0,Appendicitis
1,0,0,1,1,1,1,1,1,1,1,1,0,0,0,0,0,0,0,1,1,0,1,0,1,0,Meningitis
0,0,1,1,0,0,0,0,0,0,0,0,0,0,0,0,1,1,0,1,0,1,1,0,1,1,Malaria
0,0,1,0,1,0,1,1,1,0,0,1,0,1,1,1,0,1,0,1,1,1,1,1,1,0,Meningitis
0,0,1,1,1,1,0,1,1,0,1,1,1,1,1,1,0,1,0,1,0,1,1,0,0,1,Heart Disease
0,0,1,0,0,1,0,1,0,0,0,1,1,1,1,1,0,0,1,1,0,1,1,1,1,1,Heart Disease
1,1,0,1,0,1,0,1,1,0,1,1,0,1,0,1,1,0,1,0,0,1,1,0,0,1,Chickenpox
1,1,0,0,1,1,1,0,0,1,0,0,0,0,1,1,0,1,0,1,1,0,0,1,0,1,Hepatitis
1,0,1,0,1,1,1,1,1,1,0,1,1,1,1,0,1,0,0,0,1,1,1,1,1,1,Food Poisoning
0,0,0,1,0,1,1,0,1,0,1,1,0,0,0,0,1,0,1,1,1,1,0,0,0,0,Malaria
1,1,1,0,1,0,1,0,0,1,0,1,1,0,0,1,0,1,1,0,1,1,1,1,0,1,Gastroenteritis
0,0,1,1,0,1,0,1,0,0,1,0,0,0,0,0,0,0,0,1,0,0,1,1,0,0,Asthma
0,1,0,0,0,0,1,0,1,1,0,0,0,1,0,0,1,1,1,0,1,1,0,1,0,1,Influenza
1,0,1,0,1,0,0,1,0,1,1,0,0,1,0,1,0,0,1,0,0,0,1,1,1,1,Tuberculosis
1,0,0,1,0,1,0,1,0,1,1,0,0,1,1,1,0,1,0,0,0,1,0,0,0,1,Pneumonia
1,1,1,0,0,1,0,0,1,1,1,1,1,1,0,0,0,1,0,0,0,0,1,0,1,1,Influenza
0,0,0,1,0,1,1,0,1,1,0,1,1,1,1,0,1,1,0,1,1,0,0,0,0,1,Hepatitis
0,1,0,1,1,0,1,0,1,0,1,1,1,1,1,0,0,0,1,0,0,1,1,0,1,0,Bronchitis
0,0,0,1,0,1,1,0,1,0,1,0,1,0,0,1,0,0,1,0,0,0,1,1,1,0,Chickenpox
0,0,0,1,1,1,0,1,0,1,0,0,1,1,1,1,0,0,0,0,0,0,0,1,1,1,Gastroenteritis
1,0,0,1,0,0,0,0,1,0,1,0,0,0,0,0,1,1,1,1,0,1,1,1,1,1,Food Poisoning
0,1,1,1,1,1,1,0,0,0,0,0,1,0,0,0,0,1,1,0,0,1,0,1,1,0,Tuberculosis
1,0,1,0,0,0,0,1,0,0,0,1,1,1,0,1,1,1,1,0,1,1,1,0,0,1,Tuberculosis
1,0,1,1,0,0,0,0,0,0,0,0,0,1,1,0,1,0,0,0,1,1,1,1,1,0,Migraine
1,0,1,1,0,0,1,0,1,0,1,1,0,0,1,0,0,0,1,0,0,1,1,0,0,1,Chickenpox
1,1,0,1,0,0,0,0,1,0,0,1,1,0,0,1,1,1,0,1,1,1,0,0,1,1,Bronchitis
0,1,1,1,0,1,0,1,1,0,1,1,1,0,0,0,0,0,1,1,0,0,1,1,1,0,UTI
0,0,0,1,0,0,1,0,0,1,0,1,1,1,0,1,0,0,1,0,1,1,1,1,1,1,Meningitis
0,0,0,1,0,0,0,0,1,0,1,0,0,0,1,0,1,0,1,0,1,0,0,1,1,1,Migraine
0,1,0,1,1,0,1,1,1,1,1,1,0,1,0,1,1,1,0,0,0,1,1,1,1,0,COVID-19
1,0,0,0,1,0,0,1,1,1,1,0,0,0,0,0,0,0,0,1,0,0,1,1,0,1,Dengue
0,0,1,1,0,0,0,0,1,0,1,0,1,0,1,1,1,1,0,0,0,1,1,0,0,1,Hepatitis
1,0,1,0,0,1,0,1,0,0,1,1,0,0,1,1,0,0,0,0,0,1,0,0,1,1,Influenza
0,1,0,1,0,1,1,0,1,0,1,1,1,0,0,0,0,0,0,1,0,1,1,0,1,1,Common Cold
1,1,1,0,1,1,1,0,0,0,0,0,0,1,0,0,0,0,1,0,1,0,0,0,1,0,Chickenpox
1,1,1,1,1,0,1,0,1,1,1,1,1,1,0,1,1,0,0,1,0,1,0,0,1,1,Arthritis
1,1,1,0,0,0,0,1,1,1,1,0,1,1,1,0,1,0,1,1,1,0,1,0,1,0,Influenza
0,0,0,1,0,1,1,1,0,0,1,1,1,1,0,0,1,1,1,1,1,1,1,1,1,0,Tuberculosis
1,0,0,1,0,0,0,0,1,1,0,1,1,1,0,0,0,1,1,1,0,1,1,0,1,1,Appendicitis
1,0,1,1,0,0,0,0,1,1,1,1,0,0,0,0,1,1,1,0,1,0,0,1,1,1,Meningitis
0,0,0,1,0,0,0,1,1,1,1,0,0,0,0,1,1,0,1,0,0,1,1,1,1,1,Heart Disease
0,1,0,1,1,0,0,1,1,1,1,0,0,0,0,1,1,1,1,1,0,0,1,1,1,0,Chickenpox
1,0,0,0,1,0,0,1,1,1,1,0,0,0,0,1,1,1,1,1,1,0,0,1,0,1,Conjunctivitis
1,1,0,0,1,0,1,1,0,1,0,0,0,1,0,1,1,0,1,1,1,1,0,1,1,0,Hepatitis
1,0,0,1,1,0,0,1,1,1,1,0,0,1,0,1,1,1,0,0,1,1,0,0,0,0,Malaria
1,0,0,0,0,1,0,0,0,0,1,1,0,0,0,0,0,1,1,0,1,0,1,1,1,0,UTI
1,1,0,1,1,0,1,0,1,0,1,0,0,0,0,1,0,1,0,1,0,1,0,1,1,1,Pneumonia
1,1,0,1,1,0,1,1,0,0,0,0,1,1,0,0,0,1,0,1,1,1,1,1,0,0,Migraine
0,0,1,0,0,1,0,0,1,1,1,0,0,1,0,1,0,0,1,1,0,0,0,1,1,0,Hepatitis
1,0,0,1,0,0,0,0,1,0,0,1,1,1,0,0,1,0,1,0,1,0,0,1,1,0,Tuberculosis
0,0,1,1,1,0,0,0,0,0,1,1,0,1,1,1,0,0,1,1,1,1,0,1,0,1,Pneumonia
0,1,1,1,0,1,1,0,1,0,0,1,1,0,1,0,0,0,0,0,0,1,0,1,0,0,Meningitis
1,1,0,0,1,1,0,1,0,0,1,1,1,1,1,0,0,0,0,1,0,0,1,0,0,0,Heart Disease
1,1,0,0,1,0,0,0,1,1,1,0,1,1,0,0,0,0,1,1,0,1,0,1,1,0,Influenza
1,0,0,0,1,0,0,1,0,1,1,1,0,0,1,0,1,1,0,1,0,0,1,0,0,1,Tuberculosis
0,1,0,1,1,1,1,0,0,1,1,0,0,0,0,1,1,0,1,1,1,0,0,1,0,0,Dengue
0,0,1,0,1,0,0,0,1,1,0,1,0,0,0,1,0,1,1,1,1,1,1,1,0,0,Food Poisoning
0,1,1,1,1,1,1,0,0,1,1,0,1,0,1,1,0,0,1,0,1,0,1,1,0,1,Tuberculosis
1,0,1,0,1,1,0,1,1,1,1,0,1,1,1,1,1,1,0,1,1,1,1,1,0,1,Hepatitis
0,1,1,0,0,1,1,0,1,0,0,0,1,0,1,0,1,0,0,1,1,0,0,1,1,0,Migraine
1,0,0,1,1,1,1,1,1,0,0,0,1,1,0,1,0,1,0,1,0,1,1,1,0,1,Heart Disease
0,0,0,0,0,1,0,0,0,0,0,1,0,1,1,0,1,0,0,0,1,1,0,1,0,0,UTI
1,1,0,0,0,0,0,0,1,0,0,0,1,1,1,0,1,1,1,1,0,0,0,0,0,0,Gastroenteritis
0,1,0,1,0,1,1,1,0,0,1,0,1,0,0,0,0,0,1,0,0,1,0,1,0,1,Appendicitis
1,1,1,1,1,1,0,0,0,0,0,0,0,1,0,1,1,0,0,0,1,0,0,1,0,0,Hepatitis
1,0,1,1,1,0,1,0,1,0,1,0,0,1,0,0,0,1,1,0,0,1,1,1,1,0,Appendicitis
1,0,0,0,0,1,0,1,0,1,0,1,0,1,1,0,0,0,1,0,1,0,0,0,0,0,Dengue
0,0,1,1,1,1,0,0,0,1,0,1,0,0,1,1,1,0,0,1,0,0,0,1,1,0,Food Poisoning
0,1,1,0,0,0,0,1,0,1,1,0,0,0,1,1,0,1,1,0,1,1,1,0,0,1,COVID-19
1,1,1,0,1,0,0,1,0,1,0,1,1,0,0,1,1,1,0,0,1,0,0,1,1,0,Food Poisoning
0,0,1,1,0,1,0,0,0,1,0,1,0,0,1,0,0,1,1,0,0,1,0,1,1,0,Typhoid
0,1,1,1,0,1,1,1,1,1,1,1,1,1,0,0,0,1,0,0,0,1,1,1,1,0,Dengue
0,1,1,0,0,1,0,0,1,0,0,0,0,0,0,1,1,1,1,1,1,1,1,0,1,1,UTI
1,0,1,1,0,1,0,1,1,0,0,0,1,1,0,0,1,1,1,0,0,0,0,0,1,0,Food Poisoning
0,0,0,0,0,0,1,1,1,0,0,1,1,1,0,1,0,1,0,1,1,1,1,1,0,0,Tuberculosis
0,1,1,0,1,1,0,1,1,1,1,0,0,1,0,0,1,0,1,1,1,1,0,1,0,0,Dengue
1,0,1,0,0,1,0,1,0,0,0,0,0,1,1,1,1,0,1,0,0,1,0,0,1,0,Gastroenteritis
0,1,1,0,1,0,0,0,0,1,0,1,1,0,0,0,1,1,0,1,1,0,1,1,1,1,Dengue
0,0,1,1,0,1,1,0,1,1,0,1,0,0,0,0,1,0,1,0,1,0,1,1,1,1,Conjunctivitis
0,0,0,1,1,1,0,0,1,1,1,1,0,1,0,0,0,1,0,0,1,0,0,0,1,0,Pneumonia
0,0,1,1,1,1,1,1,1,0,0,1,0,1,0,1,0,1,1,0,1,0,1,0,0,0,Chickenpox
1,1,0,1,0,0,1,1,0,0,0,0,1,1,1,0,0,1,1,0,0,0,0,0,0,1,UTI
1,1,1,0,0,1,1,0,0,0,1,1,0,1,1,0,1,1,1,1,0,1,1,1,1,1,Typhoid
0,1,0,1,1,0,1,1,0,0,1,0,0,1,0,1,0,1,0,1,0,1,1,0,1,1,Typhoid
0,0,1,0,0,0,0,0,1,0,0,1,0,0,0,1,0,1,0,0,0,1,1,1,1,0,Influenza
0,1,0,0,1,1,0,0,1,1,0,1,1,0,0,1,1,0,1,0,0,1,0,0,1,1,Pneumonia
0,0,1,0,0,0,0,1,0,1,0,1,1,0,1,0,0,0,1,1,0,1,0,0,0,1,Arthritis
0,0,0,1,0,1,0,0,1,0,0,1,0,1,0,0,1,0,0,0,1,1,0,0,0,1,Appendicitis
1,0,1,0,0,1,1,0,0,1,1,0,1,0,0,1,0,0,0,0,0,0,0,0,0,0,Meningitis
1,1,1,1,0,0,1,1,1,0,1,1,0,0,1,0,0,0,0,0,1,1,0,0,1,1,COVID-19
0,1,1,0,0,1,1,0,1,0,1,1,1,1,1,0,1,1,0,1,0,1,1,1,1,1,Hepatitis
0,1,1,1,1,1,1,0,0,0,0,0,1,1,1,1,0,0,1,1,1,0,1,1,1,1,Arthritis
1,1,1,0,0,0,1,0,0,1,1,0,0,1,0,1,1,0,0,1,1,1,0,0,1,0,Pneumonia
1,1,0,1,0,0,1,1,1,1,1,0,0,1,1,1,0,0,0,0,0,1,0,0,1,1,UTI
0,0,1,0,0,0,1,0,0,0,1,0,0,1,0,0,1,1,1,1,1,0,0,1,1,1,Conjunctivitis
1,1,0,0,0,0,0,1,0,1,0,1,1,0,0,0,1,0,1,1,0,1,0,0,1,1,Bronchitis
0,1,0,0,1,1,1,1,1,1,1,1,0,1,0,1,1,0,1,1,0,1,1,0,0,1,Pneumonia
1,0,0,0,1,1,1,1,1,0,0,0,0,0,0,0,0,1,1,1,1,1,1,0,0,0,Dengue
0,0,0,0,1,1,0,0,0,1,1,0,0,0,0,0,1,0,0,0,1,1,0,0,0,1,Meningitis
0,1,1,1,1,1,0,0,1,1,0,1,1,1,0,1,0,1,1,0,0,0,0,0,0,1,Migraine
0,0,1,0,0,1,1,1,0,1,0,0,1,0,0,0,1,1,1,0,1,0,0,1,1,0,Malaria
1,1,1,1,1,0,0,1,1,0,1,0,0,1,0,0,0,0,0,1,1,1,1,0,1,0,Food Poisoning
1,0,0,0,0,1,0,1,1,0,1,1,1,1,1,0,1,0,1,0,1,1,1,0,1,1,Common Cold
1,1,0,0,1,0,0,1,1,1,1,1,0,0,1,1,1,0,0,1,0,1,1,0,0,1,Chickenpox
0,0,1,1,1,0,0,1,1,1,0,0,0,0,1,1,1,1,1,1,0,0,0,1,0,1,UTI
1,0,1,0,1,1,1,0,1,0,0,0,1,0,0,0,1,1,1,1,0,0,1,1,1,0,Pneumonia
0,1,0,0,1,0,1,0,0,0,1,1,1,1,1,0,0,0,1,1,0,0,0,0,1,0,Dengue
0,0,1,0,1,0,1,1,1,0,0,1,0,1,0,1,1,1,0,0,0,0,0,0,0,0,Tuberculosis
1,1,0,1,1,1,0,0,0,1,1,1,1,0,0,0,0,0,1,1,0,0,1,1,0,0,Bronchitis
1,1,0,0,0,1,0,0,1,1,1,0,1,1,0,1,0,0,1,1,1,1,0,0,0,1,UTI
1,1,0,1,1,1,0,1,0,1,1,1,0,1,0,1,0,1,1,0,1,0,0,0,1,0,Arthritis
0,1,1,0,1,0,0,1,1,0,1,1,0,1,1,1,0,1,1,0,0,0,1,0,1,1,Heart Disease
1,0,1,1,1,0,0,0,1,1,1,0,1,0,1,0,1,1,1,1,0,1,0,0,0,1,Influenza
1,0,1,1,1,1,1,0,1,1,1,1,1,0,1,1,0,1,0,0,0,1,0,1,1,0,Appendicitis
1,0,0,0,1,0,1,0,0,0,0,0,1,1,1,0,0,1,0,1,0,0,1,1,1,0,Meningitis
1,1,1,0,1,0,1,1,0,0,0,0,0,1,0,1,1,1,0,0,1,0,0,0,0,1,Meningitis
1,0,1,1,1,1,1,0,1,0,0,0,0,1,1,0,1,1,0,1,0,1,1,1,0,0,Dengue
0,1,0,0,1,1,0,0,0,1,0,1,0,0,0,0,1,1,0,0,0,1,0,0,1,0,Appendicitis
0,1,1,0,0,0,0,1,0,1,1,0,1,0,1,0,1,1,1,0,1,0,1,0,1,0,COVID-19
1,0,1,1,1,0,0,1,0,0,1,1,0,1,0,0,1,0,0,1,1,0,1,0,1,0,Hepatitis
1,0,0,1,0,0,0,0,1,1,1,1,0,1,1,0,1,1,1,0,1,0,0,1,1,1,COVID-19
1,1,1,1,0,0,1,0,0,0,1,1,1,1,1,1,1,1,0,0,1,0,1,0,0,1,Typhoid
1,0,0,1,1,0,1,0,0,1,1,0,1,0,1,1,0,0,0,1,1,1,1,1,1,0,COVID-19
1,0,0,1,1,0,0,0,1,1,0,1,1,1,0,1,0,0,1,0,0,1,1,1,1,1,UTI
0,0,0,1,0,0,1,1,1,1,0,1,0,0,0,1,0,0,1,0,1,1,0,1,0,0,Pneumonia
0,1,1,0,0,0,0,0,0,0,0,0,1,1,1,1,1,1,1,0,1,1,0,1,1,1,Food Poisoning
0,0,0,1,0,1,1,1,1,1,1,1,0,1,1,1,1,0,1,1,1,1,1,1,0,1,Migraine
0,1,1,0,1,1,0,1,1,0,0,1,0,1,0,1,0,0,0,1,1,0,0,1,1,0,Common Cold
1,0,1,0,1,0,1,1,1,0,1,1,1,0,0,0,1,1,0,1,1,1,0,1,0,1,Typhoid
1,1,1,1,0,0,0,0,1,1,1,1,1,0,1,1,0,1,0,1,0,1,0,0,1,1,Migraine
1,1,1,1,1,0,1,1,1,0,1,1,1,1,1,1,0,1,1,1,0,0,1,0,1,0,Heart Disease
1,1,1,1,1,1,0,0,1,1,0,0,1,1,1,0,1,0,0,0,1,0,1,0,0,0,Chickenpox
0,1,0,0,0,0,1,1,1,1,1,1,0,1,0,1,0,0,0,1,1,0,1,0,1,0,Hepatitis
0,1,1,0,1,0,0,1,1,1,1,0,0,1,1,1,0,0,1,0,0,0,0,1,1,1,Gastroenteritis
1,0,1,1,1,0,0,0,1,0,0,0,0,0,0,0,0,1,1,1,1,0,0,0,0,0,Conjunctivitis
0,1,1,0,0,1,0,1,1,1,1,1,1,1,1,0,0,0,1,1,0,1,1,0,1,0,Food Poisoning
0,0,0,0,0,1,1,0,1,1,1,0,0,1,0,1,0,0,1,0,1,0,1,1,0,1,Hepatitis
0,1,0,0,0,1,0,0,1,0,0,0,0,0,0,1,1,0,1,0,1,0,0,1,0,1,Asthma
0,1,1,1,0,0,0,1,1,0,1,0,1,0,0,1,1,0,1,1,1,0,0,0,1,0,Heart Disease
0,0,1,1,1,1,0,1,0,1,0,0,0,1,0,0,0,1,0,0,0,0,0,1,0,1,Arthritis
0,1,1,1,1,0,0,1,0,1,0,0,1,1,0,0,1,0,1,1,0,0,0,1,0,0,COVID-19
1,0,1,0,1,0,0,1,0,1,1,1,0,0,0,0,0,1,0,0,0,1,0,1,1,1,Gastroenteritis
0,0,1,1,0,1,1,1,0,1,0,0,1,0,0,0,0,1,0,1,0,1,1,0,0,0,Tuberculosis
1,1,0,1,1,1,1,1,1,0,0,0,0,0,0,1,1,1,1,0,0,0,1,1,0,1,UTI
0,0,0,0,1,1,1,0,0,1,1,1,0,1,1,0,0,0,1,1,0,1,0,0,0,0,Appendicitis
0,1,1,0,1,0,0,1,0,1,1,1,1,0,1,0,0,1,0,0,0,0,0,0,1,1,Appendicitis
0,1,1,1,0,0,1,1,0,1,1,0,1,0,0,0,1,0,1,1,0,1,1,1,0,1,Dengue
0,1,0,1,0,0,0,1,1,0,1,1,1,0,1,1,1,1,0,0,1,1,0,1,1,0,Asthma
1,0,0,0,1,1,0,1,0,1,0,0,0,0,1,1,1,0,0,0,0,1,0,0,1,0,Influenza
0,0,1,0,0,1,1,0,1,0,0,1,1,0,0,1,1,1,0,0,1,0,1,1,0,0,Dengue
0,0,0,0,1,1,0,0,1,0,1,0,1,1,0,1,0,1,1,0,0,0,0,0,1,1,Bronchitis
1,0,0,1,1,0,1,1,1,0,1,0,1,1,1,1,1,0,0,0,1,0,0,1,1,1,Tuberculosis
0,0,0,1,1,1,0,0,1,1,1,1,1,0,1,1,1,1,0,1,1,0,0,1,0,0,Pneumonia
1,1,0,1,1,0,0,0,1,1,1,1,0,0,1,1,0,1,0,0,1,0,0,0,1,0,Pneumonia
0,0,1,0,1,1,0,1,1,0,0,0,1,1,1,0,0,1,1,0,0,1,1,0,0,0,Gastroenteritis
1,0,0,1,0,1,1,0,1,0,0,0,0,0,1,1,1,0,0,1,1,0,1,1,0,0,Meningitis
1,1,1,1,0,0,1,1,1,0,0,0,1,1,0,1,0,1,0,0,1,0,0,1,0,0,Influenza
0,1,1,1,1,0,1,1,1,0,0,0,0,1,1,0,0,0,1,0,0,1,0,1,1,1,Heart Disease
1,0,1,1,0,1,1,0,0,0,0,0,0,0,0,1,1,1,0,1,1,1,0,0,1,1,Tuberculosis
0,1,1,1,0,0,0,0,0,1,1,1,1,0,0,1,1,0,1,0,0,1,0,1,0,1,Dengue
1,0,1,0,0,0,1,0,0,1,0,1,0,1,1,0,0,1,1,1,1,0,1,1,1,0,Influenza
0,1,0,0,0,1,1,1,0,1,0,0,0,1,1,0,1,1,1,1,0,0,1,0,0,1,Tuberculosis
0,0,0,1,1,0,1,0,1,0,1,0,1,0,0,0,1,1,0,1,1,1,1,1,1,0,COVID-19
0,0,0,1,0,0,1,0,1,1,0,1,1,0,1,0,1,1,0,0,0,0,1,0,0,1,Arthritis
0,0,1,1,1,0,1,0,1,0,1,1,1,1,0,1,1,1,1,0,0,0,0,0,1,0,Bronchitis
0,0,0,1,1,0,0,0,0,1,0,0,1,1,1,0,1,0,0,0,1,1,0,1,0,0,Tuberculosis
1,1,0,1,1,0,0,0,0,1,1,1,0,1,0,0,1,1,1,1,1,0,0,0,1,1,Malaria
0,0,0,0,0,0,1,0,0,1,1,0,1,1,1,0,0,1,0,1,0,1,0,1,1,0,Common Cold
1,1,1,1,1,1,0,1,0,1,0,1,0,1,0,0,0,1,1,0,0,0,0,1,0,0,Hepatitis
1,1,0,1,1,1,0,0,0,1,0,0,1,0,0,0,0,0,1,0,0,1,0,1,0,1,Migraine
0,1,0,0,1,1,1,1,0,0,1,0,1,0,1,0,1,1,0,1,1,0,1,0,1,1,Chickenpox
0,0,0,0,1,0,1,1,0,1,1,1,1,0,0,0,0,0,1,0,1,0,0,0,0,1,COVID-19
1,0,1,1,1,1,0,0,0,1,0,1,0,1,0,1,1,0,0,1,1,0,1,1,1,0,Arthritis
1,1,0,1,1,1,0,0,1,1,1,0,0,0,1,0,1,0,0,0,0,0,1,0,1,0,Food Poisoning
0,0,1,0,0,1,0,1,0,0,0,1,0,0,0,0,0,0,0,1,0,1,1,0,1,0,Migraine
1,0,1,1,1,0,1,0,0,1,1,0,1,1,0,1,0,0,0,0,0,1,0,0,1,1,Heart Disease
1,0,1,1,0,1,0,1,0,0,0,0,0,0,0,1,0,1,0,0,1,1,0,0,1,0,Asthma
0,1,1,0,1,0,0,0,1,0,1,0,0,1,1,0,0,0,1,0,1,0,1,1,0,1,Gastroenteritis
1,1,1,0,0,1,1,0,0,1,0,1,1,0,0,1,1,1,0,0,0,1,0,1,1,1,Pneumonia
1,1,1,0,1,1,1,0,1,1,1,1,1,0,0,0,0,1,1,0,1,1,1,0,0,1,Hepatitis
1,0,1,1,0,1,1,0,1,0,1,1,1,1,1,0,0,1,1,1,0,0,1,1,0,0,Arthritis
1,1,0,1,0,1,0,0,0,1,1,1,0,0,1,0,1,0,1,0,1,1,1,0,0,1,Food Poisoning
1,0,1,0,0,1,0,0,0,1,0,1,0,1,1,0,1,0,1,0,0,0,0,1,0,1,Arthritis
1,1,1,1,0,0,1,1,1,1,0,1,0,0,1,0,1,0,0,0,0,0,0,1,1,1,Arthritis
1,1,0,1,1,1,0,0,1,0,1,1,1,0,0,1,0,1,0,1,0,0,1,1,1,1,Conjunctivitis
0,1,0,1,0,1,0,0,1,1,0,1,0,1,1,0,0,1,1,0,0,1,1,0,1,0,UTI
1,0,0,1,1,0,0,1,0,1,0,0,1,1,0,1,1,0,0,0,0,0,0,0,1,0,COVID-19
0,1,1,0,0,1,1,1,1,0,0,0,0,0,1,1,0,0,0,1,0,0,1,0,0,1,Migraine
0,0,0,0,1,0,1,0,1,0,1,0,1,1,1,0,1,1,1,0,0,1,0,1,1,0,Meningitis
1,0,0,0,1,0,1,1,0,1,1,0,1,1,0,0,0,0,1,0,0,1,1,1,0,1,Conjunctivitis
0,0,0,0,0,0,0,0,0,0,0,1,1,1,0,0,0,1,1,1,1,0,1,0,0,1,Dengue
1,0,0,0,1,0,1,1,1,0,0,1,0,0,1,1,1,1,1,0,0,0,0,0,0,0,Influenza
1,0,0,0,1,1,1,0,0,1,0,0,1,0,1,0,0,1,1,1,0,0,1,1,0,0,Influenza
0,1,1,1,1,1,0,0,1,0,1,0,0,0,0,1,0,0,1,1,1,0,1,1,1,0,Heart Disease
1,0,1,1,0,1,0,1,1,1,1,1,0,1,0,1,0,1,0,1,1,1,0,1,0,0,Migraine
0,1,0,0,0,0,1,1,0,1,0,1,1,0,0,0,0,1,1,1,0,0,0,1,0,0,UTI
0,0,0,1,0,0,0,0,0,0,1,1,1,1,1,0,1,0,1,1,1,1,0,0,0,0,Hepatitis
1,1,1,1,1,0,0,1,1,1,1,1,0,0,1,1,1,1,1,0,1,0,0,1,0,1,Influenza
1,0,0,1,0,0,0,0,0,0,1,1,1,1,1,0,1,1,0,1,0,0,0,0,1,1,Hepatitis
1,0,1,1,1,0,0,1,1,1,1,1,1,1,1,0,0,0,1,1,1,1,1,1,0,0,Heart Disease
1,0,0,1,0,0,0,0,0,0,1,0,1,1,1,1,1,0,1,1,1,1,0,1,0,1,Hepatitis
1,0,0,1,0,1,1,0,1,1,0,0,0,0,1,0,1,0,1,0,1,1,0,0,1,1,Meningitis
1,1,0,1,0,1,1,1,0,0,0,0,0,0,1,0,0,1,0,0,0,1,0,1,0,1,Heart Disease
0,0,1,0,0,0,0,0,0,1,0,0,0,1,1,1,0,0,0,0,0,0,0,0,0,0,Arthritis
0,0,1,0,1,1,1,1,1,1,0,1,1,1,0,0,1,1,1,0,1,1,1,1,0,1,Food Poisoning
1,1,1,1,1,0,0,0,1,1,1,0,1,1,1,0,1,0,1,1,1,0,1,0,1,0,Migraine
1,1,0,1,0,0,0,1,0,1,0,1,0,1,0,0,1,1,1,1,1,0,1,1,0,0,Common Cold
0,0,1,1,1,0,0,1,1,1,1,0,1,0,1,0,1,0,1,1,1,0,0,1,0,1,Pneumonia
1,0,1,0,1,0,1,1,0,0,1,1,1,1,0,1,1,0,1,0,0,0,0,0,1,0,Conjunctivitis
1,0,1,1,0,1,1,0,1,1,0,0,1,1,1,0,1,0,0,1,1,1,0,1,0,0,Common Cold
0,1,1,1,0,0,0,1,1,1,0,1,1,1,1,0,1,1,1,1,1,1,0,0,1,0,Influenza
0,1,0,0,0,0,0,0,0,1,1,1,1,1,0,0,1,0,1,1,0,0,0,0,0,0,Asthma
0,1,1,1,0,0,1,1,1,0,1,0,1,0,0,0,1,0,0,1,1,1,0,0,1,0,Chickenpox
0,1,0,1,0,1,0,0,1,1,0,0,1,1,1,1,0,0,0,1,0,0,1,0,0,1,Conjunctivitis
1,0,0,1,1,0,1,1,1,0,1,1,1,0,0,1,0,0,0,0,0,0,0,0,1,1,Appendicitis
0,1,0,1,0,1,0,1,0,1,0,0,1,0,0,1,1,0,1,1,0,1,1,1,1,1,Heart Disease
0,1,0,1,1,0,1,0,0,1,0,1,0,1,0,1,0,1,0,0,1,1,0,1,1,1,Gastroenteritis
0,0,0,1,0,1,0,0,1,1,0,0,1,1,1,0,1,1,1,0,1,0,1,1,0,0,Gastroenteritis
1,0,1,1,0,0,0,1,0,0,1,0,1,0,1,1,1,0,0,0,1,0,1,0,1,0,Conjunctivitis
1,1,1,1,1,1,1,1,0,0,0,0,0,0,0,0,1,1,1,0,1,1,1,0,0,0,COVID-19
1,1,0,0,0,0,1,0,1,0,1,1,1,1,1,1,0,1,0,0,0,1,1,0,1,0,Dengue
1,1,0,0,1,0,1,1,0,1,0,0,0,0,1,1,1,1,0,0,1,0,1,0,0,1,Food Poisoning
0,1,1,0,1,1,1,0,1,0,0,1,1,1,0,1,0,0,0,0,1,0,1,0,0,1,Appendicitis
1,0,0,0,1,1,1,0,1,0,1,1,0,0,1,1,1,1,1,1,1,0,1,0,0,0,Migraine
1,0,0,1,1,1,0,1,0,1,0,0,0,1,1,0,1,1,1,0,1,1,0,0,0,0,Dengue
0,0,1,1,1,0,0,1,0,0,1,1,0,1,1,1,0,0,0,0,1,0,0,0,0,1,Tuberculosis
0,1,1,1,0,0,1,0,1,0,1,1,0,0,1,0,1,0,0,0,1,1,0,0,1,0,Bronchitis
1,0,1,0,0,0,1,0,1,0,1,1,1,0,1,0,1,1,0,0,0,0,1,0,0,1,Appendicitis
1,0,0,0,0,1,1,0,1,0,0,1,0,1,0,1,0,0,1,1,0,0,0,0,1,0,Hepatitis
0,0,1,1,1,1,0,1,1,1,1,0,1,1,0,1,0,1,1,0,0,0,1,1,1,0,Bronchitis
0,1,0,0,1,0,1,0,1,1,1,0,1,1,0,0,1,1,0,1,0,1,0,1,0,1,Chickenpox
1,1,1,0,0,1,0,0,1,1,1,1,1,1,0,1,1,0,1,0,0,1,1,1,0,0,Influenza
0,1,0,0,0,0,1,0,1,0,1,1,1,1,0,1,0,0,0,1,0,0,1,0,1,0,COVID-19
0,1,0,1,0,1,1,0,0,1,1,1,1,0,1,1,1,0,0,1,0,1,0,1,1,0,Asthma
1,0,0,0,0,0,0,0,0,0,0,0,0,1,1,1,1,1,0,1,1,1,1,1,0,1,Food Poisoning
1,0,1,1,1,0,1,1,1,1,1,0,0,1,1,1,1,1,1,1,0,1,0,0,0,1,Bronchitis
0,1,0,1,0,1,0,0,0,1,0,1,1,1,1,1,1,0,0,1,1,1,1,0,0,0,Food Poisoning
1,0,0,0,0,0,1,1,1,0,0,1,1,1,1,0,0,1,1,1,1,0,0,1,0,1,Arthritis
0,0,1,0,0,1,1,0,0,0,1,0,1,0,1,1,1,1,0,1,0,0,0,1,1,0,Influenza
0,1,0,1,0,0,0,0,1,1,0,1,1,1,1,0,1,0,0,0,1,0,0,0,1,1,Arthritis
1,0,0,0,1,1,0,0,0,1,1,1,1,0,0,1,1,1,1,0,0,0,0,0,1,1,COVID-19
0,0,0,0,0,1,1,0,1,1,0,1,0,1,1,1,0,1,0,0,1,1,0,0,0,1,UTI
0,0,1,1,0,0,0,0,0,0,1,0,1,0,0,1,1,1,0,0,0,1,1,1,1,0,Typhoid
0,0,0,1,1,1,0,1,1,1,1,0,1,1,0,0,0,0,1,0,0,1,1,1,0,1,Meningitis
1,1,1,0,0,0,0,1,1,0,0,1,0,1,0,0,0,1,0,0,0,0,0,1,0,0,Asthma
0,0,0,1,1,1,1,0,1,1,0,0,0,1,1,1,0,0,1,1,0,1,1,1,0,0,UTI
1,1,0,0,1,1,1,0,1,0,0,1,1,1,0,1,1,0,1,1,1,0,1,0,0,1,Common Cold
1,1,1,1,0,1,0,0,1,0,0,0,1,1,1,0,1,1,0,1,0,0,1,0,0,1,Gastroenteritis
1,1,1,0,0,0,1,1,1,1,1,1,1,0,0,0,0,1,0,0,1,0,1,1,0,0,Dengue
0,0,0,0,1,1,0,1,0,0,0,1,0,0,0,1,1,1,0,0,0,1,1,0,1,1,Conjunctivitis
0,0,1,1,0,1,0,0,1,0,1,1,1,1,1,1,1,0,0,1,0,0,0,1,1,1,Appendicitis
1,0,1,1,1,1,0,1,1,0,1,1,1,1,0,0,0,1,0,1,1,0,1,1,0,0,Appendicitis
1,0,0,1,1,0,0,0,0,0,0,1,0,0,1,0,1,1,0,0,0,1,0,1,0,1,UTI
0,0,0,0,1,1,1,0,1,0,1,1,1,0,1,1,1,1,1,1,0,0,0,1,1,0,Common Cold
0,1,0,0,1,1,1,0,0,1,1,1,0,0,0,0,1,1,0,0,1,0,0,1,0,0,COVID-19
1,1,1,1,0,1,0,1,1,0,1,0,1,0,1,0,1,0,0,1,0,1,1,0,1,1,Influenza
1,0,1,0,0,0,1,0,1,1,0,0,0,1,0,0,0,0,0,0,1,1,0,1,0,0,Typhoid
1,1,0,0,1,1,0,0,1,1,0,0,0,0,0,0,0,0,1,0,0,1,0,1,0,0,Asthma
1,1,1,1,1,1,1,0,0,0,1,1,1,1,1,0,1,1,0,1,1,1,1,0,1,0,Hepatitis
0,1,0,0,0,1,1,1,1,0,0,0,0,1,1,0,1,1,0,0,1,0,1,1,1,1,COVID-19
0,1,0,1,1,1,1,0,0,0,0,1,0,0,0,0,1,1,0,0,1,1,0,0,1,1,Malaria
0,0,0,1,1,1,0,0,1,0,0,0,1,0,1,1,0,0,0,1,0,0,0,1,0,1,Appendicitis
1,1,1,0,1,0,1,0,1,1,0,0,1,0,1,0,0,0,0,0,0,1,1,1,0,0,Typhoid
0,0,1,0,1,1,0,1,1,0,0,1,0,0,0,1,0,1,1,1,0,1,1,0,0,1,Typhoid
0,0,1,0,0,0,0,1,0,0,0,0,1,1,1,0,1,0,0,0,1,1,1,0,1,1,Common Cold
0,1,0,0,1,1,1,0,0,1,1,0,0,1,1,0,0,0,1,0,0,0,1,0,0,1,Asthma
1,0,0,0,0,0,1,0,0,1,1,1,1,1,0,1,0,1,1,1,0,0,0,0,0,0,Chickenpox
0,1,1,0,0,0,1,1,0,1,0,1,0,1,1,1,1,0,1,1,0,0,1,1,0,1,Meningitis
0,1,1,0,0,0,1,1,1,0,0,1,1,0,1,1,0,1,0,0,0,0,0,0,0,1,Conjunctivitis
0,1,1,1,1,1,0,1,0,0,0,1,0,1,1,1,0,0,0,0,0,1,0,0,0,1,COVID-19
0,1,1,1,1,0,0,1,0,0,1,0,1,0,1,1,1,1,0,0,1,0,1,1,0,0,Dengue
1,1,0,1,1,0,1,0,0,1,0,0,1,1,1,1,1,1,1,1,1,1,0,0,0,0,Appendicitis
0,0,0,1,1,0,0,1,0,0,1,0,0,0,0,1,1,1,1,1,1,1,0,0,1,0,Malaria
1,0,0,0,1,0,1,0,1,0,1,1,0,0,1,1,0,1,1,0,1,1,1,0,0,0,Arthritis
1,0,0,0,1,1,1,0,0,1,1,1,1,1,0,0,0,1,0,0,0,1,1,1,0,1,Chickenpox
1,0,0,0,1,1,0,1,0,0,1,0,1,0,0,1,0,0,1,0,1,0,1,1,1,0,Heart Disease
0,1,1,1,1,0,1,0,1,1,0,1,1,0,1,1,1,0,1,1,1,1,1,0,0,0,Dengue
1,0,0,1,0,0,0,1,0,1,1,1,1,0,0,1,0,1,1,0,0,0,1,0,1,0,Arthritis
1,0,0,0,1,1,1,1,1,0,0,1,1,0,1,1,1,0,1,0,1,0,0,0,1,1,Tuberculosis
1,0,0,0,0,0,1,0,0,0,0,1,1,1,1,0,0,0,0,0,1,0,1,1,1,0,Arthritis
0,1,0,0,1,0,1,0,0,0,0,1,1,1,1,0,0,1,1,1,0,0,0,1,1,0,Pneumonia
1,1,1,1,0,1,0,1,1,1,0,1,1,1,0,1,1,1,1,1,0,0,1,0,0,0,Food Poisoning
1,0,1,0,1,0,0,0,0,0,1,0,0,1,0,1,0,0,0,0,0,1,0,0,1,0,Malaria
1,0,1,0,0,0,1,0,0,1,0,1,0,0,0,0,1,0,1,1,0,1,1,1,1,1,Common Cold
0,1,0,1,0,0,0,0,1,0,0,1,1,0,1,1,0,0,0,1,1,0,0,0,0,0,UTI
1,0,1,0,0,0,0,0,1,1,1,1,1,1,1,0,1,1,1,1,1,0,0,0,0,0,UTI
1,0,0,1,1,1,1,0,0,1,1,1,1,1,1,0,1,1,0,1,0,0,0,0,0,1,Malaria
1,1,1,1,0,0,1,0,1,0,0,0,0,0,1,0,1,0,1,0,1,0,1,0,1,1,Meningitis
0,0,1,0,0,1,0,0,0,0,0,1,1,0,1,1,1,0,0,0,0,0,0,0,1,0,COVID-19
0,1,0,1,1,0,0,0,0,1,0,0,0,0,1,0,0,1,1,1,0,1,0,0,1,1,Bronchitis
1,0,0,1,0,1,1,0,1,0,0,0,0,1,0,0,0,0,0,0,1,1,1,1,0,0,Meningitis
0,1,0,0,1,0,1,0,0,0,1,1,1,0,1,0,0,0,1,1,1,0,1,1,1,1,COVID-19
0,1,1,0,0,1,1,1,1,1,0,0,1,0,0,1,1,1,0,1,1,1,0,1,1,0,Asthma
0,1,0,1,0,1,0,1,0,0,0,1,0,1,0,1,1,1,1,0,0,1,1,1,1,0,Chickenpox
0,1,1,0,0,0,1,1,0,0,0,1,0,1,1,1,0,1,1,0,0,1,1,1,0,0,Asthma
1,1,0,1,0,0,0,1,1,0,0,1,0,0,1,1,0,0,0,1,0,0,0,0,0,1,Asthma
0,0,0,0,1,1,1,1,0,1,1,1,1,1,1,0,1,1,1,0,1,0,1,1,0,0,Chickenpox
1,1,0,1,0,0,1,0,1,1,1,1,1,1,1,0,0,1,0,0,0,1,0,0,0,1,Pneumonia
0,1,0,1,1,1,1,1,1,0,1,1,1,1,0,0,0,1,1,1,1,1,1,1,0,1,Conjunctivitis
0,1,0,0,1,0,0,1,1,1,0,1,1,0,1,0,0,1,0,1,0,1,0,0,0,1,Bronchitis
0,1,1,0,1,1,1,0,1,0,0,0,1,0,1,0,1,0,0,1,0,0,0,0,1,1,Tuberculosis
1,0,0,1,1,0,0,1,0,0,1,0,1,1,0,0,0,0,0,1,1,0,0,1,0,1,Conjunctivitis
0,0,0,0,1,0,1,1,1,1,0,0,0,0,1,0,1,1,0,1,0,1,1,1,1,1,Asthma
1,1,0,0,0,1,0,1,0,0,1,0,1,1,0,0,1,0,0,1,1,0,0,0,1,0,Pneumonia
1,0,1,1,0,0,1,0,0,0,1,0,0,0,0,1,1,1,1,1,1,1,1,0,0,1,Meningitis
0,1,0,0,0,1,0,1,1,0,1,1,1,0,0,0,0,1,1,1,0,1,0,1,0,0,Gastroenteritis
0,1,0,1,1,0,1,0,1,1,0,0,0,1,1,0,0,0,1,0,1,0,0,1,1,1,Bronchitis
0,0,0,0,1,1,0,0,0,0,0,1,0,1,0,1,0,1,1,1,0,1,1,1,1,0,Influenza
1,1,0,1,1,1,1,0,0,1,0,0,0,0,1,0,0,0,0,0,0,1,0,1,0,0,Pneumonia
1,1,0,1,0,1,1,0,1,1,0,1,1,0,0,1,1,0,1,0,0,1,0,1,0,0,COVID-19
0,1,0,0,0,0,1,0,0,0,0,1,0,0,1,1,0,1,1,0,0,1,1,1,0,0,Dengue
1,1,1,1,0,1,1,1,1,0,1,0,0,0,0,1,0,1,0,1,1,0,1,1,1,0,UTI
1,1,1,0,0,0,1,0,0,1,0,0,0,0,1,1,0,1,1,0,0,0,0,0,1,1,Heart Disease
1,0,1,0,0,0,1,1,0,0,0,1,1,0,1,1,0,1,0,1,1,1,1,1,1,1,Food Poisoning
1,0,1,0,0,1,0,0,1,0,0,1,1,0,1,1,1,1,1,0,0,1,1,1,1,0,UTI
1,1,1,0,1,0,1,0,1,0,1,0,1,1,1,0,1,0,1,1,1,0,0,0,0,1,Asthma
0,1,0,0,0,0,0,1,0,0,0,0,1,0,1,0,0,1,1,0,0,0,1,0,1,0,Typhoid
1,1,1,0,0,1,0,1,0,0,0,0,1,0,0,0,0,0,0,1,0,1,0,1,1,1,UTI
0,0,1,0,1,0,1,1,0,0,0,0,1,1,1,0,1,1,0,0,0,0,0,1,1,0,COVID-19
1,0,1,1,1,1,0,0,0,1,1,0,1,0,0,1,1,0,1,0,0,0,1,1,1,1,Dengue
0,0,0,0,1,0,0,1,1,1,1,0,0,1,1,0,1,1,1,1,0,0,1,0,0,0,Chickenpox
0,0,1,1,0,0,1,1,1,1,0,0,1,1,0,0,0,0,0,1,1,0,0,0,0,1,Dengue
1,0,1,0,0,1,0,0,0,0,0,0,1,1,1,1,0,0,1,0,1,0,1,1,1,0,COVID-19
1,1,0,0,1,0,0,1,1,1,0,0,1,0,0,1,0,0,0,0,0,1,0,1,1,0,Tuberculosis
1,0,0,0,1,1,0,1,1,1,0,1,1,1,1,0,1,0,0,0,1,1,0,0,1,1,Pneumonia
1,0,1,0,1,1,1,0,0,0,0,0,1,1,1,0,1,0,0,1,0,1,1,1,0,0,Chickenpox
0,0,1,1,1,1,1,0,1,1,0,1,1,0,1,1,0,1,1,1,1,1,0,0,1,0,Influenza
1,0,1,0,0,1,1,1,1,0,1,1,0,1,0,0,0,0,0,0,1,0,0,0,0,0,Appendicitis
1,0,0,1,0,0,0,1,1,1,1,0,0,0,0,0,0,1,0,0,1,1,1,0,1,1,UTI
0,0,1,1,0,1,0,0,0,0,1,1,0,0,1,1,0,1,0,0,1,1,1,1,0,1,Heart Disease
1,0,1,0,0,1,1,0,0,1,0,1,1,0,1,0,0,1,0,1,1,1,1,1,1,0,Appendicitis
0,1,0,0,0,1,0,0,1,1,1,0,1,1,0,1,0,1,0,0,1,0,1,0,1,0,Food Poisoning
0,0,1,0,0,0,0,1,1,1,1,1,0,1,1,1,0,0,1,0,1,1,0,1,1,0,Chickenpox
0,0,1,1,1,1,1,1,1,1,1,1,0,0,1,0,0,0,0,0,0,0,1,1,0,1,Conjunctivitis
0,1,0,0,1,1,0,0,1,1,0,1,0,1,1,1,0,1,1,0,1,0,0,1,0,1,Gastroenteritis
1,1,0,0,0,0,1,1,1,1,1,0,1,0,0,1,1,1,1,0,0,0,0,0,0,0,Influenza
0,1,0,1,1,0,0,0,1,0,1,1,1,1,1,0,1,1,1,1,0,1,0,1,1,0,Chickenpox
0,1,0,0,1,1,0,1,1,0,1,1,1,0,1,1,0,0,0,1,0,0,1,0,1,0,UTI
1,1,1,1,1,0,1,1,0,0,0,0,1,1,0,1,0,1,0,0,1,1,1,1,1,0,Hepatitis
1,0,0,0,1,0,0,1,1,1,0,0,1,1,1,1,0,1,1,1,1,0,1,0,1,1,Tuberculosis
1,0,0,1,1,0,0,0,1,1,0,1,1,1,0,1,0,0,1,1,0,0,1,1,1,1,Pneumonia
0,1,0,0,1,0,1,0,0,0,0,0,1,1,1,1,0,1,0,1,0,1,0,1,1,1,Migraine
0,0,0,0,1,1,0,1,0,1,1,1,0,0,1,0,1,1,0,1,0,0,0,0,1,1,Pneumonia
0,1,1,0,0,0,0,0,0,0,1,1,1,1,1,1,1,1,1,0,0,0,0,0,0,1,Gastroenteritis
0,1,0,1,0,1,1,0,1,0,1,0,1,1,0,0,1,1,1,1,1,1,1,1,0,1,Tuberculosis
1,1,0,0,0,0,1,1,1,1,0,0,0,0,1,1,0,1,0,0,1,1,1,0,0,1,Food Poisoning
1,0,0,1,0,1,0,1,0,1,1,1,0,1,0,1,1,1,1,1,1,1,0,1,1,1,Typhoid
1,0,1,0,1,0,0,1,1,1,0,0,1,1,0,0,0,0,1,1,0,0,1,0,0,1,Arthritis
0,1,0,1,1,0,0,0,1,0,0,0,0,1,1,1,1,1,0,0,0,1,1,1,0,0,Gastroenteritis
1,0,1,1,0,0,0,1,0,0,0,1,1,0,1,1,0,1,0,0,0,0,1,0,1,0,UTI
1,1,1,0,1,1,1,1,1,0,1,1,0,1,1,0,0,1,0,0,1,0,0,0,0,0,Gastroenteritis
1,1,1,0,0,1,0,1,0,0,0,0,1,1,0,1,1,1,1,0,0,1,1,1,0,1,Common Cold
0,0,1,0,0,1,0,1,0,1,1,0,1,1,1,0,1,0,0,0,1,1,0,0,0,1,Bronchitis
1,0,0,1,1,0,0,1,0,1,0,1,0,0,1,0,0,0,0,1,1,0,1,0,1,0,Influenza
1,0,1,1,1,0,1,1,1,0,1,0,1,0,1,1,1,1,0,0,0,0,0,0,0,0,Arthritis
0,1,1,1,1,1,0,1,1,0,1,0,1,0,0,1,0,1,1,1,0,0,1,0,0,0,Dengue
1,0,0,0,1,1,0,1,0,1,0,1,0,1,0,0,1,0,0,1,1,1,0,1,0,1,Food Poisoning
1,1,1,0,1,1,0,1,1,0,0,0,1,1,1,1,0,1,0,0,1,0,0,1,1,1,Malaria
1,0,0,0,1,1,0,1,1,0,0,0,1,0,0,1,1,1,0,1,1,0,0,1,0,1,Conjunctivitis
0,1,1,0,1,0,0,1,0,1,1,0,1,0,0,0,1,1,0,1,0,0,1,0,0,0,Appendicitis
0,0,1,0,0,0,1,1,0,1,0,0,0,0,1,1,1,1,0,0,0,1,1,1,1,0,Migraine
0,1,0,1,1,0,1,1,0,0,0,1,0,0,0,1,0,0,1,1,0,0,1,1,0,0,Chickenpox
1,1,1,1,1,0,1,0,1,0,0,0,1,1,1,0,1,0,0,1,1,0,0,1,0,0,Influenza
1,0,0,0,0,0,0,1,0,1,1,1,1,1,1,0,0,1,1,1,0,1,0,0,1,1,Hepatitis
0,1,1,1,1,1,0,1,0,1,1,0,1,1,0,0,0,1,1,1,0,1,1,0,0,0,Asthma
0,1,1,1,1,0,1,0,1,1,0,1,1,1,1,1,1,1,1,1,0,1,0,1,0,1,Conjunctivitis
1,1,0,0,1,1,1,1,1,0,1,0,1,0,1,1,1,1,0,0,1,1,0,1,1,1,Arthritis
0,1,1,0,0,1,1,1,0,0,1,0,0,1,1,0,0,0,0,0,1,0,0,1,1,0,Bronchitis
1,0,1,1,0,0,1,1,0,1,0,1,1,1,1,1,1,0,0,0,1,1,1,1,0,1,Tuberculosis
1,0,1,0,0,0,0,0,1,0,1,1,0,0,0,0,0,1,1,1,1,1,1,0,0,1,Appendicitis
0,1,1,0,0,1,1,1,1,1,0,0,1,0,0,0,1,0,1,1,0,0,1,0,1,1,Malaria
0,0,0,0,1,0,1,0,0,1,1,1,1,0,0,1,0,1,0,0,1,0,1,0,0,0,Malaria
1,0,0,0,0,0,0,0,1,1,0,0,1,0,1,1,0,0,1,1,0,1,0,0,0,1,Common Cold
1,1,1,0,1,0,1,0,0,1,1,1,1,1,0,1,1,0,0,1,0,1,0,1,0,1,Food Poisoning
0,0,1,1,0,1,0,1,0,1,0,0,1,0,1,0,0,1,0,1,1,0,0,0,1,0,Asthma
0,1,1,1,0,0,0,1,1,0,0,1,1,0,1,1,0,0,0,0,0,0,1,0,1,0,UTI
0,0,0,1,0,0,0,1,0,0,0,1,1,0,1,0,0,1,0,0,0,0,0,0,1,1,Conjunctivitis
1,1,1,0,1,1,1,0,0,1,1,1,1,1,1,0,0,1,0,1,1,0,1,1,1,0,Arthritis
0,1,0,1,1,1,1,0,0,0,0,0,0,1,0,0,0,1,1,0,1,0,1,1,0,0,Pneumonia
1,1,0,0,1,0,1,0,1,0,0,1,0,1,1,0,1,1,1,0,0,0,1,0,1,1,Heart Disease
1,1,0,0,0,0,1,1,0,1,1,0,1,1,1,0,0,0,1,0,1,1,0,1,1,0,Bronchitis
0,0,0,1,1,0,1,0,0,0,0,0,1,1,1,0,1,1,0,1,0,0,1,1,0,0,COVID-19
1,1,0,1,0,1,1,1,0,0,0,1,0,0,0,1,1,1,1,1,0,1,0,1,0,0,Influenza
1,0,1,0,1,0,1,1,1,1,0,1,0,0,0,1,1,1,0,0,0,1,0,0,1,1,Hepatitis
1,0,0,0,1,1,1,1,1,0,1,1,1,0,0,1,0,0,1,0,1,0,1,1,1,0,Pneumonia
1,1,1,1,0,0,1,1,0,1,0,0,1,1,1,1,0,1,1,0,0,0,1,1,1,1,Dengue
1,1,1,0,1,0,1,0,0,0,0,0,0,0,0,0,1,1,0,1,1,1,1,1,1,0,UTI
0,1,0,1,1,0,0,1,0,0,1,0,1,0,0,0,1,1,0,0,0,0,1,0,0,0,Bronchitis
0,0,1,1,1,1,0,0,0,1,1,1,1,1,0,0,0,0,0,0,0,1,1,1,1,1,Pneumonia
1,0,0,1,1,0,1,0,0,0,0,1,0,1,1,1,1,1,0,0,0,1,0,0,1,0,Common Cold
0,1,1,0,0,0,1,0,0,0,0,0,0,1,1,1,1,1,0,1,0,0,1,1,0,0,Tuberculosis
0,1,0,0,1,1,0,0,1,0,0,0,0,1,0,0,1,1,1,0,1,0,0,0,0,0,Influenza
1,1,0,1,1,1,0,1,0,1,0,0,0,0,1,0,0,0,1,1,0,0,0,1,0,1,Typhoid
1,1,0,0,1,0,1,1,1,0,1,0,0,1,0,0,0,0,0,0,0,0,1,1,0,0,UTI
1,1,0,1,1,0,0,1,1,0,1,0,1,1,0,0,1,1,0,0,1,1,1,1,1,1,Meningitis
1,1,0,1,0,0,1,1,0,1,1,0,0,1,1,1,1,1,0,1,0,1,0,0,0,1,Pneumonia
0,0,0,1,0,0,0,0,1,1,1,0,1,0,1,1,1,1,1,0,1,0,1,0,0,1,Typhoid
1,0,1,0,0,0,1,0,1,0,0,0,0,1,1,0,1,1,1,1,1,1,0,0,1,0,Chickenpox
0,0,0,1,1,1,1,0,0,0,1,0,0,0,0,1,1,1,0,0,0,0,0,1,1,1,Dengue
1,1,1,1,0,0,1,1,0,0,0,0,0,0,1,1,0,1,1,0,0,1,1,1,0,1,Conjunctivitis
1,0,0,1,1,0,0,0,1,1,1,0,0,1,1,1,0,0,0,0,0,0,0,1,1,1,Dengue
1,1,1,0,1,1,0,1,1,0,0,1,0,1,1,0,1,0,1,0,1,1,0,1,1,0,Appendicitis
1,0,0,1,0,0,0,0,0,1,0,1,1,0,0,1,0,0,0,0,1,1,0,1,0,1,Food Poisoning
1,1,1,0,1,0,0,0,1,1,0,0,1,0,0,1,1,0,0,0,1,1,1,0,0,1,Conjunctivitis
0,1,0,0,1,1,1,0,1,0,0,1,0,0,1,0,1,0,0,0,1,0,1,0,0,1,Typhoid
0,1,1,0,1,0,0,1,0,1,0,1,1,1,0,1,1,1,1,1,1,1,1,1,1,0,Pneumonia
0,1,0,0,1,1,0,0,0,0,1,0,0,0,0,1,0,1,1,0,0,1,1,0,1,0,Malaria
1,1,0,0,1,0,0,0,0,0,0,1,1,1,0,0,0,1,1,1,1,0,0,1,0,0,Appendicitis
0,1,0,0,1,0,0,1,0,1,0,1,0,1,0,0,1,1,1,0,0,1,0,0,0,0,Appendicitis
1,1,1,1,0,1,1,0,0,1,1,1,1,0,1,0,0,1,1,0,1,1,0,0,0,0,Common Cold
1,1,1,1,0,1,0,0,1,1,1,1,1,1,1,1,1,0,0,0,0,1,0,0,0,0,COVID-19
0,0,1,0,0,1,0,0,0,0,0,0,1,1,0,1,0,1,0,1,1,1,0,1,0,0,Asthma
1,0,0,0,0,0,0,0,1,1,1,1,1,1,1,0,1,1,0,1,1,1,1,1,1,0,Malaria
1,1,0,0,0,1,0,0,1,1,1,0,1,1,0,1,1,0,0,1,0,1,1,1,0,0,UTI
0,0,1,0,1,1,1,0,1,0,1,1,1,1,0,1,1,1,1,1,0,0,1,0,0,0,Food Poisoning
1,1,1,1,1,1,1,1,0,0,1,0,1,0,0,0,0,1,1,1,1,0,0,1,0,1,Hepatitis
0,1,0,1,0,1,0,1,1,0,1,0,1,0,0,0,0,0,0,0,1,1,1,1,1,1,Migraine
1,1,0,1,1,0,1,1,1,0,0,1,1,1,0,0,1,0,1,0,0,1,1,1,1,0,Conjunctivitis
1,1,1,1,1,0,1,0,0,0,0,1,1,0,0,1,1,1,0,1,1,1,0,0,1,1,Asthma
0,1,1,0,0,1,1,1,1,1,0,0,0,0,1,0,1,1,1,1,1,1,0,0,0,1,Conjunctivitis
0,0,1,1,0,1,0,0,0,1,1,0,1,1,1,0,0,1,1,1,0,1,0,1,0,0,Heart Disease
1,1,1,0,0,0,1,1,0,1,1,1,1,1,0,1,0,1,0,0,0,1,0,0,1,0,Migraine
1,0,0,0,1,0,0,0,0,1,0,0,0,1,1,0,1,1,0,0,0,1,0,1,1,0,Common Cold
1,1,1,0,0,0,0,1,0,1,0,0,0,1,1,1,0,0,0,0,0,1,0,1,1,0,Heart Disease
0,1,1,0,0,1,0,0,0,0,1,1,1,1,1,0,1,1,0,1,0,1,0,1,0,1,Food Poisoning
0,0,1,0,0,1,0,1,1,0,0,0,1,0,1,1,1,1,1,1,1,1,0,0,0,0,Conjunctivitis
0,0,1,0,1,0,0,1,0,1,0,0,0,0,1,0,0,0,1,0,0,0,1,1,0,0,COVID-19
1,0,1,0,1,1,1,1,1,0,1,1,1,0,0,1,1,1,1,0,0,0,1,1,0,1,UTI
1,1,0,1,0,0,1,1,1,0,1,1,0,1,0,0,0,1,0,1,1,1,0,1,1,0,Migraine
1,0,0,0,0,1,0,0,1,1,1,1,1,0,1,1,1,0,1,0,1,1,0,1,0,1,UTI
1,1,1,0,1,1,0,0,1,0,1,0,0,1,0,0,0,1,0,0,1,0,0,1,1,1,Common Cold
0,1,0,1,0,1,0,0,1,0,1,1,0,1,0,1,1,1,0,1,1,0,1,1,1,1,Common Cold
1,1,1,0,1,1,1,0,1,1,1,0,1,1,0,1,0,0,0,1,0,0,1,1,0,0,Conjunctivitis
1,1,1,1,1,1,0,1,1,0,0,1,0,0,1,1,1,1,1,1,0,0,1,1,1,0,Heart Disease
1,0,1,0,1,1,0,1,0,1,0,0,0,1,0,1,0,0,0,0,1,0,1,0,0,0,Dengue
1,1,0,1,1,0,1,1,0,1,0,1,1,0,1,0,0,0,0,0,0,1,0,1,0,0,Dengue
0,1,1,0,1,0,0,1,1,0,1,1,0,1,0,0,1,0,1,1,0,1,0,1,0,0,Meningitis
0,0,1,1,0,1,0,0,1,1,0,0,0,1,0,1,1,0,0,1,1,1,1,1,0,0,Dengue
1,1,0,1,1,1,1,1,0,1,1,1,0,1,0,1,0,1,1,1,1,1,0,0,0,1,Heart Disease
0,0,1,1,1,0,0,0,0,0,0,1,0,0,1,0,0,1,1,1,0,0,1,1,0,0,Pneumonia
1,1,0,1,0,0,0,0,0,1,0,1,1,1,1,0,0,1,0,0,0,0,0,0,0,0,Pneumonia
1,1,1,1,1,1,0,0,0,0,1,0,0,0,1,0,1,1,0,1,0,0,1,1,0,0,Influenza
1,1,1,0,0,1,0,0,0,0,0,0,1,0,0,1,1,1,0,0,1,0,0,1,1,0,Gastroenteritis
0,0,1,0,0,0,0,1,1,1,1,1,1,1,1,1,0,0,0,1,0,0,1,0,1,0,Malaria
1,0,0,1,1,0,1,0,1,1,0,1,0,1,1,1,1,1,0,0,0,0,1,0,0,1,Malaria
0,0,0,0,1,0,0,0,0,1,1,0,0,0,0,0,0,0,1,0,0,1,0,1,0,1,Common Cold
1,1,0,1,1,1,0,0,1,0,1,0,1,0,1,0,0,0,0,0,0,1,0,0,1,1,Malaria
0,1,1,0,0,1,0,0,0,1,0,1,1,1,0,1,1,0,1,1,0,0,1,1,0,1,Appendicitis
0,0,0,0,1,0,1,1,1,0,1,1,0,1,1,0,0,1,1,0,1,1,0,1,0,0,COVID-19
1,0,1,0,0,0,0,1,1,0,1,1,0,1,1,1,0,1,0,0,1,0,1,0,0,0,Meningitis
1,1,0,0,1,1,0,0,1,0,0,1,0,1,1,1,1,0,1,0,0,1,0,0,0,0,UTI
0,0,0,0,1,1,1,0,0,0,0,0,0,1,0,1,0,0,0,0,1,1,0,0,1,1,Dengue
1,0,0,0,0,0,0,0,0,0,1,1,0,0,0,0,1,0,1,1,1,0,0,0,1,1,Heart Disease
1,0,0,1,1,1,1,0,1,0,0,1,0,1,1,0,0,0,1,1,0,1,0,0,1,0,Hepatitis
0,0,1,1,1,0,0,0,0,1,1,1,0,0,0,1,0,0,1,1,1,1,0,1,1,0,Influenza
1,1,0,0,0,0,0,0,0,1,1,0,0,0,0,0,1,1,0,1,0,0,1,1,1,1,Appendicitis
0,0,1,0,1,0,0,0,1,0,1,0,0,0,0,0,0,0,0,0,0,1,0,1,1,1,UTI
0,0,0,1,1,0,0,1,0,0,1,0,1,0,1,0,0,0,1,1,0,0,1,0,1,1,Gastroenteritis
1,1,0,1,0,1,1,0,1,0,0,0,0,1,0,0,0,1,0,1,0,1,1,1,1,1,Pneumonia
0,0,1,1,0,0,0,0,0,0,0,1,1,0,1,0,0,0,1,1,0,0,1,0,0,1,Malaria
1,0,0,1,1,1,1,0,1,1,0,0,0,0,0,0,0,0,1,1,0,0,0,0,1,0,Bronchitis
0,0,0,0,1,0,0,1,1,0,1,1,1,1,0,1,1,1,0,1,0,0,1,0,1,1,Appendicitis
1,1,0,1,1,1,1,0,0,0,1,1,1,1,0,0,1,0,0,0,1,0,1,1,0,1,Gastroenteritis
0,0,1,1,1,0,0,1,0,0,1,0,1,0,0,1,1,0,1,0,1,1,0,0,0,1,Heart Disease
1,1,1,0,0,1,0,0,1,0,1,1,0,1,0,1,1,1,1,0,1,0,1,0,0,0,Conjunctivitis
0,0,1,0,0,1,1,1,0,1,0,0,0,0,1,1,0,0,1,1,0,1,1,1,0,1,Arthritis
0,0,0,0,1,1,0,0,0,0,0,1,0,0,1,0,0,1,0,1,0,1,1,1,1,1,Asthma
1,1,1,0,1,0,0,1,1,0,0,1,1,0,0,0,1,0,0,0,1,0,0,1,1,0,Influenza
0,0,1,0,1,0,0,1,0,0,0,0,1,1,0,1,1,1,1,0,0,1,1,1,0,0,Appendicitis
1,0,0,0,1,1,1,0,0,0,1,1,0,1,1,1,0,0,1,0,1,1,1,1,1,0,Migraine
1,0,1,0,1,1,0,1,0,1,1,1,0,0,1,0,0,1,0,1,1,0,1,0,0,0,Typhoid
0,0,1,0,0,0,1,0,1,1,1,0,0,0,0,1,0,0,0,0,0,1,1,0,1,0,UTI
0,0,1,1,1,1,0,0,1,1,0,0,1,1,1,1,0,0,1,0,1,0,0,0,0,1,Bronchitis
1,1,1,1,0,0,1,1,1,0,0,0,1,1,0,0,1,0,1,0,1,1,0,1,1,1,Pneumonia
1,1,1,0,0,1,1,1,0,0,1,1,1,1,0,0,0,0,1,1,1,0,1,0,1,0,Hepatitis
0,0,0,0,1,1,0,1,1,0,0,1,0,1,1,1,1,1,0,1,0,0,0,1,1,1,UTI
1,0,0,1,0,0,0,0,1,0,0,0,0,1,0,1,0,0,1,0,1,1,1,1,0,1,Migraine
1,0,1,0,1,1,0,1,1,0,1,0,0,1,1,0,0,1,1,1,1,1,1,0,1,1,Tuberculosis
1,1,0,0,0,0,0,1,1,1,0,1,1,0,1,1,1,1,1,1,0,0,1,0,1,0,Typhoid
0,0,0,1,0,0,0,1,1,1,0,0,0,0,1,0,0,1,1,1,1,1,0,0,0,0,Hepatitis
1,0,1,0,0,1,1,1,0,0,1,1,1,1,1,0,0,1,0,1,1,0,1,0,0,0,Migraine
0,1,0,1,1,0,0,1,0,0,0,1,0,1,0,0,0,1,1,0,1,1,1,0,0,1,Tuberculosis
0,1,0,1,0,0,1,0,0,0,0,1,0,1,0,0,1,1,1,1,0,0,1,0,0,1,Meningitis
0,1,0,0,0,0,0,0,0,1,1,1,0,1,1,1,1,0,0,1,0,0,1,0,1,0,Tuberculosis
1,1,1,1,1,0,0,0,1,1,1,0,0,0,1,0,0,1,0,0,0,1,0,1,1,0,Malaria
1,0,0,0,0,0,1,0,0,0,0,1,0,0,1,0,1,1,0,1,0,0,0,0,1,0,Asthma
0,0,1,0,0,0,1,0,0,0,1,0,1,0,0,0,0,1,0,1,0,0,0,0,0,0,COVID-19
1,0,0,1,0,1,1,0,0,0,0,1,0,1,1,0,1,1,0,0,0,0,1,1,1,0,COVID-19
1,0,1,0,1,0,0,1,1,1,0,0,0,1,1,1,0,0,0,1,1,0,1,1,0,0,Malaria
1,0,1,1,1,0,1,0,1,1,1,0,1,0,1,1,1,1,0,1,0,1,0,0,1,0,Meningitis
1,1,0,1,0,1,1,0,0,0,1,1,1,0,1,1,1,0,0,0,1,0,1,0,1,1,Malaria
1,1,1,1,1,1,0,1,0,1,1,0,1,1,0,1,1,1,1,1,0,0,1,0,1,0,Asthma
1,1,0,0,1,1,1,1,1,1,1,0,1,1,1,1,0,0,1,1,0,1,1,0,0,1,Gastroenteritis
0,0,0,0,1,1,0,1,0,1,1,1,0,1,1,0,0,0,0,0,1,0,0,1,1,0,Hepatitis
1,0,0,0,1,0,0,1,0,1,1,0,1,1,0,0,0,1,0,1,0,1,1,1,1,0,Pneumonia
0,0,1,0,1,0,1,1,1,0,1,0,0,0,0,0,0,1,1,1,0,0,0,0,1,1,Food Poisoning
0,0,1,0,1,0,0,1,0,1,1,1,0,0,0,0,0,0,1,0,1,1,1,1,1,1,Common Cold
0,1,0,1,1,1,0,1,0,1,0,1,1,0,1,1,0,0,0,0,0,1,0,0,0,1,Appendicitis
1,1,0,0,0,1,1,1,1,0,0,1,1,1,0,0,1,0,1,1,0,1,0,0,1,1,Food Poisoning
1,0,1,0,0,1,0,0,1,0,0,0,1,0,1,1,1,0,0,0,1,1,1,1,0,1,Chickenpox
0,0,0,0,1,1,1,1,1,0,1,1,1,1,1,1,1,1,1,0,1,0,0,1,0,0,UTI
1,0,1,0,0,1,1,1,1,1,0,1,0,0,1,1,0,0,0,0,0,1,1,0,1,1,Appendicitis
1,0,1,1,0,0,0,1,1,1,0,0,1,1,1,0,1,0,0,0,1,1,0,1,1,1,Meningitis
1,1,1,1,0,1,0,0,0,1,0,1,0,1,0,0,0,1,1,1,1,1,0,1,1,1,COVID-19
0,1,0,0,1,1,1,0,0,0,0,0,0,0,1,0,0,1,1,0,0,1,1,1,1,0,Hepatitis
1,1,0,0,1,0,0,1,1,0,0,1,1,1,0,0,1,1,0,1,0,1,1,0,1,0,Typhoid
1,0,0,1,1,0,0,0,0,0,0,0,1,1,0,1,0,0,1,1,1,1,0,1,1,0,Migraine
0,0,1,1,0,1,1,0,1,0,0,1,0,0,1,0,1,1,0,1,1,1,0,0,0,1,Food Poisoning
1,0,0,0,0,0,0,0,0,1,1,1,0,1,0,1,1,1,1,0,0,0,1,0,1,0,Asthma
0,0,0,1,1,0,0,1,0,1,0,0,0,0,0,0,1,0,0,1,1,1,0,0,0,0,Arthritis
0,0,1,1,0,0,1,0,1,1,1,0,0,1,1,0,1,1,1,0,1,0,0,0,0,1,Tuberculosis
0,0,1,0,0,1,0,1,0,1,1,0,0,0,1,1,1,1,1,0,0,0,1,0,0,1,Typhoid
1,1,0,1,0,0,1,0,0,1,0,0,1,0,1,1,0,0,1,1,0,0,1,0,1,1,Tuberculosis
0,1,1,1,0,0,1,1,1,0,0,1,1,0,0,0,0,1,1,0,0,0,1,1,1,0,Heart Disease
0,1,1,0,0,1,1,1,1,1,1,0,1,0,1,0,0,1,1,1,1,1,1,1,1,0,Conjunctivitis
1,1,1,0,0,1,0,0,0,0,0,1,0,0,1,0,1,1,0,0,0,0,0,1,1,0,Malaria
1,0,1,0,1,0,1,1,1,0,1,0,1,0,1,1,0,0,1,1,0,1,0,1,0,0,Dengue
1,0,1,0,1,0,1,0,1,0,0,1,1,0,0,0,1,1,1,0,0,0,1,1,1,0,Bronchitis
0,1,1,0,1,1,0,0,0,1,0,0,1,1,0,1,1,0,1,1,0,1,1,1,1,0,Food Poisoning
1,1,1,0,1,1,1,1,0,0,1,0,1,1,1,1,1,0,1,0,1,1,0,0,1,0,Conjunctivitis
0,1,0,1,1,1,0,0,1,1,0,1,0,0,0,1,0,0,0,0,0,1,1,0,1,0,Chickenpox
0,0,0,1,0,0,1,0,1,0,0,0,1,0,1,1,1,0,0,0,0,1,1,1,1,1,Hepatitis
0,0,1,1,0,1,1,0,1,0,1,1,1,0,0,1,1,0,1,1,1,1,0,0,0,1,Tuberculosis
0,1,0,1,0,1,1,1,1,1,0,0,0,1,1,0,0,0,0,0,1,0,1,1,1,1,Meningitis
0,0,1,0,0,1,0,0,1,1,0,1,0,1,1,1,1,0,0,1,0,1,1,1,0,1,Arthritis
1,0,0,1,1,1,0,0,0,1,0,0,1,0,1,0,1,1,1,1,0,0,1,0,0,1,Pneumonia
0,0,1,1,0,0,1,0,1,1,0,1,1,0,0,0,1,0,0,0,0,1,0,0,1,0,Dengue
0,0,1,0,0,0,0,0,0,0,0,0,1,1,0,0,0,1,1,0,0,0,0,1,1,1,Malaria
0,0,1,0,0,1,1,1,0,0,1,1,0,1,0,1,0,1,0,1,0,0,1,0,1,0,Arthritis
0,0,1,1,1,0,0,0,1,0,1,1,1,1,0,0,1,0,1,0,0,1,0,0,0,0,UTI
0,1,0,1,1,1,1,0,0,1,1,1,0,0,0,1,1,0,1,1,1,1,0,1,1,0,Chickenpox
1,0,0,1,1,0,0,0,1,1,1,1,1,1,1,0,1,1,1,0,1,0,1,1,0,0,Chickenpox
0,1,1,1,0,1,1,1,1,0,1,0,0,0,0,0,1,0,1,0,1,1,0,0,1,1,Bronchitis
0,0,0,1,0,1,1,0,0,0,0,0,1,1,0,1,0,1,0,0,0,0,1,1,1,0,Food Poisoning
1,0,1,1,0,1,0,0,0,1,1,1,0,0,0,0,1,1,1,1,1,1,0,1,0,1,Asthma
1,0,0,1,1,0,1,1,1,1,0,1,1,1,1,1,0,0,1,0,1,1,0,0,0,0,Hepatitis
0,1,0,0,0,1,0,0,0,0,0,0,1,0,1,1,0,1,0,0,0,0,1,0,0,0,Gastroenteritis
0,1,1,0,1,1,0,1,0,1,0,1,0,1,0,0,0,1,1,0,0,0,0,0,1,1,Arthritis
0,1,0,1,0,0,1,1,1,1,1,0,0,0,1,1,0,1,1,1,1,1,1,0,0,0,Conjunctivitis
0,0,1,0,1,1,0,0,0,0,1,0,1,1,1,0,0,0,1,1,1,0,1,1,0,1,Bronchitis
1,0,0,0,0,0,1,0,1,1,0,1,0,1,1,1,0,0,0,1,1,1,1,0,0,0,Migraine
1,1,1,0,1,0,0,1,0,1,1,1,0,1,1,1,0,0,0,1,1,1,0,0,0,1,Heart Disease
1,0,0,1,1,1,0,1,1,0,1,0,1,0,0,1,0,0,0,1,0,0,1,1,0,1,Heart Disease
0,1,0,1,0,1,1,1,0,1,0,1,0,0,1,1,0,0,0,1,1,0,0,0,1,0,Pneumonia
1,0,0,0,0,1,1,1,1,1,0,1,1,0,0,0,1,1,1,1,0,1,1,1,1,1,Food Poisoning
1,0,0,1,1,1,1,1,0,0,0,1,1,0,1,0,1,1,0,1,1,0,0,0,0,1,Heart Disease
1,0,0,1,1,1,1,1,1,1,0,0,0,1,1,1,1,0,1,0,1,0,0,0,0,1,Gastroenteritis
1,0,0,1,1,1,0,0,1,1,1,0,1,0,0,1,0,1,0,0,0,0,1,1,1,0,Chickenpox
1,0,0,1,0,0,1,1,0,0,1,1,1,1,0,0,0,0,0,1,1,1,0,1,1,0,Conjunctivitis
0,0,1,0,0,1,1,1,0,1,0,0,1,1,1,0,1,1,1,1,0,0,1,1,1,0,COVID-19
0,1,1,1,1,1,1,1,1,0,1,1,1,0,1,0,0,1,1,1,0,1,0,0,0,1,Arthritis
0,1,1,1,0,0,1,1,0,1,1,0,0,1,0,1,1,0,1,1,0,0,0,0,1,0,Chickenpox
0,0,1,0,1,0,0,0,1,1,1,1,1,0,1,0,1,1,0,1,1,0,0,1,0,0,Appendicitis
0,0,1,1,0,0,0,1,1,1,1,0,0,1,0,0,1,1,0,1,0,1,1,1,0,0,Malaria
0,1,0,1,1,1,1,0,1,0,0,0,0,1,1,0,0,1,0,1,0,1,0,0,0,1,Malaria
1,0,1,1,0,0,1,0,0,0,1,0,1,0,1,1,1,0,0,0,1,0,0,0,1,0,Dengue
0,0,0,0,1,0,0,1,0,1,0,0,0,1,0,0,0,1,1,1,0,0,0,0,1,1,Conjunctivitis
0,0,0,1,0,0,0,0,0,1,1,1,1,0,1,1,0,1,0,0,1,1,1,1,0,1,Asthma
0,0,1,0,1,0,0,0,1,1,0,1,1,1,1,0,0,1,1,1,1,0,0,1,1,0,COVID-19
1,1,0,0,1,0,0,1,0,1,1,1,0,1,0,0,1,0,1,1,1,0,0,0,0,0,Hepatitis
0,1,1,1,1,1,0,1,1,1,1,0,1,0,0,0,1,0,0,1,1,1,1,0,1,0,Malaria
1,0,0,1,0,1,1,1,1,1,1,0,1,0,0,1,0,0,1,0,1,0,1,1,0,1,Common Cold
1,1,0,1,1,1,0,1,1,0,0,1,1,1,0,0,1,0,0,1,0,1,1,0,1,0,Pneumonia
1,1,0,1,0,0,1,0,0,0,1,0,1,1,0,0,0,0,1,0,0,0,1,1,0,0,COVID-19
1,1,0,1,0,0,0,1,1,1,0,1,1,0,1,0,0,1,0,0,0,0,0,1,0,0,Common Cold
0,1,1,0,1,0,1,1,1,1,0,0,0,1,1,0,0,1,0,0,0,0,0,1,0,0,Malaria
1,0,0,1,1,1,0,1,0,0,0,0,0,1,0,1,1,1,1,1,1,1,1,0,0,1,Meningitis
0,1,0,1,0,1,1,1,0,0,1,0,1,1,0,1,1,0,1,0,0,0,0,0,1,1,Malaria
0,1,1,1,0,1,1,0,0,0,1,1,0,0,1,0,1,0,1,1,1,1,0,1,1,0,Migraine
1,0,0,1,1,0,1,0,0,0,0,1,0,0,1,1,0,1,1,1,1,0,0,1,0,0,Tuberculosis
0,1,0,0,1,1,0,0,0,0,1,1,1,1,1,0,0,0,0,0,1,1,1,1,0,0,Influenza
0,0,0,0,0,1,0,1,0,1,1,1,0,1,0,1,1,0,0,0,0,0,0,0,1,0,Meningitis
0,1,1,1,1,0,1,1,0,1,1,0,1,1,0,0,1,1,0,1,0,1,1,1,0,0,Asthma
0,1,0,1,1,1,0,0,1,0,0,1,0,1,1,1,0,0,0,1,0,1,1,0,1,0,Malaria
0,1,0,1,0,0,0,1,0,1,0,1,1,1,0,0,0,1,1,0,0,0,0,0,1,0,Asthma
1,1,0,0,0,0,0,0,1,1,1,0,0,1,0,0,0,0,1,1,1,0,1,0,1,0,Arthritis
1,0,1,0,1,1,0,0,0,0,1,0,0,1,0,1,0,0,1,1,0,0,1,1,0,0,Hepatitis
0,0,1,1,0,1,0,1,0,1,0,1,1,1,0,0,1,0,0,1,1,1,1,1,1,0,Influenza
1,0,1,1,1,0,0,1,1,1,1,0,0,1,0,1,0,0,1,1,1,0,1,1,1,0,Influenza
1,1,1,1,1,0,1,1,1,1,0,0,1,1,1,0,0,1,0,0,0,0,0,0,1,1,Influenza
0,1,0,0,0,1,1,1,1,1,0,1,1,0,1,1,1,1,1,0,1,0,0,0,0,1,Migraine
1,0,0,1,0,1,0,0,0,0,1,1,1,1,1,0,1,1,0,0,1,1,1,0,0,0,Bronchitis
0,0,1,1,0,0,1,0,1,1,0,0,1,1,0,0,0,1,1,1,0,1,1,0,1,1,Meningitis
0,0,1,0,0,0,1,0,1,1,1,1,1,0,1,1,0,0,1,1,1,1,1,0,0,0,Common Cold
0,0,1,1,1,0,0,0,0,0,0,1,0,0,1,0,1,0,1,0,1,0,1,1,0,0,Hepatitis
0,1,1,0,1,1,0,1,1,1,1,1,1,0,0,1,0,0,0,0,1,0,0,1,0,1,COVID-19
1,0,1,1,0,1,1,1,0,1,0,0,1,1,0,0,0,0,0,1,1,1,0,0,0,1,UTI
1,0,1,1,1,0,0,0,1,1,0,0,1,0,0,1,0,0,0,1,0,1,0,1,1,1,Conjunctivitis
1,0,1,1,0,0,0,0,0,0,0,0,1,0,0,1,0,1,0,1,1,1,1,0,0,1,Dengue
1,1,0,1,1,1,0,1,1,1,1,1,1,0,1,1,1,0,1,1,0,0,0,0,0,1,Common Cold
0,0,1,0,0,0,1,0,0,0,1,0,1,0,0,0,1,0,0,0,0,1,1,0,0,1,Meningitis
0,0,1,0,0,0,0,0,1,0,0,0,0,0,1,0,0,1,0,1,1,1,1,1,0,0,COVID-19
1,1,1,1,1,1,0,0,0,0,1,1,0,1,1,1,0,1,0,0,0,0,1,0,0,0,Heart Disease
1,0,0,0,1,1,0,1,0,0,1,1,0,1,0,1,1,1,1,1,0,1,1,1,1,0,Pneumonia
0,0,1,0,1,1,1,1,1,0,1,1,0,0,0,0,1,0,1,0,1,0,0,1,1,1,Gastroenteritis
1,1,0,0,1,1,1,1,1,1,0,1,1,0,0,1,0,0,0,0,1,0,0,1,0,1,Pneumonia
0,1,1,0,0,1,0,0,0,1,0,1,0,0,0,1,1,1,1,1,0,0,0,1,0,0,Food Poisoning
1,0,0,0,0,0,0,1,0,0,0,0,0,0,0,0,0,0,0,0,0,1,1,0,1,1,Appendicitis
0,1,1,0,0,1,1,1,1,0,0,1,1,1,0,0,1,0,0,0,0,1,0,1,1,1,Hepatitis
1,0,1,1,0,1,0,0,0,0,0,1,0,1,0,0,0,1,0,1,1,1,0,1,1,1,Bronchitis
0,1,1,0,1,0,0,0,1,0,1,1,1,0,1,0,0,0,1,0,1,0,1,0,0,1,Appendicitis
0,1,0,0,1,1,0,0,1,1,0,1,1,1,1,1,1,0,1,1,0,1,1,1,1,0,UTI
1,1,0,1,1,1,0,1,0,1,1,1,1,0,0,1,0,0,0,1,0,1,0,0,0,1,Heart Disease
1,1,0,0,1,0,1,1,1,1,1,0,1,0,0,0,1,0,0,0,1,1,1,0,1,1,Bronchitis
1,1,0,0,1,1,1,1,1,0,1,0,1,1,0,1,1,1,0,0,1,0,1,1,1,1,COVID-19
1,1,0,0,1,0,1,0,0,0,1,0,1,1,1,0,1,1,0,0,1,0,1,0,0,1,Chickenpox
1,1,0,0,0,1,0,0,0,1,0,0,1,1,1,0,0,0,1,0,0,0,1,0,1,0,Migraine
1,0,0,1,0,1,1,0,0,1,1,0,1,1,0,1,1,0,1,1,0,0,0,0,1,1,Appendicitis
1,0,1,0,1,1,0,1,1,1,1,0,1,0,0,1,1,1,0,1,0,1,0,0,0,1,Gastroenteritis
1,1,0,1,1,1,0,0,1,1,1,0,1,1,0,0,1,0,0,0,0,1,0,1,0,0,Common Cold
0,0,1,0,1,1,1,1,0,0,1,0,0,0,0,0,1,1,1,0,1,0,0,1,0,0,Pneumonia
0,0,0,0,0,0,1,1,0,0,0,1,0,0,0,0,1,1,1,0,1,1,1,0,1,1,Malaria
1,1,0,1,1,1,0,1,0,1,1,0,0,0,1,1,0,0,1,1,1,1,0,0,1,0,Food Poisoning
1,1,1,0,1,1,1,1,0,1,0,1,1,1,1,1,1,0,0,0,1,0,1,1,1,1,UTI
1,1,1,0,0,0,1,0,1,0,0,1,1,1,1,1,0,0,1,1,1,1,0,0,0,0,Gastroenteritis
0,0,1,0,0,1,0,1,0,0,0,1,1,0,1,0,0,1,1,0,1,0,0,1,1,1,Migraine
0,0,1,0,0,1,1,1,1,1,1,1,0,0,0,1,0,1,0,0,1,1,1,1,1,0,Bronchitis
0,0,0,1,0,1,0,1,1,0,1,0,0,1,0,1,1,1,0,0,0,1,1,1,1,1,Asthma
0,0,0,1,0,0,0,0,1,0,0,1,1,1,1,0,1,0,1,0,1,1,0,1,1,0,Influenza
0,1,0,0,0,0,0,0,1,0,0,1,0,1,1,1,0,0,0,1,0,0,0,1,1,1,Tuberculosis
0,0,0,1,0,0,0,1,1,1,0,0,1,1,0,0,0,1,0,0,0,1,1,1,1,0,COVID-19
1,0,0,1,0,1,1,1,1,0,1,0,1,0,1,1,0,1,0,0,1,1,0,1,1,1,Common Cold
0,0,1,0,0,0,0,1,1,0,0,0,1,0,0,1,0,1,1,0,0,1,1,0,1,0,Heart Disease
1,0,0,0,0,1,0,0,1,1,0,1,0,1,1,0,0,0,1,1,1,0,0,0,1,1,UTI
1,0,1,0,1,1,0,0,0,1,0,1,0,1,1,0,1,1,0,0,1,0,0,1,1,1,Asthma
1,1,1,0,0,1,1,0,1,1,0,1,0,0,1,0,1,1,1,0,1,1,0,1,1,1,Pneumonia
0,1,1,0,1,0,0,0,0,1,1,1,1,0,0,0,0,1,0,0,1,0,0,0,0,1,Influenza
1,0,1,0,1,1,0,1,1,1,1,0,0,0,1,0,1,1,1,1,1,0,0,0,0,0,Dengue
0,0,1,1,0,0,0,1,1,0,0,1,1,1,1,1,0,0,1,0,0,0,0,1,0,1,COVID-19
0,1,0,0,1,1,0,0,1,1,1,1,1,0,1,1,0,1,1,0,1,0,1,0,1,0,Heart Disease
0,1,1,1,0,0,0,0,0,0,1,0,0,1,1,1,0,1,0,1,0,0,1,0,0,1,Meningitis
1,0,0,1,1,1,0,1,1,1,1,0,0,0,0,0,0,1,1,0,1,0,0,0,0,1,Asthma
1,1,1,1,1,0,0,1,1,1,0,1,1,1,1,1,0,0,1,1,0,0,1,1,0,1,Tuberculosis
1,0,0,0,1,1,1,1,1,1,1,0,1,0,0,0,1,1,0,1,0,0,0,1,0,1,Appendicitis
0,1,1,1,0,0,1,1,1,0,0,0,1,1,0,1,0,0,0,1,1,1,0,1,1,1,Hepatitis
0,1,1,1,0,1,1,1,1,1,1,1,1,1,1,1,1,1,1,1,0,0,0,0,1,1,Hepatitis
0,0,0,1,1,0,0,0,0,0,0,0,0,0,0,0,0,1,0,0,0,1,1,1,0,0,Meningitis
0,0,1,1,0,1,0,0,1,1,0,0,1,1,0,0,1,1,1,1,1,0,1,1,1,1,Asthma
1,0,0,0,1,1,1,1,1,1,0,1,1,1,1,0,0,1,1,1,0,0,1,0,1,0,Bronchitis
0,1,1,0,0,1,0,0,1,0,0,0,0,1,0,0,0,1,0,0,0,1,1,1,1,0,Hepatitis
0,0,0,0,1,0,0,0,1,1,1,0,1,0,0,1,1,0,1,1,0,0,1,0,0,1,Chickenpox
1,1,1,1,1,0,1,1,1,1,0,1,1,1,1,0,0,0,1,1,1,0,0,1,1,1,Chickenpox
0,1,0,1,1,1,0,1,0,0,1,1,0,1,1,1,0,0,0,0,1,1,0,1,0,1,Food Poisoning
0,0,1,0,1,0,1,0,0,1,1,1,0,1,0,0,1,1,1,0,0,0,0,0,0,1,Arthritis
0,1,1,0,1,1,1,1,1,1,0,0,0,1,0,1,1,0,0,0,0,1,0,0,1,0,Tuberculosis
1,1,1,0,1,0,1,1,0,0,0,1,1,0,1,0,0,1,1,1,0,1,0,0,1,1,Heart Disease
0,1,1,1,1,0,1,0,1,0,1,0,0,1,0,1,1,1,1,1,0,0,0,0,0,0,Gastroenteritis
1,0,0,0,1,1,0,0,1,0,1,1,0,1,1,0,0,0,0,0,1,1,1,1,1,0,Bronchitis
1,0,0,0,1,1,1,1,0,0,1,0,0,1,0,0,1,1,1,1,0,1,1,1,1,1,Hepatitis
0,1,0,1,1,1,1,0,1,1,0,1,0,0,0,0,1,0,0,1,0,0,0,1,1,0,Asthma
0,0,1,1,0,1,1,0,0,1,1,1,1,0,0,0,1,0,1,0,0,1,1,0,1,0,Appendicitis
1,0,0,0,1,0,0,0,1,0,1,0,1,1,1,0,1,1,1,1,0,0,1,1,0,1,Bronchitis
0,0,1,0,0,1,1,1,1,0,1,1,0,1,1,1,0,0,1,1,0,0,1,1,0,0,Typhoid
1,1,0,1,1,0,0,0,0,0,1,1,0,1,0,0,0,1,0,1,1,0,0,0,1,1,Malaria
1,0,1,0,1,1,1,1,0,0,1,0,1,1,1,0,1,1,0,0,0,0,0,0,0,1,Asthma
1,1,1,1,1,1,1,1,1,1,1,0,1,0,0,0,0,1,1,1,1,1,0,0,1,1,Malaria
0,1,0,0,0,0,0,0,0,0,0,0,0,0,0,1,0,0,1,0,0,0,0,1,0,0,Conjunctivitis
0,1,1,0,0,0,1,1,0,0,0,1,1,0,1,0,0,1,0,0,1,1,1,0,0,1,Asthma
0,0,0,1,0,1,1,1,0,1,0,1,1,1,1,0,0,1,0,1,0,0,0,1,1,0,Influenza
1,1,0,1,0,1,0,1,0,0,0,1,1,1,1,1,0,1,0,1,0,0,1,0,1,0,UTI
1,1,0,0,0,0,1,0,0,0,1,1,1,1,1,1,1,0,0,0,1,0,1,1,0,0,Migraine
0,0,0,0,1,0,0,0,1,0,0,0,1,1,0,0,0,1,1,1,1,1,1,0,1,1,Bronchitis
0,0,1,0,0,0,1,0,0,0,0,1,0,1,1,0,0,0,0,1,0,0,1,0,0,1,Common Cold
0,0,1,1,1,1,0,1,1,0,1,0,0,1,0,1,1,1,1,1,1,0,0,1,1,1,Influenza
1,1,0,0,1,1,1,1,0,0,1,1,0,0,1,1,0,0,0,0,1,0,1,0,1,1,Heart Disease
1,1,0,0,0,1,0,0,1,1,1,1,0,0,0,1,1,1,1,0,0,0,0,0,1,0,Pneumonia
1,0,0,1,0,0,1,1,0,0,0,1,0,0,1,1,1,1,1,1,1,1,0,1,1,0,Dengue
0,0,1,1,0,0,0,0,1,1,0,0,1,0,1,0,1,0,0,0,1,0,0,0,1,0,Food Poisoning
1,1,0,0,0,1,1,0,0,1,1,0,0,1,1,0,1,1,0,1,1,0,0,1,1,0,Dengue
1,0,1,0,1,1,0,0,0,0,1,1,1,1,0,1,0,0,1,1,0,0,1,0,0,0,Hepatitis
0,1,0,0,0,0,0,0,0,0,1,1,1,1,0,0,1,1,0,0,1,0,1,0,1,1,Hepatitis
0,0,1,0,1,1,0,0,0,0,0,1,1,1,1,1,0,0,1,0,0,0,1,1,0,1,Influenza
1,1,0,0,0,1,0,0,1,0,0,0,0,1,0,1,1,1,0,1,1,1,0,1,0,0,Hepatitis
1,0,0,0,0,1,0,0,1,1,0,1,0,1,1,0,0,1,0,1,1,0,0,0,1,1,Pneumonia
0,1,1,1,0,1,0,0,1,1,0,1,1,0,1,0,1,0,0,0,1,1,1,0,1,0,Gastroenteritis
0,0,1,1,0,1,0,1,0,0,1,0,0,0,1,1,0,0,0,0,1,0,0,0,1,0,Heart Disease
0,1,0,1,0,1,1,1,0,1,1,1,1,1,1,1,0,1,1,1,1,1,1,0,1,0,Malaria
1,0,0,0,0,1,0,0,1,0,0,1,0,0,0,0,0,0,1,0,1,1,1,1,1,0,Malaria
1,1,0,1,0,0,1,1,0,0,0,0,0,0,1,0,0,0,0,0,1,0,1,1,1,1,Tuberculosis
0,0,1,1,1,1,1,1,1,0,1,0,0,1,1,1,0,1,0,1,1,0,1,1,0,1,Hepatitis
0,1,1,1,0,1,0,1,1,0,0,0,0,0,1,0,1,1,0,1,1,1,1,1,1,1,Hepatitis
1,0,0,1,1,1,1,0,1,0,0,0,1,0,0,0,0,1,0,1,1,0,0,0,1,0,Chickenpox
1,1,0,0,1,1,0,0,1,1,0,0,1,0,0,1,0,0,0,0,1,0,0,1,1,1,Malaria
0,0,0,0,1,1,0,1,1,0,0,1,0,1,1,1,0,0,0,1,1,0,0,0,1,1,Migraine
0,1,1,0,0,1,1,0,0,1,1,1,0,1,1,0,0,0,0,0,0,1,1,1,1,1,Heart Disease
0,1,1,0,1,0,0,1,0,0,0,0,1,0,1,0,1,0,1,0,0,0,0,0,0,1,Conjunctivitis
1,0,1,0,0,1,0,0,0,0,1,1,0,1,0,0,0,1,0,1,1,0,1,1,0,1,Pneumonia
1,0,0,0,0,0,0,0,1,1,0,0,0,1,1,0,1,1,1,1,0,0,1,0,0,0,Heart Disease
1,0,1,1,0,1,0,0,0,0,0,0,0,0,0,0,0,0,0,0,0,0,1,1,1,0,Typhoid
0,0,0,1,1,0,1,0,0,0,0,1,1,0,1,0,0,1,0,0,1,0,1,0,0,1,Influenza
0,0,1,0,0,0,1,1,0,0,0,0,1,0,0,0,1,1,0,1,0,1,0,0,1,0,Food Poisoning
1,1,1,1,1,1,1,0,0,1,1,0,0,1,0,1,0,0,1,1,1,1,0,0,1,0,Hepatitis
1,1,0,1,0,0,0,0,0,1,0,1,0,0,0,1,0,1,1,0,1,1,0,1,0,0,Hepatitis
1,1,0,0,0,1,1,0,0,1,0,1,0,0,1,1,0,0,1,1,1,0,0,0,1,0,Hepatitis
0,1,1,1,0,1,0,1,1,1,0,0,1,1,1,0,0,0,1,0,0,0,1,0,0,0,Influenza
0,0,1,0,0,0,1,0,0,1,1,1,0,1,0,0,1,1,1,1,1,1,0,1,0,1,Pneumonia
0,0,1,1,0,1,0,0,0,0,0,1,0,1,1,1,0,1,1,1,1,0,1,1,1,0,Food Poisoning
0,0,1,0,1,0,0,0,1,1,0,0,0,1,0,1,0,1,0,1,0,1,1,0,0,0,Influenza
1,0,0,1,0,0,1,1,0,0,1,0,0,1,1,1,0,1,0,0,1,0,0,0,1,0,UTI
1,0,0,0,0,1,1,1,0,1,0,1,0,1,1,1,1,0,1,1,1,1,0,1,0,1,Common Cold
0,0,0,0,1,1,1,0,0,1,1,0,0,1,1,1,1,1,1,1,0,1,0,1,0,1,Meningitis
0,0,0,1,0,0,1,0,1,0,0,1,0,0,1,1,1,1,0,1,0,0,1,1,1,1,Hepatitis
0,0,1,0,1,0,0,1,0,1,1,1,1,0,1,0,0,1,0,0,1,0,1,0,0,0,Asthma
0,0,1,0,1,0,0,1,1,1,0,1,1,1,0,0,1,0,0,1,1,1,0,1,0,1,Meningitis
1,0,0,0,0,0,0,1,0,1,1,0,1,1,1,0,1,1,1,1,0,0,0,1,0,0,Influenza
0,0,0,0,0,1,1,0,1,0,0,0,1,1,1,0,1,0,1,1,0,0,0,0,0,0,Dengue
0,0,1,0,0,1,1,0,0,0,0,1,0,1,0,0,0,0,0,0,0,0,0,0,0,1,Food Poisoning
0,0,0,1,1,0,1,0,1,0,0,0,1,1,0,0,1,1,1,0,1,0,0,1,1,0,Bronchitis
0,1,0,1,0,1,0,1,0,0,1,0,0,1,1,1,0,1,1,1,0,0,0,0,0,1,Asthma
0,1,1,0,1,0,1,1,1,1,0,1,1,1,0,1,1,0,0,0,1,0,1,0,0,0,Dengue
1,1,0,0,1,0,1,0,1,0,1,1,0,0,0,1,0,1,1,0,0,1,0,0,1,0,COVID-19
0,1,1,1,0,1,1,1,1,1,0,0,0,0,1,0,0,0,0,0,0,0,0,0,1,1,Heart Disease
0,0,1,0,0,1,0,1,1,0,1,1,0,1,0,1,0,0,0,1,1,1,0,0,0,0,Chickenpox
0,0,0,0,1,0,1,0,0,0,1,1,0,0,0,1,1,1,0,1,0,0,1,1,1,0,UTI
1,0,0,0,0,0,0,0,0,1,0,1,1,1,0,1,0,1,1,0,0,0,1,0,0,1,Gastroenteritis
0,1,0,1,1,0,0,0,0,0,0,0,1,0,1,1,1,0,0,1,0,1,0,0,0,1,Bronchitis
0,1,1,0,1,0,1,0,1,1,0,0,0,0,0,0,0,0,1,0,0,0,1,1,1,0,Migraine
1,1,0,0,0,0,0,1,1,1,0,1,0,0,0,0,1,1,0,1,1,0,0,1,0,1,Food Poisoning
1,1,0,0,0,0,0,0,0,0,1,0,1,1,1,0,1,1,1,1,0,0,1,0,0,1,Pneumonia
0,1,0,1,0,1,1,0,1,1,1,0,1,0,1,1,1,1,0,0,1,0,1,1,0,1,Heart Disease
1,1,1,0,0,1,0,1,1,1,0,0,1,1,1,1,1,1,1,1,1,1,0,0,0,0,Gastroenteritis
1,0,0,0,0,0,1,0,1,1,0,0,1,1,1,1,1,0,1,1,0,1,1,1,0,1,Appendicitis
1,1,1,0,1,1,1,0,0,1,0,0,0,0,0,1,1,0,0,1,1,0,1,0,1,0,Heart Disease
0,0,1,0,0,0,1,0,1,0,0,0,1,0,0,1,0,0,0,1,0,1,0,0,1,1,Meningitis
0,1,0,0,1,1,1,0,1,0,0,0,1,0,0,1,0,1,1,1,0,0,1,1,1,0,Asthma
0,1,0,1,1,0,0,1,0,1,1,0,0,1,1,0,0,0,1,0,1,1,0,1,0,0,Chickenpox
0,1,1,1,1,0,0,1,1,0,0,1,1,0,1,1,1,1,1,0,0,1,1,1,1,1,Dengue
0,0,0,1,1,0,0,0,0,1,1,0,1,0,1,0,1,1,0,1,1,1,1,0,1,0,Common Cold
1,1,1,0,1,0,1,0,0,0,0,0,1,1,1,1,1,0,0,1,1,1,1,0,0,0,Hepatitis
1,1,0,0,0,0,0,1,0,1,1,0,1,1,1,1,0,1,0,1,1,0,0,1,0,1,Food Poisoning
0,0,1,1,0,1,1,1,1,1,1,0,0,1,0,1,0,1,1,1,1,0,1,1,1,0,UTI
0,0,1,0,0,0,1,1,0,1,0,1,1,1,1,1,1,0,1,0,0,0,0,1,0,1,Typhoid
0,1,0,1,0,0,1,1,1,1,1,0,1,1,0,1,1,1,0,1,0,0,1,1,0,0,Common Cold
1,1,0,0,1,0,0,1,1,1,1,1,0,1,1,1,1,0,0,1,0,0,1,0,0,0,Pneumonia
0,1,1,1,0,1,0,0,1,0,0,1,1,0,1,0,1,1,0,0,0,1,1,0,0,1,Heart Disease
0,0,1,0,0,0,1,1,1,1,1,1,1,1,1,1,1,0,1,1,0,0,0,0,0,1,COVID-19
1,1,0,1,1,0,1,0,0,1,0,1,0,1,1,0,0,0,1,1,1,1,1,1,1,0,Typhoid
0,1,0,0,1,0,1,0,1,1,0,1,1,0,1,0,0,1,1,1,1,1,1,0,1,0,Appendicitis
1,1,0,0,1,0,1,0,1,0,0,0,0,0,1,0,0,0,0,1,0,1,0,0,0,0,Appendicitis
0,0,1,1,0,0,1,0,0,0,0,1,0,1,1,1,1,0,0,1,1,0,1,1,1,0,Pneumonia
1,1,0,0,0,1,0,0,1,1,1,1,0,0,0,1,0,0,0,0,1,0,0,0,0,1,Tuberculosis
0,1,0,0,0,0,1,1,0,0,0,1,0,0,0,1,0,1,0,0,1,1,1,0,0,0,Chickenpox
0,1,0,0,1,1,0,0,1,0,1,0,1,0,1,1,1,1,1,0,0,1,0,0,1,0,Typhoid
0,0,0,1,0,0,1,0,0,1,1,0,1,1,0,0,0,1,1,1,0,0,0,0,0,0,Asthma
1,1,1,0,0,0,0,1,0,1,1,0,0,1,0,1,1,1,1,1,0,1,0,0,0,1,Arthritis
0,1,1,0,1,0,1,0,1,1,0,1,0,0,0,0,1,0,1,0,0,1,1,1,0,0,Common Cold
0,0,1,0,0,1,1,0,0,1,0,0,0,0,0,0,1,1,1,0,1,1,1,1,0,1,Meningitis
0,0,1,0,0,0,1,1,0,0,1,1,0,0,1,0,1,1,0,1,0,0,0,0,0,1,Asthma
1,1,1,1,0,1,1,1,1,0,1,0,0,1,0,1,0,1,1,1,1,0,1,0,1,0,Migraine
0,1,1,1,0,0,0,1,1,1,1,0,0,0,1,0,0,1,0,0,0,0,0,0,0,1,COVID-19
0,0,1,0,1,0,0,0,1,1,1,1,1,0,0,0,0,0,1,0,0,0,1,0,1,0,Appendicitis
1,0,0,1,1,0,1,0,0,0,0,0,1,0,1,0,0,0,0,1,0,1,1,1,1,0,Hepatitis
0,1,0,0,1,1,1,1,1,1,0,1,0,0,1,0,1,1,0,0,0,1,1,1,0,1,Gastroenteritis
1,0,0,1,0,1,0,1,1,1,1,1,1,1,0,0,1,0,0,1,0,1,0,1,0,1,Chickenpox
1,1,0,0,0,0,0,1,0,1,0,1,0,0,0,1,1,0,1,1,0,0,1,0,1,1,Malaria
0,0,1,0,1,1,0,1,1,0,0,0,0,1,1,0,0,0,0,0,0,0,0,0,1,0,Chickenpox
0,0,1,0,1,0,1,0,1,0,1,0,1,1,0,1,0,0,1,0,0,0,0,0,1,1,Appendicitis
1,1,1,0,1,0,0,1,0,1,1,1,1,0,1,0,1,0,1,1,1,0,0,1,0,0,Bronchitis
1,1,1,0,1,0,0,1,1,1,1,0,0,0,1,1,0,1,1,0,1,0,1,1,0,1,Pneumonia
0,1,1,0,1,0,0,1,1,0,1,0,0,0,1,1,1,1,1,1,1,1,0,0,1,1,Typhoid
1,1,1,0,1,0,1,0,1,0,0,1,1,0,1,0,0,0,1,0,0,0,0,1,1,1,Dengue
0,1,1,1,1,0,0,1,1,0,0,1,0,1,0,1,0,0,1,1,0,0,0,1,0,1,Appendicitis
0,1,1,1,0,0,0,1,1,1,0,1,1,1,0,0,0,0,0,0,0,0,1,1,1,1,COVID-19
1,0,0,1,1,0,0,1,0,0,1,0,0,0,0,1,1,1,1,0,0,0,1,1,1,0,Hepatitis
0,1,1,1,1,0,0,0,1,0,1,1,0,0,0,0,1,0,0,0,0,1,0,0,1,0,Arthritis
1,1,1,0,0,1,1,1,0,1,0,0,1,0,0,1,0,0,1,0,0,0,0,0,0,0,Hepatitis
1,1,0,0,0,0,1,0,1,1,1,1,1,0,1,0,0,0,1,0,0,1,1,1,0,1,Malaria
1,0,0,1,0,1,1,0,0,1,0,1,1,0,0,0,0,1,1,0,1,1,0,1,0,0,Heart Disease
1,1,0,0,1,1,0,1,1,0,0,1,1,1,1,0,0,1,0,1,0,0,0,0,0,1,UTI
1,1,1,0,1,0,1,0,0,0,0,0,1,1,1,0,1,1,1,1,0,1,1,0,0,0,Common Cold
0,0,1,0,0,1,1,0,1,0,0,1,1,1,1,0,1,1,1,0,1,1,0,0,1,1,Conjunctivitis
0,1,0,1,0,0,1,0,1,1,1,0,0,0,0,0,1,0,0,1,1,0,1,0,1,1,Bronchitis
1,1,0,0,0,1,1,1,0,1,1,1,0,1,0,0,0,1,1,1,1,1,1,0,0,0,Hepatitis
0,1,1,1,1,0,0,0,1,0,1,0,1,0,1,0,0,1,1,1,0,0,0,1,1,0,UTI
0,1,1,1,1,0,0,0,1,1,1,1,0,1,1,1,0,0,1,0,1,1,1,1,0,1,Heart Disease
0,1,0,0,0,0,1,0,0,1,1,1,1,0,1,1,1,0,0,1,0,1,0,0,1,1,Common Cold
1,0,1,0,1,0,0,0,1,0,0,0,1,1,0,1,1,1,1,0,1,0,0,1,1,1,Conjunctivitis
1,0,0,0,0,1,1,1,1,0,1,0,0,0,1,1,0,1,1,0,0,1,0,1,0,1,Asthma
0,1,0,0,1,1,0,1,0,0,1,0,0,1,1,0,0,1,0,1,0,0,1,0,0,1,Pneumonia
1,0,0,1,1,0,1,0,0,1,1,1,1,0,0,1,1,1,1,1,0,0,1,0,1,1,UTI
0,1,0,0,1,0,0,1,1,1,0,1,1,1,1,0,0,0,0,0,1,0,1,1,1,0,Food Poisoning
0,1,0,0,1,1,0,0,1,0,0,1,1,1,0,1,1,0,1,1,0,1,0,1,0,1,Arthritis
1,0,0,0,0,1,1,1,1,1,1,0,1,1,1,0,0,1,0,1,0,1,1,0,1,1,Meningitis
0,0,1,0,0,0,1,1,1,0,1,1,1,0,0,0,1,1,0,1,1,1,1,0,1,0,Influenza
1,0,0,1,1,0,1,1,0,1,1,1,0,1,1,0,1,0,1,1,1,0,1,1,1,0,Meningitis
1,0,1,1,0,0,1,1,1,1,1,0,0,0,0,0,0,1,0,1,0,0,1,0,0,0,Pneumonia
0,1,0,0,1,0,1,0,0,0,0,0,1,1,0,1,1,0,0,1,0,1,1,1,0,1,Gastroenteritis
1,1,1,0,0,0,1,1,1,1,0,0,1,0,0,0,1,1,0,0,0,1,0,0,1,0,Food Poisoning
1,0,1,1,0,1,1,1,0,1,0,0,1,1,1,0,0,0,0,0,0,1,1,0,1,0,Bronchitis
0,0,1,1,1,0,1,0,1,1,1,1,1,0,1,1,0,0,1,1,0,1,1,0,1,1,Malaria
0,0,0,1,1,1,1,1,1,1,0,0,0,0,1,0,0,1,1,1,1,1,0,0,1,0,Conjunctivitis
1,1,1,0,0,1,0,0,0,0,0,0,1,0,1,1,1,0,1,0,1,1,1,1,1,1,Meningitis
1,0,0,0,1,1,0,1,0,0,1,1,0,0,0,1,1,1,0,1,1,1,0,0,1,1,COVID-19
1,0,0,1,1,1,1,0,0,0,0,1,1,0,0,1,0,1,0,1,0,1,0,1,0,1,Typhoid
1,0,1,1,0,1,0,0,0,0,1,0,1,1,1,0,1,0,0,1,0,1,0,1,0,1,Asthma
1,0,0,0,0,0,1,1,0,1,1,0,0,0,0,1,1,1,0,0,0,1,1,0,1,0,Chickenpox
0,0,1,0,1,1,1,0,1,1,0,1,1,1,0,0,1,0,0,1,1,0,1,0,0,1,Appendicitis
0,0,1,0,1,0,1,1,1,0,1,0,1,0,1,0,0,1,1,1,1,1,1,0,1,0,Common Cold
1,0,0,1,1,0,1,1,0,0,1,1,0,1,1,0,1,1,1,0,0,0,0,1,0,0,Common Cold
1,1,1,0,0,0,1,0,0,0,0,0,1,0,1,1,1,1,1,0,1,1,0,1,1,1,Tuberculosis
0,0,1,0,1,1,1,0,0,1,1,0,0,0,0,0,1,0,0,1,1,0,1,1,0,1,UTI
0,1,0,0,0,1,0,0,0,0,0,0,1,0,1,1,1,0,1,0,0,0,1,0,1,0,Influenza
1,1,0,0,1,1,0,1,0,0,0,1,0,0,0,1,0,1,0,1,1,1,0,1,1,1,Conjunctivitis
1,0,0,0,0,0,0,0,1,1,1,0,0,0,1,1,1,0,1,1,1,1,0,0,1,1,COVID-19
1,0,0,0,1,0,0,1,0,1,1,1,0,1,1,0,0,0,0,0,0,1,1,0,0,0,Conjunctivitis
1,1,0,0,1,1,1,1,0,0,0,0,1,0,1,0,1,1,0,0,1,0,0,1,0,1,Meningitis
0,0,1,0,1,1,0,1,0,1,1,0,0,1,1,1,1,0,0,1,1,0,0,0,0,0,Asthma
0,0,0,1,1,0,0,0,0,0,1,1,0,0,0,1,0,1,1,0,0,0,1,0,0,0,Conjunctivitis
1,0,1,1,1,1,1,0,0,1,0,0,1,0,0,1,0,1,0,0,1,1,0,1,0,0,Hepatitis
1,0,0,0,0,1,1,1,1,0,0,0,1,1,0,1,0,1,0,1,1,1,1,0,1,1,Heart Disease
0,1,0,1,0,1,1,0,1,1,0,0,0,1,1,0,0,0,1,0,1,1,0,1,0,0,Influenza
0,1,0,0,0,1,1,1,0,0,0,1,1,0,0,0,0,0,1,1,1,1,1,1,0,0,Influenza
0,1,0,1,0,1,1,0,0,0,0,1,1,0,0,0,0,1,1,0,1,1,0,1,0,1,Common Cold
1,0,1,0,0,1,0,1,1,0,0,1,1,1,1,0,1,1,0,1,0,0,0,1,0,0,COVID-19
1,0,0,1,0,1,0,0,1,0,0,0,1,1,1,1,1,1,1,1,0,0,0,1,0,1,Dengue
0,0,0,1,1,0,1,0,0,1,0,1,1,0,1,0,0,1,0,0,1,1,1,0,0,0,Appendicitis
0,0,0,1,0,0,1,1,1,0,0,0,0,0,1,0,0,1,0,1,0,1,1,1,1,0,Appendicitis
1,1,1,1,1,1,1,0,0,1,1,1,0,0,1,0,1,1,1,1,0,1,1,0,0,1,Typhoid
1,1,1,0,0,0,1,1,0,0,0,0,1,1,1,0,1,0,1,0,0,1,0,1,1,1,Asthma
0,0,1,0,0,0,1,1,0,1,0,0,0,1,0,0,1,1,0,1,1,1,1,1,0,1,Dengue
1,1,1,0,0,0,1,1,0,0,0,1,1,1,1,0,0,0,1,0,0,1,0,1,1,1,Arthritis
1,1,0,0,0,0,0,1,1,1,0,1,1,1,0,1,0,1,1,1,0,1,0,1,0,1,UTI
0,1,1,1,0,1,0,1,0,0,1,1,1,1,0,0,1,1,1,1,0,1,1,0,0,0,UTI
0,0,0,1,0,0,1,0,1,0,1,0,0,0,1,0,1,1,1,1,0,1,1,0,1,1,Bronchitis
1,1,0,0,0,1,1,0,1,0,0,0,1,1,0,0,1,1,0,1,0,0,0,1,0,1,Migraine
0,0,1,1,1,1,0,0,1,1,0,0,1,1,1,1,0,1,0,1,1,0,1,1,1,1,Appendicitis
1,1,0,1,1,0,0,0,1,0,1,0,0,0,0,0,0,0,0,0,1,0,0,1,0,1,Hepatitis
0,0,0,0,1,0,1,0,0,1,0,1,0,1,1,1,0,0,0,0,0,1,0,0,1,0,Chickenpox
1,1,1,1,1,1,1,0,1,0,1,0,1,1,0,0,0,1,0,0,1,0,0,1,1,1,Migraine
1,1,0,1,1,0,1,0,0,0,0,0,1,0,0,0,1,0,1,0,0,1,0,0,0,0,Influenza
1,1,1,1,0,1,0,0,0,0,1,0,1,0,1,1,1,1,0,0,1,1,0,0,0,0,Meningitis
0,0,1,0,1,1,0,0,0,0,0,1,1,0,0,0,1,1,1,0,0,1,0,1,0,0,Conjunctivitis
0,1,0,0,0,0,0,0,1,1,0,1,0,0,0,1,1,0,1,0,0,0,1,1,0,0,Heart Disease
1,0,1,1,1,0,0,1,1,1,0,1,1,1,1,0,1,0,1,1,0,1,1,1,0,0,Appendicitis
1,1,1,0,1,0,1,0,1,1,0,1,1,1,1,0,0,1,1,0,0,1,0,1,1,1,Tuberculosis
0,0,1,1,0,0,1,1,1,1,0,0,0,0,1,0,0,1,0,1,0,1,1,0,0,0,Food Poisoning
0,0,1,1,1,1,0,0,0,0,0,0,0,0,0,1,1,0,1,0,1,1,1,1,1,0,Conjunctivitis
0,1,0,1,1,0,1,1,0,0,0,1,1,0,0,0,1,0,1,1,0,1,1,0,1,1,Food Poisoning
1,0,0,0,0,0,0,1,1,1,0,1,1,0,0,0,0,1,1,0,1,0,0,0,0,1,Tuberculosis
0,0,1,0,1,0,1,0,0,0,0,1,1,1,0,0,0,0,1,0,0,0,0,1,1,1,Migraine
0,0,1,0,1,0,1,0,0,0,1,0,0,0,0,1,0,0,0,1,0,1,0,1,0,0,Hepatitis
0,0,0,1,1,1,1,0,1,0,1,0,1,0,0,0,1,0,0,0,1,0,1,0,1,0,Hepatitis
1,1,0,0,0,1,0,0,1,0,1,0,0,0,0,0,1,0,0,1,1,0,0,1,0,0,Common Cold
0,1,0,0,1,1,1,1,1,1,0,1,0,1,1,0,1,0,0,1,0,1,0,0,1,1,Conjunctivitis
0,0,1,0,0,1,0,0,0,0,1,1,1,1,1,1,0,0,0,1,0,1,0,1,0,0,Arthritis
1,1,1,1,1,1,0,0,0,0,0,0,1,0,0,0,1,1,0,1,0,0,0,1,1,1,Pneumonia
0,0,1,0,0,0,1,0,1,0,0,0,0,1,0,0,0,1,1,0,0,1,0,1,1,0,Heart Disease
1,1,1,1,1,0,1,0,1,0,1,0,0,1,0,1,0,0,1,0,1,0,0,0,1,1,Common Cold
0,1,1,1,1,0,1,0,0,1,0,1,0,0,1,1,1,0,0,0,1,1,0,1,0,0,Gastroenteritis
1,0,0,1,0,1,1,1,0,0,1,0,0,0,1,0,1,0,1,0,1,1,0,1,0,0,Gastroenteritis
0,1,1,1,1,1,1,0,0,0,0,1,0,1,0,0,0,1,0,0,1,0,1,1,1,0,Conjunctivitis
0,1,1,0,1,0,1,0,1,1,1,0,1,0,0,1,0,1,1,0,1,1,0,0,1,1,Dengue
0,1,0,1,0,0,0,1,1,0,0,1,0,0,1,0,0,1,0,0,0,0,0,0,0,0,Common Cold
0,1,1,1,0,0,1,0,1,1,0,1,1,1,1,1,1,1,1,0,0,1,1,0,1,0,Chickenpox
1,1,1,1,0,1,1,0,1,0,0,0,1,0,1,0,1,0,1,0,1,0,1,1,1,0,Heart Disease
1,0,0,1,1,0,0,1,1,1,0,1,1,0,0,0,0,1,0,0,0,0,1,0,0,0,Dengue
0,1,1,0,1,0,0,0,0,0,0,1,0,1,0,0,0,0,0,1,0,0,0,1,1,0,Food Poisoning
0,0,1,0,0,0,0,0,1,0,1,1,1,0,1,0,1,0,1,1,0,1,0,1,1,0,Malaria
1,0,0,0,1,0,1,1,0,0,0,0,1,0,1,0,1,1,0,0,1,1,1,0,1,0,Pneumonia
1,1,1,1,1,0,1,0,0,1,0,1,0,0,1,0,1,1,1,1,0,0,0,0,1,1,UTI
0,0,1,1,0,1,1,0,0,0,1,0,1,1,1,0,1,1,0,1,0,0,0,1,0,1,Dengue
0,1,1,1,0,1,1,0,0,0,0,1,0,1,0,0,1,1,1,0,1,0,1,0,0,0,Chickenpox
0,0,0,1,0,1,0,1,0,0,1,0,1,0,0,0,0,1,0,0,0,0,0,0,0,0,Conjunctivitis
0,1,1,1,1,0,0,0,0,1,1,1,0,0,1,0,1,0,1,1,1,1,0,1,1,0,Malaria
0,1,0,1,0,1,0,0,1,1,0,1,0,1,0,1,0,1,1,1,0,1,0,0,0,0,Migraine
1,1,1,0,1,1,0,0,0,0,1,1,0,1,0,0,0,0,1,0,0,1,0,0,0,0,UTI
0,1,0,1,1,0,0,0,1,0,0,0,0,1,0,0,1,0,1,0,0,0,0,0,1,1,Malaria
1,1,1,0,1,0,1,0,0,1,0,1,0,0,0,0,0,1,1,0,0,0,1,0,1,1,Tuberculosis
1,1,0,0,1,1,1,0,0,1,0,0,0,0,0,1,0,0,0,0,0,1,0,1,1,1,Gastroenteritis
1,1,1,0,1,0,1,0,0,1,1,0,0,1,1,0,1,1,1,1,0,0,1,0,0,0,Meningitis
0,1,0,0,1,1,0,1,0,0,1,0,1,1,1,0,1,0,1,1,0,0,1,0,1,1,Gastroenteritis
0,1,0,1,1,0,1,0,1,0,0,0,0,1,0,1,1,0,0,0,1,1,0,0,0,1,Bronchitis
0,0,0,0,1,1,1,1,1,1,1,1,1,0,0,1,1,1,1,1,1,0,1,0,0,0,Food Poisoning
1,1,0,0,0,1,1,1,1,1,1,0,0,0,0,1,0,0,0,0,0,0,0,0,1,1,Bronchitis
0,1,0,0,1,1,1,1,1,1,0,0,1,0,0,1,1,1,1,0,0,1,0,1,0,0,Asthma
1,0,0,0,1,0,1,1,1,0,0,0,1,1,0,1,1,0,0,0,0,0,1,0,1,0,Influenza
1,0,0,1,1,1,1,0,1,0,0,1,1,1,0,1,1,0,1,1,1,0,1,0,0,0,Gastroenteritis
0,0,0,1,0,1,0,1,1,0,0,1,0,1,1,1,0,1,0,1,1,1,0,0,1,0,Heart Disease
0,0,0,0,1,1,0,1,0,1,1,0,1,1,0,1,1,1,1,0,1,1,0,1,1,1,Hepatitis
0,1,0,1,0,0,1,0,0,0,1,1,1,1,1,0,1,0,1,0,1,0,1,1,0,0,Influenza
1,1,0,1,0,1,1,0,0,1,1,0,1,0,0,1,0,0,0,1,1,1,0,0,1,1,Appendicitis
0,0,1,0,1,1,0,1,0,1,0,1,1,0,0,1,0,1,1,0,1,1,1,0,1,0,UTI
1,1,0,0,0,0,0,1,0,0,0,1,0,1,0,0,1,1,0,0,1,1,0,0,0,0,Conjunctivitis
0,1,1,1,0,0,1,1,0,0,0,0,1,0,1,1,1,0,1,0,0,1,0,1,0,1,Appendicitis
0,1,0,1,1,1,1,0,0,0,0,0,0,1,1,0,1,1,0,1,0,1,0,0,1,1,Asthma
1,0,1,0,1,1,1,0,0,1,1,1,1,0,0,1,1,0,1,0,0,1,0,1,0,1,Common Cold
0,0,0,0,1,0,0,1,0,0,1,0,1,1,1,0,0,1,1,0,1,0,0,1,1,1,Heart Disease
1,0,1,0,0,0,0,0,1,0,0,0,0,0,0,1,0,1,1,0,0,0,1,1,1,1,Meningitis
1,0,0,1,1,0,1,0,1,0,1,0,0,1,1,0,1,1,1,1,0,1,1,1,0,1,Migraine
1,1,1,0,1,0,1,0,0,1,0,0,1,0,0,0,1,0,0,1,0,1,0,1,0,0,Bronchitis
0,0,0,0,0,0,1,0,0,1,0,1,1,1,1,0,1,0,0,0,0,1,1,1,1,1,Dengue
0,1,0,0,0,1,1,1,0,0,0,0,0,0,1,1,1,1,1,0,0,1,0,1,0,0,Typhoid
0,0,1,1,1,1,0,1,1,1,0,1,0,1,1,0,1,0,1,0,1,0,1,0,1,1,Common Cold
1,0,1,0,1,1,0,1,1,0,1,1,1,0,0,1,1,0,1,1,1,1,0,1,0,0,COVID-19
1,1,1,0,0,0,0,0,0,0,1,0,0,1,1,0,1,1,0,0,0,0,0,1,0,1,Bronchitis
0,0,1,1,0,0,0,1,1,0,1,1,1,0,1,0,1,1,1,0,0,1,0,1,0,1,Tuberculosis
1,1,1,0,1,1,0,0,1,0,0,0,1,0,0,1,1,1,0,0,0,0,0,1,1,0,Bronchitis
0,1,0,0,1,1,0,0,0,0,1,1,0,1,1,0,0,0,1,0,0,0,0,1,1,0,Gastroenteritis
1,1,1,0,0,1,1,0,0,1,1,1,1,1,0,0,0,0,1,1,1,1,0,0,1,0,Migraine
1,0,0,1,1,1,0,1,0,0,1,0,0,0,0,1,0,0,1,1,0,1,0,0,1,1,Meningitis
0,0,0,0,1,0,0,1,0,0,0,1,0,0,1,0,1,0,0,0,0,1,0,1,1,1,Tuberculosis
0,0,1,0,1,0,0,1,1,0,1,0,0,0,1,0,1,0,0,1,1,0,0,0,1,0,Asthma
0,1,1,0,1,1,1,1,0,0,0,0,1,0,1,0,1,1,0,1,1,0,1,1,1,0,COVID-19
0,1,1,0,1,1,0,1,1,1,0,0,0,0,1,0,0,0,0,1,0,1,1,0,0,0,Typhoid
0,1,1,1,0,0,0,1,1,1,0,1,1,1,0,0,0,0,1,1,0,1,0,1,1,0,Migraine
1,1,0,0,0,0,1,1,1,1,0,0,0,0,1,1,0,1,0,1,0,1,0,1,0,1,Conjunctivitis
1,1,1,0,0,0,0,1,1,1,0,1,1,0,1,1,1,1,1,1,0,1,1,0,1,0,Common Cold
0,1,1,0,0,1,0,1,1,1,1,1,1,0,1,0,1,0,1,0,0,0,1,0,1,1,COVID-19
1,0,0,1,0,1,1,1,0,0,1,0,1,0,0,1,1,1,1,1,0,1,0,1,0,0,Meningitis
1,0,1,1,0,1,1,1,0,1,0,0,1,0,1,1,1,0,1,1,1,0,1,0,1,0,Migraine
1,1,1,0,1,1,1,1,1,1,1,0,0,1,0,1,0,1,0,0,0,0,1,0,0,0,Asthma
0,1,1,0,1,0,0,0,0,0,1,1,1,0,0,0,0,0,1,0,1,0,1,1,1,1,Chickenpox
1,0,1,0,0,0,0,0,0,1,1,0,1,0,0,0,0,1,1,1,1,1,1,0,0,0,Typhoid
0,1,1,1,0,1,1,0,0,1,1,1,0,1,1,1,0,0,0,1,1,1,0,0,0,1,Dengue
1,1,1,0,0,1,1,0,0,0,0,1,1,1,1,1,1,0,0,1,1,0,0,0,0,0,Asthma
0,1,0,1,0,1,1,1,0,1,0,1,1,1,0,0,1,1,0,0,0,0,0,0,1,1,COVID-19
0,1,1,1,0,0,1,1,1,0,1,1,1,0,1,0,0,0,0,0,0,0,1,1,1,0,UTI
0,1,1,0,0,0,0,1,1,0,0,1,0,1,1,0,1,0,1,0,1,1,1,1,1,1,Hepatitis
0,1,0,1,0,0,1,1,1,1,1,0,0,1,1,0,1,0,1,1,1,0,0,1,1,1,Asthma
0,0,1,1,1,1,1,0,1,0,0,1,0,1,1,0,0,1,0,1,1,0,1,0,0,0,Asthma
0,0,0,1,0,0,0,1,0,1,1,0,0,0,1,0,1,0,1,0,0,1,0,0,1,0,Meningitis
1,0,1,1,0,1,0,0,1,0,1,1,1,0,0,1,1,1,1,0,0,0,1,0,1,1,Hepatitis
0,1,1,0,0,0,0,0,1,1,1,0,0,0,0,1,0,1,1,1,0,0,1,1,1,0,UTI
1,0,0,0,1,0,1,0,1,0,1,0,1,0,0,0,1,0,0,1,0,1,0,0,1,0,Conjunctivitis
1,0,0,1,1,1,0,0,1,0,1,0,0,0,0,1,0,1,0,1,0,0,1,1,0,1,Heart Disease
1,1,0,0,0,1,0,0,0,1,0,1,0,1,1,1,1,1,0,1,1,1,1,0,0,1,Influenza
1,0,1,1,1,1,0,0,1,1,0,0,0,0,0,0,1,1,0,1,0,1,0,1,1,1,Migraine
0,1,0,0,0,1,1,0,0,1,0,1,1,1,0,0,0,1,0,1,0,1,0,1,0,0,Hepatitis
1,0,0,0,1,1,1,1,0,1,0,1,1,0,0,1,1,1,0,1,0,1,0,0,1,1,Asthma
0,1,1,0,1,1,1,0,1,1,1,0,0,1,0,0,1,0,1,0,1,1,1,0,0,0,Gastroenteritis
0,0,1,0,0,1,1,1,0,1,1,1,0,0,0,1,0,0,0,1,1,0,1,0,0,1,Conjunctivitis
1,1,0,0,1,1,0,1,0,1,1,0,0,1,1,0,0,0,1,1,0,0,0,1,0,1,Malaria
1,0,0,0,0,0,1,1,1,0,0,0,0,0,1,0,0,0,0,0,0,1,1,0,0,0,Food Poisoning
0,0,0,1,0,1,1,1,1,1,0,0,1,0,0,1,0,0,1,0,0,1,1,1,0,1,Malaria
0,0,0,0,1,0,0,1,0,1,1,1,1,1,0,1,1,1,1,1,0,1,1,1,1,0,Meningitis
0,0,0,0,1,0,0,0,0,0,1,1,1,0,1,0,1,1,0,1,0,1,1,0,1,0,Migraine
1,1,0,0,1,1,0,0,1,1,1,1,1,0,1,0,0,1,0,1,1,1,0,1,1,0,Influenza
0,0,1,1,1,1,1,1,0,1,1,0,1,1,1,0,1,0,0,1,1,0,0,0,1,1,UTI
0,0,0,1,1,0,1,1,0,1,1,0,0,0,0,0,1,0,1,1,0,0,0,0,1,0,Heart Disease
0,1,0,1,1,1,0,1,0,1,1,1,0,1,1,1,0,0,0,1,1,1,0,0,1,0,Typhoid
1,0,1,1,0,0,0,1,0,1,0,0,1,0,1,1,0,1,1,0,0,0,1,0,1,0,Asthma
0,1,0,0,1,0,0,0,1,1,1,1,1,0,1,0,0,1,1,0,0,0,0,0,1,1,Gastroenteritis
1,0,1,1,0,1,1,1,0,1,1,1,1,0,1,1,0,1,1,0,0,1,0,0,1,0,Food Poisoning
1,0,0,0,0,0,1,0,0,1,1,0,0,1,1,1,0,1,0,0,1,1,1,0,1,0,Asthma
0,1,1,1,1,0,0,1,0,1,1,1,1,1,0,0,0,0,1,0,1,0,0,0,0,0,Tuberculosis
0,1,0,0,1,1,1,0,0,0,1,0,0,1,1,1,1,1,1,1,0,0,1,0,0,1,Influenza
1,1,1,1,1,0,1,0,1,0,0,0,1,0,0,0,0,1,1,1,0,0,1,0,1,0,Arthritis
1,0,0,0,1,1,1,1,1,1,0,1,0,0,0,1,0,1,1,1,0,0,0,1,0,1,Chickenpox
0,0,0,0,1,1,0,1,1,0,1,0,1,0,0,1,1,1,0,1,0,0,1,0,1,0,Typhoid
0,1,1,0,0,1,0,0,1,1,0,0,1,1,1,0,0,0,1,0,0,1,1,1,0,0,Malaria
1,1,1,1,0,0,1,0,0,0,1,0,1,0,1,1,1,0,1,0,1,1,1,0,0,0,Bronchitis
0,1,0,0,1,0,1,1,1,0,0,1,0,0,0,0,1,0,1,0,0,0,0,1,0,1,Arthritis
0,1,0,0,1,0,0,0,0,0,0,0,0,1,0,0,1,1,1,0,1,0,0,1,1,0,Appendicitis
0,1,1,1,1,1,1,1,0,1,1,0,0,0,1,1,0,1,1,0,1,0,0,1,1,1,Food Poisoning
1,0,1,1,1,1,1,0,1,1,0,0,0,1,0,1,1,0,0,1,1,1,0,0,1,1,Asthma
0,1,0,0,0,0,0,1,0,0,1,0,1,1,0,0,1,0,0,0,1,0,0,0,0,0,Hepatitis
1,1,1,0,1,0,1,0,0,1,1,1,1,0,0,1,0,0,0,1,0,1,0,0,0,1,Gastroenteritis
0,1,0,1,0,1,0,1,1,1,0,0,0,0,0,0,1,1,0,1,1,0,1,1,1,0,Chickenpox
1,0,1,1,1,0,0,0,0,0,1,0,1,1,0,1,1,1,0,0,1,1,1,1,1,1,Common Cold
0,0,1,1,0,0,1,0,0,0,1,0,0,1,1,0,0,0,1,0,0,1,0,1,1,0,Asthma
1,0,1,0,0,1,1,1,0,1,1,1,0,0,1,0,0,0,0,0,0,0,1,0,1,0,Hepatitis
0,1,0,1,1,1,1,0,1,0,0,1,1,1,0,1,0,0,0,1,0,0,0,0,1,1,Dengue
0,1,0,1,1,1,0,0,1,0,1,0,1,1,0,0,1,0,0,0,1,0,1,0,1,0,Arthritis
0,0,1,1,0,0,0,1,0,1,1,0,1,0,0,1,1,0,0,1,1,0,1,0,0,1,Tuberculosis
1,0,0,0,0,1,1,0,1,0,0,1,0,0,0,0,1,1,1,1,1,1,0,1,0,0,UTI
1,1,1,0,1,0,1,1,0,1,1,1,0,0,0,0,1,0,1,0,0,1,1,1,0,1,Chickenpox
1,1,1,0,0,0,1,1,0,0,0,1,0,1,0,0,1,0,0,0,1,1,0,0,0,0,Malaria
1,0,1,1,1,0,1,1,1,0,1,1,1,1,0,1,0,1,0,0,1,0,1,0,1,0,Conjunctivitis
0,0,1,0,0,0,0,0,1,0,1,1,0,1,1,1,0,1,0,0,1,1,1,0,0,0,Dengue
0,1,0,1,1,0,1,0,1,1,0,1,1,0,0,1,1,1,1,0,0,1,0,0,0,0,Pneumonia
0,0,1,1,0,0,1,0,1,0,0,1,0,1,0,0,0,0,0,0,0,0,0,1,1,0,Malaria
0,0,0,1,1,1,1,1,1,0,0,0,0,1,0,0,0,1,0,0,0,0,0,0,1,1,Gastroenteritis
1,0,0,1,1,1,0,0,1,0,1,0,0,0,0,1,0,0,0,1,1,0,0,1,0,0,Typhoid
1,0,0,1,0,0,1,0,1,1,0,1,0,0,1,0,0,0,1,0,1,0,1,0,1,0,Gastroenteritis
0,0,1,0,1,1,1,1,1,0,1,1,0,0,1,0,0,0,0,1,1,1,1,0,0,0,Heart Disease
0,1,1,1,1,1,0,1,1,1,1,1,0,1,1,0,0,0,1,0,0,0,0,1,0,1,Gastroenteritis
1,0,1,1,0,1,1,1,1,0,0,0,1,0,1,0,1,1,1,1,1,1,1,1,0,1,Bronchitis
0,0,0,0,1,1,0,1,0,1,0,1,0,0,0,1,0,0,0,0,1,0,1,0,1,1,Chickenpox
1,0,1,0,1,0,0,1,1,0,1,1,1,0,1,0,0,0,1,0,0,1,1,0,0,1,Meningitis
0,1,0,0,1,1,1,0,1,1,0,0,1,0,1,1,1,0,0,0,1,1,0,0,0,1,Food Poisoning
1,1,0,1,1,0,0,1,1,1,0,0,0,1,0,0,1,0,0,0,0,1,0,0,0,0,Conjunctivitis
0,1,0,1,1,0,1,1,0,0,0,0,1,0,0,0,1,1,0,1,1,0,1,0,1,0,Arthritis
1,1,1,0,0,1,0,0,0,0,0,0,0,1,0,1,1,0,1,1,0,1,1,1,0,1,Bronchitis
0,0,1,0,0,0,1,1,1,0,1,0,1,0,1,1,0,0,0,0,1,1,1,1,1,0,Food Poisoning
1,0,1,0,0,1,1,0,0,0,1,1,0,0,0,1,0,0,1,1,0,0,1,1,1,1,Appendicitis
0,0,1,1,0,1,0,1,0,1,0,1,1,0,0,0,0,0,0,1,1,0,1,0,0,0,Asthma
1,1,0,1,0,0,1,0,1,0,0,1,0,0,1,1,1,0,0,1,0,0,1,1,0,1,Hepatitis
0,0,0,0,0,1,0,0,0,0,0,0,1,1,1,0,1,0,0,0,0,1,1,1,0,1,Conjunctivitis
1,0,1,1,1,1,1,0,0,1,0,1,1,1,0,1,0,0,0,0,0,1,1,0,0,1,Conjunctivitis
0,1,0,0,1,0,1,0,0,1,1,1,1,0,0,1,1,1,0,1,0,1,0,0,1,1,Food Poisoning
1,0,0,1,1,1,0,1,0,1,0,1,1,1,1,0,0,0,0,0,1,0,1,0,0,1,Common Cold
0,1,1,1,0,0,1,0,1,1,0,1,0,1,1,1,0,0,1,0,1,1,1,1,0,0,Influenza
1,0,0,1,1,0,0,0,1,0,1,1,1,1,0,1,1,0,1,0,1,1,0,1,1,0,Conjunctivitis
0,0,0,0,0,0,1,1,1,0,0,0,1,1,1,1,0,0,0,0,0,1,0,0,0,1,Heart Disease
0,1,1,0,0,0,0,0,1,0,1,0,0,1,1,1,0,0,1,0,1,0,1,1,1,0,Arthritis
1,1,1,1,1,1,1,1,0,0,0,0,1,0,1,1,0,0,1,0,0,0,0,0,0,1,Appendicitis
0,1,1,0,0,1,0,1,1,0,0,0,1,1,0,0,0,1,0,0,1,1,1,0,0,0,Heart Disease
0,0,1,1,1,1,1,0,1,1,1,1,0,1,0,1,1,1,0,1,1,1,1,0,0,0,Malaria
0,0,1,0,1,1,1,1,1,1,1,1,1,1,0,1,0,0,1,0,0,1,1,1,1,1,Chickenpox
0,0,1,0,1,0,1,0,1,0,1,1,0,0,1,0,1,0,0,1,0,0,0,1,0,0,Typhoid
1,0,1,0,0,1,0,0,0,1,1,1,0,1,0,1,1,0,0,1,0,1,0,1,1,0,Conjunctivitis
1,0,1,0,1,0,0,0,1,1,1,0,1,0,1,1,0,1,0,0,0,0,0,1,1,0,Migraine
1,0,0,0,1,1,0,1,1,1,0,0,0,0,1,1,0,0,1,1,0,0,0,1,1,1,Asthma
0,0,1,1,0,1,1,1,1,1,0,1,1,1,0,0,1,1,1,1,0,1,1,0,0,1,Conjunctivitis
0,0,1,0,0,0,0,1,0,0,0,1,1,0,1,1,1,1,1,1,0,1,0,1,1,0,Heart Disease
0,1,1,0,1,0,0,0,0,0,1,0,1,0,0,1,1,1,1,1,1,0,0,1,0,0,Gastroenteritis
0,0,1,0,0,1,1,1,0,1,1,0,1,1,1,1,1,1,0,1,1,0,1,0,1,0,Conjunctivitis
0,1,0,0,1,1,1,0,0,1,1,1,1,0,1,0,0,0,0,1,1,1,0,0,1,0,Influenza
0,1,0,1,1,1,1,1,0,0,1,0,0,1,1,0,0,1,0,0,1,1,0,1,0,1,Common Cold
0,1,1,0,0,1,1,0,1,1,1,1,1,1,1,0,0,1,0,1,0,1,0,0,0,0,Influenza
1,1,1,0,0,1,0,0,1,1,1,0,1,1,1,1,1,1,0,1,0,0,1,1,1,0,Gastroenteritis
0,1,0,1,0,0,1,1,1,1,1,0,1,0,1,0,1,1,1,1,1,1,1,0,1,1,Arthritis
0,1,1,1,1,0,1,0,1,0,0,0,0,0,1,0,1,0,0,0,0,0,0,0,1,1,Malaria
1,1,0,1,1,0,0,1,1,0,1,0,1,1,1,1,1,0,0,1,1,1,1,0,0,1,Arthritis
0,0,1,1,1,0,1,1,0,0,1,0,0,0,0,1,1,1,0,0,1,0,1,0,0,0,Chickenpox
0,0,1,1,0,0,0,0,1,1,1,0,0,1,1,1,1,1,1,1,0,0,1,0,1,1,COVID-19
0,0,1,1,1,1,0,1,0,0,0,1,0,0,1,1,1,0,1,1,1,1,0,1,1,0,Arthritis
0,1,0,0,1,1,1,0,1,1,1,0,0,1,1,1,0,1,0,0,1,0,0,1,0,0,Conjunctivitis
0,1,0,1,0,1,0,1,0,1,1,0,1,1,1,1,1,1,1,1,0,0,0,1,1,0,Common Cold
1,1,0,1,0,0,1,1,1,0,1,0,0,1,1,1,0,0,1,1,0,1,1,1,1,0,Bronchitis
1,1,0,1,0,0,1,0,1,1,1,0,0,1,0,0,0,0,1,1,0,0,0,1,0,0,Malaria
0,0,0,0,0,1,1,1,0,1,0,1,1,0,1,0,0,0,1,0,0,1,1,0,1,0,Appendicitis
0,0,0,0,0,1,1,0,0,0,0,1,0,0,1,0,0,1,1,0,0,0,0,0,0,1,Chickenpox
0,0,0,1,1,1,0,0,0,0,1,1,0,0,1,0,0,0,1,0,1,0,1,1,1,0,Bronchitis
1,1,1,1,0,0,0,0,1,0,0,1,0,1,1,0,0,0,1,1,1,0,1,0,1,0,Malaria
1,0,0,1,0,1,0,0,0,0,1,0,1,0,0,0,0,1,1,1,1,1,0,1,1,1,Heart Disease
0,1,1,0,1,1,1,1,0,0,1,1,0,0,1,0,0,1,1,0,0,0,1,0,0,0,Common Cold
0,1,1,0,0,1,0,0,1,1,1,1,0,0,0,1,1,0,0,1,1,1,1,1,0,0,Influenza
1,1,1,0,0,0,0,1,0,1,0,0,0,1,0,1,1,0,0,1,0,1,1,0,0,1,Dengue
0,0,0,0,0,1,0,1,0,1,0,1,0,0,1,1,1,1,0,1,1,1,1,0,0,0,Dengue
0,0,0,1,1,0,1,0,0,0,0,1,1,0,0,1,1,1,0,1,0,1,0,1,1,0,Influenza
0,1,1,1,0,0,0,1,1,0,0,0,1,1,0,1,0,0,1,0,0,0,1,0,0,0,Typhoid
0,1,0,1,0,1,0,0,1,0,0,1,0,1,1,0,0,1,1,1,1,0,1,1,1,0,Meningitis
0,0,0,1,0,1,1,1,1,0,1,1,0,0,1,1,1,1,0,1,1,1,1,1,1,0,Influenza
1,0,0,0,1,1,1,0,0,1,0,1,0,1,1,1,0,1,1,1,1,0,0,0,0,0,Gastroenteritis
0,1,0,1,1,1,1,1,0,0,1,1,1,1,0,0,0,0,1,0,1,1,0,1,0,1,Malaria
0,0,1,1,0,1,1,1,0,1,1,0,0,1,1,1,0,1,1,0,1,0,1,1,0,0,Food Poisoning
1,1,1,0,1,1,0,1,0,1,1,0,1,0,0,0,1,1,1,1,1,1,0,0,0,0,Pneumonia
1,0,0,1,0,0,1,1,0,0,1,0,0,0,1,0,1,0,1,0,1,0,0,1,0,1,Influenza
0,1,0,0,0,0,0,0,0,1,1,1,0,1,0,1,1,1,1,1,1,0,1,0,0,1,Conjunctivitis
1,1,1,0,0,0,0,0,0,1,0,1,1,0,0,1,0,0,1,0,1,0,0,0,1,1,Bronchitis
1,0,0,0,0,0,1,1,0,0,0,1,0,0,0,1,1,1,1,1,1,1,1,1,0,1,Food Poisoning
1,1,1,1,0,1,0,1,0,0,1,1,1,0,0,0,0,1,1,0,0,1,0,1,1,1,Heart Disease
0,1,0,0,0,0,0,0,1,1,0,0,0,1,1,1,0,0,1,0,0,1,0,1,0,1,Typhoid
1,1,0,0,0,1,0,1,1,0,0,0,1,1,0,0,1,0,1,0,1,1,1,0,1,0,Asthma
1,0,1,0,0,1,0,0,0,1,1,0,0,0,0,0,0,0,0,1,0,0,0,1,1,0,Gastroenteritis
1,1,0,0,1,1,0,0,1,1,1,0,0,0,0,1,1,1,1,1,0,0,1,0,0,0,Malaria
1,1,0,1,0,0,1,1,1,0,0,1,1,1,1,1,0,0,0,0,0,1,1,0,1,0,Food Poisoning
1,0,1,0,1,0,1,0,1,0,1,0,0,1,1,0,0,0,0,0,1,1,0,0,1,1,UTI
0,1,0,0,0,0,0,0,0,0,1,1,0,1,1,0,0,1,0,1,1,1,1,0,1,0,Conjunctivitis
1,1,0,1,0,0,0,0,0,0,0,1,1,0,1,1,1,0,1,0,1,1,0,0,0,0,Appendicitis
0,1,0,1,1,0,0,0,0,0,0,0,0,1,0,1,1,0,0,1,1,0,0,1,0,1,Gastroenteritis
1,0,0,1,1,0,1,0,0,1,1,1,1,1,0,0,1,0,1,1,1,0,0,0,1,1,UTI
1,0,0,0,0,0,0,0,1,0,0,0,1,0,0,1,1,1,1,1,0,1,0,0,1,1,Hepatitis
1,1,0,0,0,0,1,0,0,0,1,1,1,1,0,0,0,1,0,0,0,1,1,0,0,0,Tuberculosis
1,1,0,0,1,0,1,0,0,1,0,1,1,0,1,1,0,1,1,1,0,0,1,0,1,1,Common Cold
0,1,1,1,1,0,0,0,1,0,1,0,1,1,1,1,1,1,1,0,1,0,0,0,0,0,Arthritis
0,0,0,1,1,0,0,0,1,1,1,0,0,1,1,0,0,0,1,1,1,0,0,1,0,0,Influenza
1,1,1,1,1,1,0,1,1,0,0,0,1,1,0,1,1,1,0,1,0,1,1,1,1,1,Heart Disease
0,1,1,0,0,0,0,1,1,1,0,0,1,1,1,1,1,1,1,0,0,0,1,1,1,0,Asthma
0,1,0,0,1,0,1,1,0,1,1,0,0,0,1,0,0,1,0,0,0,1,0,1,1,1,Appendicitis
0,1,1,0,0,0,0,1,0,1,1,1,0,0,0,0,1,0,0,1,0,1,0,1,0,1,COVID-19
1,0,0,0,1,0,1,1,1,0,0,1,1,0,0,0,1,1,1,0,1,1,0,1,0,1,Typhoid
0,1,1,0,0,0,0,1,0,0,0,0,0,1,1,0,1,1,0,1,1,1,0,0,1,1,Gastroenteritis
0,1,0,1,0,1,0,1,1,0,1,1,0,1,0,0,1,1,1,0,1,1,0,0,1,1,COVID-19
0,1,1,0,0,1,0,1,1,0,1,1,1,0,1,0,1,1,1,0,0,1,1,0,1,1,Conjunctivitis
0,0,0,0,0,0,1,0,1,1,1,0,0,0,1,0,0,0,0,1,0,0,1,1,1,0,Food Poisoning
1,1,1,0,0,1,0,0,1,0,0,1,1,0,0,0,1,1,0,0,0,1,0,0,1,0,Common Cold
0,0,1,0,1,0,0,0,0,1,0,0,0,0,1,1,0,0,0,0,0,0,1,1,1,1,Hepatitis
0,1,1,0,0,0,1,0,0,1,1,0,0,1,0,1,1,1,0,0,1,1,1,0,1,1,Food Poisoning
1,0,1,0,0,0,0,0,0,1,0,1,1,0,1,0,0,1,1,1,0,1,1,1,1,0,Common Cold
0,1,1,1,1,0,0,1,1,1,0,0,0,0,0,1,1,1,0,0,1,0,0,1,1,1,Gastroenteritis
0,1,0,1,0,1,0,0,0,0,1,0,1,0,0,0,0,0,1,1,1,0,0,0,0,0,Influenza
1,0,1,1,0,1,0,0,1,1,0,1,0,0,0,1,1,1,1,0,1,1,0,0,1,1,Bronchitis
1,0,0,1,1,0,0,0,0,0,0,0,1,0,1,1,1,1,0,0,1,0,0,1,1,1,Common Cold
1,1,0,1,0,0,0,1,1,0,1,1,0,1,0,1,0,0,0,0,1,0,1,1,0,0,Tuberculosis
1,1,1,0,1,0,0,1,0,0,0,0,1,1,1,0,1,0,1,0,1,0,1,0,1,0,Chickenpox
1,0,1,1,1,1,0,0,1,0,0,0,0,0,1,1,1,0,1,1,0,0,1,1,0,1,Typhoid
1,0,1,0,0,0,1,1,1,1,0,1,1,1,0,0,0,0,1,0,0,0,0,0,1,0,Typhoid
0,1,0,0,1,0,1,0,0,1,1,1,1,1,0,0,1,0,1,0,0,1,0,0,1,0,Dengue
0,0,1,0,1,0,1,1,0,0,1,1,1,0,0,0,0,0,1,0,1,0,0,1,1,1,UTI
0,1,1,1,0,0,0,1,0,1,0,1,0,1,0,0,0,0,1,0,0,0,0,0,0,1,Asthma
0,1,0,0,0,1,1,1,1,1,1,1,1,0,1,1,0,1,1,0,0,0,0,0,0,0,Bronchitis
1,0,0,1,1,0,0,0,1,1,1,1,0,0,0,0,0,1,0,1,0,0,1,0,1,1,Bronchitis
1,0,1,1,0,0,0,1,0,1,0,0,1,0,1,0,1,0,1,0,1,0,0,1,0,0,Hepatitis
1,1,0,0,0,1,0,0,0,1,1,0,1,1,0,0,0,0,1,1,1,1,1,0,1,0,Gastroenteritis
0,0,1,0,0,1,1,0,1,0,1,1,0,1,0,0,0,1,0,1,0,1,0,1,1,1,Typhoid
0,0,1,1,1,1,1,1,1,1,0,0,0,1,1,1,1,1,0,1,1,0,0,1,1,0,Meningitis
0,0,0,0,0,0,1,0,0,0,0,1,1,0,0,1,1,1,1,0,1,0,1,0,0,0,Influenza
0,0,1,1,1,0,1,1,0,1,0,0,1,0,0,1,1,0,1,0,0,0,1,0,1,0,Malaria
1,0,0,1,1,1,0,1,0,0,1,0,1,0,1,1,0,0,1,1,1,0,1,0,0,1,Influenza
1,1,1,1,0,0,0,0,1,1,1,0,1,1,1,0,0,0,0,1,1,1,1,0,0,0,Pneumonia
0,0,0,1,0,0,1,1,0,0,1,1,0,1,1,0,1,0,1,0,1,1,1,1,0,0,Common Cold
0,1,0,1,1,0,0,0,0,1,1,1,1,1,1,0,0,0,0,0,0,0,1,0,0,0,Dengue
1,0,0,1,1,0,0,1,1,1,0,0,1,1,0,0,0,0,0,1,1,0,1,0,1,0,Common Cold
0,0,0,1,0,1,1,0,1,1,1,1,0,0,1,0,0,1,1,1,0,0,0,1,1,1,COVID-19
0,1,0,1,0,0,0,0,1,1,0,1,1,0,1,1,1,1,1,1,1,0,1,0,0,0,Heart Disease
0,0,1,0,1,1,1,0,0,1,1,0,1,0,1,0,0,0,0,0,1,1,0,1,0,1,Conjunctivitis
0,0,0,0,1,0,1,0,0,0,1,1,1,0,1,1,1,0,0,1,1,0,0,0,1,1,UTI
0,1,0,1,0,1,0,1,1,0,1,0,1,0,1,1,0,0,0,0,0,1,0,1,0,1,Meningitis
1,0,0,0,0,1,1,1,1,1,0,0,0,0,0,1,1,0,0,1,0,0,1,1,0,0,Migraine
1,0,1,1,0,1,1,1,0,0,0,0,0,1,1,1,1,0,0,0,0,1,1,0,0,1,Typhoid
1,1,1,1,0,0,0,0,1,1,1,0,1,1,1,1,0,0,0,0,0,1,1,0,0,1,Arthritis
0,1,1,0,0,1,1,1,1,1,0,0,1,1,0,0,0,0,0,0,0,1,0,1,0,0,Typhoid
0,1,1,1,0,0,0,1,0,0,0,1,0,0,0,0,0,1,1,0,0,0,0,0,0,1,COVID-19
0,0,0,0,0,1,0,1,0,0,0,0,0,1,0,1,0,0,0,1,1,1,1,0,1,0,Migraine
1,1,1,0,1,1,1,0,1,0,1,0,1,0,1,1,0,1,0,1,0,0,1,1,0,0,Chickenpox
0,1,1,1,1,0,0,0,1,0,0,1,0,0,0,0,0,0,0,1,0,0,1,1,1,1,Conjunctivitis
1,0,1,0,1,0,1,1,0,0,0,0,0,0,0,0,1,0,1,1,0,0,1,0,0,1,Hepatitis
1,1,0,0,0,1,1,0,1,1,0,1,1,1,1,1,0,1,1,0,1,1,0,0,0,1,Food Poisoning
0,0,1,0,1,0,1,1,0,0,1,1,0,0,0,1,1,0,1,0,0,0,0,1,0,1,Conjunctivitis
0,0,0,0,0,0,0,0,1,0,0,0,0,0,1,1,0,1,1,1,0,1,0,1,1,1,Hepatitis
1,0,1,0,1,1,0,1,0,1,1,0,0,0,1,0,1,1,1,1,0,1,1,1,1,0,Common Cold
0,0,0,0,0,1,0,1,1,1,1,0,1,0,1,0,1,1,0,0,1,0,0,1,0,0,Common Cold
0,1,0,1,0,0,0,1,1,0,1,0,1,1,0,0,1,1,1,0,1,0,1,0,0,1,Meningitis
1,1,0,1,1,0,0,1,0,1,1,0,1,0,0,1,0,0,0,1,1,1,1,1,1,1,COVID-19
0,1,0,0,1,1,1,0,0,0,0,0,1,1,1,0,0,0,1,0,0,1,1,1,0,0,Gastroenteritis
0,1,0,1,0,1,1,1,1,0,0,1,1,1,1,0,0,1,0,0,0,0,0,0,1,0,Hepatitis
0,0,0,0,1,0,1,1,0,0,0,0,1,1,1,1,0,0,0,0,1,1,1,0,1,0,Migraine
1,0,0,0,0,0,0,0,1,0,0,0,1,1,1,1,0,1,0,0,1,1,0,1,0,1,Common Cold
1,0,1,1,0,1,0,1,0,1,0,0,0,0,0,1,1,1,1,1,0,1,0,1,1,0,Asthma
0,1,0,1,0,0,1,0,0,0,0,0,1,1,1,0,0,1,1,0,0,1,1,1,0,1,Bronchitis
1,1,0,1,1,1,1,0,0,1,1,1,0,1,1,0,1,1,0,0,1,1,1,1,1,0,Common Cold
0,0,1,1,0,1,1,1,0,1,0,0,1,1,0,1,1,1,0,1,0,0,0,1,0,0,Gastroenteritis
1,1,1,0,0,0,0,0,1,0,1,0,0,0,0,1,0,1,0,0,1,0,0,1,0,0,Tuberculosis
0,0,1,1,0,1,0,0,1,1,0,1,0,1,1,0,0,0,1,0,1,1,1,0,0,1,Influenza
1,0,1,0,1,1,0,0,1,0,0,0,1,1,0,0,1,0,1,1,0,0,0,0,0,0,Conjunctivitis
0,0,0,1,1,1,0,0,1,0,1,1,0,0,0,0,1,1,1,0,0,0,1,1,0,0,Heart Disease
1,1,0,1,1,0,1,0,0,1,0,0,0,0,0,0,1,1,1,1,1,0,1,1,0,1,UTI
1,1,1,1,1,0,1,1,0,1,1,1,0,1,1,0,0,0,0,0,0,1,0,1,0,0,Hepatitis
1,1,1,0,1,1,1,1,0,0,0,1,0,0,0,0,1,1,0,1,0,0,0,1,0,1,Malaria
0,1,1,1,0,1,0,0,0,1,0,0,1,0,1,1,0,0,1,1,1,0,0,0,0,0,Tuberculosis
0,1,1,1,1,0,0,1,1,0,1,0,1,1,0,0,1,0,0,1,0,1,0,0,1,1,Pneumonia
0,0,0,1,1,0,1,0,1,0,1,1,0,0,0,0,0,0,0,1,1,0,1,1,0,1,Meningitis
1,0,1,0,1,1,1,1,0,0,0,0,1,0,0,0,0,0,1,0,0,0,1,1,1,0,UTI
1,0,1,0,0,1,1,0,0,0,0,0,1,1,0,1,1,0,1,1,1,1,0,1,0,1,UTI
1,1,1,1,0,0,1,1,1,1,1,0,1,0,1,1,1,1,0,0,1,1,0,1,1,1,Pneumonia
1,1,1,1,1,1,0,0,0,1,0,0,1,0,1,0,0,0,0,0,1,0,0,1,1,0,Meningitis
0,0,0,0,0,0,1,0,0,1,1,0,1,1,1,1,1,0,1,0,1,1,1,0,1,1,Asthma
1,1,0,0,0,1,0,1,1,0,1,0,0,0,0,0,0,1,0,0,1,1,0,1,1,1,Chickenpox
0,0,0,0,1,1,1,1,1,0,0,1,0,1,0,0,0,1,1,0,1,1,1,1,1,0,Malaria
1,1,0,0,0,1,1,0,1,0,0,1,0,0,1,1,0,0,1,0,0,1,0,0,0,1,Heart Disease
1,0,0,1,1,0,1,1,1,1,1,0,1,1,1,1,1,1,0,1,1,1,0,1,0,0,Migraine
0,1,1,0,1,1,1,1,0,1,0,0,0,1,0,1,1,1,0,1,0,0,1,1,1,0,Common Cold
0,0,0,0,0,0,0,1,0,0,0,0,0,1,1,1,1,1,0,0,1,0,0,0,0,1,Malaria
0,0,0,1,0,1,0,1,1,0,1,1,0,0,1,1,1,1,1,1,0,0,1,0,0,0,Bronchitis
0,0,1,1,0,1,0,0,0,0,1,0,1,1,0,0,1,1,0,1,1,0,0,0,1,1,UTI
0,0,0,0,0,1,1,0,1,1,0,0,1,1,0,1,0,1,1,0,1,1,1,0,1,0,Hepatitis
0,1,1,0,1,0,1,0,1,0,1,0,1,1,1,0,0,0,1,1,1,1,0,0,1,0,Arthritis
1,0,0,0,1,0,0,1,1,1,0,1,1,0,0,1,1,1,1,1,1,1,1,1,1,0,Asthma
0,1,0,1,1,0,1,0,0,1,1,1,1,1,1,0,0,0,1,1,0,1,1,1,1,0,Conjunctivitis
1,1,0,0,1,1,1,0,0,1,1,0,0,1,0,1,0,1,1,0,1,0,1,0,1,1,Arthritis
0,0,1,1,1,0,0,0,1,0,0,1,1,0,1,1,0,0,1,0,0,1,1,1,0,1,Typhoid
0,1,1,0,0,0,0,1,1,1,1,1,1,0,1,1,1,1,1,0,1,0,1,0,0,1,Dengue
0,1,1,1,1,1,0,1,0,0,0,1,1,0,1,0,1,0,1,0,1,0,1,0,0,1,Influenza
0,1,1,1,0,1,0,1,1,1,0,0,0,0,0,1,0,1,0,1,1,0,0,1,1,1,Asthma
0,0,1,0,1,0,1,1,0,1,1,0,1,0,0,1,1,1,0,0,1,0,1,1,0,0,Food Poisoning
1,1,0,1,1,0,1,1,1,0,0,1,1,1,0,0,0,0,1,0,1,0,1,1,0,0,Chickenpox
0,0,1,1,1,1,1,0,1,1,0,0,0,0,1,0,0,0,1,1,0,0,0,1,1,1,Food Poisoning
1,1,0,0,0,1,0,0,0,0,0,0,1,0,0,1,1,0,1,1,1,1,1,0,0,1,Appendicitis
0,0,0,1,1,0,0,0,1,1,1,1,1,0,0,0,1,0,1,0,1,0,0,0,1,0,Food Poisoning
0,1,1,1,0,0,1,1,0,0,0,0,0,1,1,1,0,1,1,0,0,1,0,0,0,1,Hepatitis
0,0,1,0,1,0,1,0,0,0,0,0,0,0,0,1,1,1,0,0,0,1,1,0,1,0,Meningitis
0,1,0,1,1,1,1,1,0,1,0,0,1,1,0,1,1,1,1,0,0,0,1,0,1,1,Malaria
1,1,0,1,0,0,0,1,0,0,0,0,0,1,0,1,0,0,0,0,1,0,0,0,1,1,Meningitis
1,0,1,1,0,1,0,1,0,0,1,0,1,0,0,1,0,1,0,0,0,1,1,0,0,0,COVID-19
1,0,1,0,1,0,0,0,1,1,0,1,1,1,0,0,0,1,0,0,0,1,0,1,0,1,Appendicitis
1,1,1,1,1,0,0,1,0,0,1,1,0,1,1,1,1,1,1,1,1,0,1,1,1,1,Asthma
1,1,1,1,0,0,0,1,1,0,0,1,0,0,0,1,1,1,1,0,1,0,1,0,1,1,UTI
0,0,0,1,0,0,1,0,0,1,1,0,0,0,0,0,0,1,0,0,1,0,1,1,0,1,Chickenpox
0,0,0,1,0,0,0,0,0,1,1,1,0,1,1,1,1,0,1,0,0,1,1,1,0,1,Asthma
0,1,0,0,0,1,0,0,1,0,1,1,1,0,1,1,1,0,1,1,1,0,1,0,1,0,Influenza
0,1,0,1,1,1,1,0,1,0,0,0,0,1,0,1,1,0,1,1,1,0,1,0,0,0,Malaria
1,1,1,0,1,1,0,0,1,0,1,0,1,1,1,1,0,1,1,0,0,0,1,0,0,1,Food Poisoning
0,0,0,0,1,0,1,0,1,0,1,0,1,0,1,1,0,1,1,0,1,1,1,1,0,1,Typhoid
1,1,1,1,1,1,1,1,1,1,0,0,0,1,1,0,0,0,1,0,1,0,1,0,0,0,Heart Disease
1,1,1,0,1,0,0,1,0,1,1,0,0,0,0,0,0,1,1,0,1,1,0,1,1,0,Food Poisoning
0,1,1,0,1,0,0,1,0,1,1,1,0,1,0,0,0,1,1,1,0,1,1,0,1,1,Appendicitis
1,1,1,1,0,0,0,0,0,1,0,0,1,1,1,0,0,1,0,1,0,0,1,0,1,0,Malaria
0,1,1,0,0,0,0,1,1,0,1,1,1,1,0,0,1,1,1,0,1,0,0,0,1,1,Heart Disease
0,0,1,1,0,0,0,1,0,1,0,0,1,0,1,1,1,1,0,0,1,0,0,1,0,0,Typhoid
0,1,1,1,0,0,1,0,1,1,0,0,0,1,0,0,0,1,1,0,0,1,1,1,1,0,Bronchitis
1,0,1,1,0,1,1,0,1,1,0,1,0,1,0,1,1,1,1,0,1,1,0,0,1,1,Food Poisoning
0,1,1,1,0,1,0,1,0,1,1,0,0,1,1,1,0,1,1,0,1,0,1,1,0,0,Pneumonia
1,0,1,1,1,0,0,1,1,0,1,1,0,0,0,0,0,0,1,0,1,1,0,0,1,0,Meningitis
0,0,0,1,1,1,1,1,0,0,0,0,0,1,0,0,0,0,0,0,0,1,0,0,1,1,Heart Disease
1,0,1,0,1,0,1,1,1,0,0,0,1,0,0,0,1,0,1,0,1,1,0,0,1,1,Hepatitis
0,1,0,0,0,1,1,0,1,0,0,0,0,0,1,1,1,0,1,0,0,1,0,1,1,0,Malaria
1,1,0,1,1,1,1,1,1,1,0,1,0,0,0,0,1,1,1,1,1,0,0,1,1,1,Chickenpox
1,0,0,1,1,0,1,0,1,0,1,1,0,1,0,1,1,0,1,0,1,0,0,0,0,0,Conjunctivitis
0,1,1,1,1,0,1,1,0,0,1,1,1,0,1,0,1,1,0,1,0,1,0,1,1,0,Bronchitis
1,1,0,1,1,1,0,0,1,0,1,0,1,0,1,0,0,1,0,1,0,1,0,1,1,1,Conjunctivitis
0,0,1,1,0,0,1,1,0,0,1,0,0,0,1,1,0,0,1,1,0,1,0,1,0,0,Influenza
1,1,1,1,0,0,0,1,1,0,0,0,1,1,1,1,0,0,0,1,0,0,1,0,0,0,Malaria
0,0,1,0,1,1,0,1,1,1,1,1,0,1,0,0,0,0,0,0,0,0,0,1,1,1,Hepatitis
0,1,1,0,0,0,1,0,0,1,1,0,1,0,0,0,1,1,0,0,0,0,1,1,0,1,Arthritis
1,1,1,0,0,1,1,0,0,0,1,1,0,1,1,0,1,1,0,1,0,0,0,0,1,1,UTI
0,1,0,1,0,1,1,1,1,1,1,1,1,1,1,1,0,0,0,1,1,0,1,1,0,1,Heart Disease
0,1,1,1,0,0,0,1,0,1,1,0,1,1,0,1,0,1,0,1,1,0,0,1,1,1,Chickenpox
0,1,0,1,1,1,0,0,1,1,1,0,0,0,1,1,0,0,0,1,1,1,1,0,0,0,Tuberculosis
1,0,1,1,0,0,0,0,1,1,1,0,1,0,0,0,0,1,0,0,0,0,0,0,0,0,Heart Disease
1,0,0,1,0,0,1,1,1,0,1,0,1,0,0,0,1,1,1,1,1,0,1,0,1,0,Food Poisoning
0,0,0,0,1,1,1,1,1,0,0,0,1,0,1,0,1,1,0,1,0,1,1,1,0,1,Pneumonia
1,0,0,0,0,0,1,0,0,1,1,1,1,0,1,1,1,0,1,0,1,0,0,1,0,0,Malaria
1,0,1,0,1,1,0,1,0,1,1,1,1,1,1,0,1,1,1,0,1,1,1,0,1,0,Typhoid
1,1,1,1,1,0,0,1,0,1,1,0,1,1,1,1,1,0,1,1,1,1,1,0,0,0,Migraine
1,0,1,1,0,1,1,1,0,0,1,0,1,0,1,0,0,1,0,1,0,1,1,0,0,0,Asthma
0,1,0,0,0,1,1,0,1,0,0,1,0,0,0,1,0,0,0,0,1,1,0,1,0,1,Malaria
0,1,0,1,1,1,1,1,1,0,1,1,1,1,1,1,0,0,0,1,1,0,0,0,1,0,Hepatitis
1,1,1,1,1,1,0,0,0,0,0,1,0,1,0,0,0,1,1,0,0,1,1,1,1,1,Appendicitis
0,0,1,1,1,0,1,0,0,0,0,1,1,0,1,0,1,0,1,1,1,1,0,1,1,1,Chickenpox
0,0,1,1,0,1,0,0,1,1,0,1,0,1,1,0,1,1,1,1,0,0,1,0,1,1,Food Poisoning
1,1,0,1,0,1,1,1,0,1,0,0,1,0,1,1,1,1,0,1,0,0,0,1,1,0,Gastroenteritis
1,1,0,0,1,1,0,1,0,0,0,0,0,0,0,0,1,0,1,0,0,0,0,1,1,0,Arthritis
1,0,0,0,0,0,0,0,1,0,1,1,1,0,1,0,1,1,0,0,1,0,1,0,1,1,Typhoid
0,0,0,1,1,1,1,1,1,1,1,0,1,0,1,1,1,0,0,1,0,0,1,1,1,1,Migraine
1,1,0,0,1,0,0,1,1,1,1,0,0,1,0,0,1,1,0,0,1,1,1,0,0,0,Asthma
0,1,0,0,1,0,0,0,1,1,1,1,1,0,0,1,0,0,1,1,0,1,1,0,0,1,Pneumonia
0,1,1,0,1,0,0,1,0,1,0,1,1,0,1,1,1,1,0,1,1,1,1,1,0,1,COVID-19
0,0,0,1,1,0,1,1,1,0,1,1,1,1,1,0,0,1,1,0,1,1,1,1,1,1,Heart Disease
0,1,1,1,1,0,0,0,0,0,1,1,1,0,0,1,1,0,1,1,1,0,1,0,1,0,Chickenpox
0,1,1,0,0,0,1,0,1,0,1,1,1,0,1,0,0,0,1,0,1,0,0,1,1,0,Bronchitis
0,1,1,1,1,1,0,1,0,0,1,1,1,0,0,1,0,0,1,0,0,0,1,1,1,0,Bronchitis
0,0,0,0,1,1,0,0,0,0,0,1,0,1,0,1,0,0,1,0,0,0,0,0,0,1,Influenza
0,1,1,0,1,0,0,0,0,0,1,1,1,1,1,0,0,1,0,0,0,1,1,0,0,0,Heart Disease
1,1,0,0,1,1,0,1,1,0,1,0,0,1,0,1,1,1,0,1,1,0,0,0,1,0,Typhoid
1,1,1,1,1,1,1,1,0,1,0,0,1,1,1,1,0,0,1,0,1,1,0,1,1,0,COVID-19
1,1,0,1,0,1,1,0,0,1,1,1,0,0,0,0,1,1,0,1,0,0,0,0,0,0,Appendicitis
1,1,0,0,0,1,0,1,1,1,1,1,0,0,0,1,0,1,0,0,1,0,0,0,0,1,Bronchitis
0,0,1,1,0,1,0,0,0,0,0,0,0,1,0,1,1,0,0,0,0,1,1,0,0,1,Influenza
0,1,1,1,0,0,1,0,1,0,0,1,0,1,0,1,0,1,1,0,1,1,1,1,0,1,Appendicitis
0,1,0,1,1,1,1,0,0,1,0,1,0,1,0,0,0,0,0,0,1,1,0,0,1,0,Heart Disease
1,0,0,0,0,1,1,0,1,1,1,1,0,1,1,1,1,0,0,1,1,0,1,1,1,1,Heart Disease
0,1,0,1,1,1,0,1,1,0,1,0,0,1,1,1,1,0,1,1,0,0,0,1,0,0,Tuberculosis
0,1,1,0,1,0,0,0,0,1,0,1,1,0,1,1,0,1,0,1,1,1,0,1,1,1,Arthritis
1,0,1,0,1,0,1,1,1,0,0,0,0,0,1,0,0,1,1,0,0,0,0,1,1,0,Chickenpox
0,0,0,0,1,1,1,1,0,0,0,0,1,1,1,1,0,0,0,0,1,1,0,1,0,0,Heart Disease
0,0,0,1,0,0,1,0,0,1,0,0,0,0,1,1,1,1,1,0,0,1,1,0,0,0,Conjunctivitis
1,1,1,0,0,0,1,0,0,1,0,1,1,1,0,0,1,0,0,0,0,0,1,1,1,1,Common Cold
0,0,0,0,1,0,0,0,1,0,0,0,0,1,1,1,0,1,0,0,0,1,1,1,0,0,Asthma
1,0,1,0,0,0,0,1,1,0,1,0,0,1,1,0,1,1,0,0,0,1,0,0,1,1,Hepatitis
0,1,1,0,0,1,0,1,1,0,1,1,0,1,0,1,1,1,1,0,1,1,0,0,0,1,Conjunctivitis
1,1,0,1,0,0,0,1,1,0,1,0,1,1,0,1,0,1,0,1,1,1,0,1,1,1,Gastroenteritis
1,0,0,1,1,0,1,0,0,1,1,1,1,1,1,1,1,0,1,0,0,1,1,1,1,1,Typhoid
1,0,1,0,1,0,1,0,0,0,1,0,0,1,0,1,0,0,0,0,0,1,0,1,0,1,Appendicitis
1,1,0,1,0,1,1,1,0,0,1,1,0,1,1,0,1,0,1,1,1,1,1,1,1,0,Migraine
0,0,0,1,1,1,0,1,1,0,1,0,1,0,0,0,0,1,1,1,1,1,0,0,1,1,Bronchitis
1,0,1,1,0,0,1,0,1,0,1,1,1,1,1,0,0,1,1,1,0,1,1,1,0,0,Migraine
0,1,1,0,1,0,0,1,0,1,1,0,0,1,1,0,1,1,1,0,1,0,0,1,1,1,Malaria
0,1,0,0,0,1,0,0,0,1,0,1,1,1,0,0,0,1,0,0,1,1,0,0,1,1,Chickenpox
0,1,0,1,0,1,0,0,1,0,1,0,1,1,1,0,0,0,0,1,0,0,0,0,0,1,Tuberculosis
1,1,1,0,0,0,0,1,1,0,1,1,0,0,1,0,0,1,0,1,0,0,0,1,1,0,Meningitis
1,1,1,0,0,0,1,0,0,1,1,0,1,1,0,0,0,0,1,0,0,1,1,0,1,1,Meningitis
1,1,1,0,0,0,0,0,0,1,1,0,1,0,0,0,0,0,1,0,1,1,0,1,0,1,Conjunctivitis
1,0,1,1,0,1,0,0,1,0,1,0,0,1,0,1,0,0,1,0,1,1,0,0,1,0,Common Cold
1,0,1,0,1,1,0,1,0,1,0,0,1,0,0,0,0,1,0,1,1,0,1,1,0,0,Conjunctivitis
0,1,0,1,0,0,1,1,1,0,0,0,0,0,0,1,1,0,0,0,0,0,0,1,1,0,Tuberculosis
0,1,1,0,1,0,0,1,1,0,1,0,1,1,1,0,0,0,1,0,0,0,1,0,1,1,UTI
0,0,0,1,1,1,1,1,0,0,0,1,1,0,0,1,0,1,0,1,1,1,1,1,1,1,Bronchitis
0,1,0,1,1,0,1,0,1,0,1,1,0,0,0,0,0,0,1,0,0,1,1,1,0,1,Conjunctivitis
1,0,0,0,0,0,0,0,1,1,0,1,1,1,0,0,0,0,0,0,1,1,0,0,1,1,Chickenpox
1,0,0,1,0,1,0,1,1,0,1,1,1,0,1,0,0,1,0,0,0,0,1,1,1,1,Gastroenteritis
0,0,0,1,0,0,1,1,1,1,1,0,0,0,0,1,0,0,0,1,0,1,0,1,0,1,COVID-19
1,0,0,1,0,0,0,0,1,1,1,0,1,0,0,0,0,0,1,1,0,1,1,1,0,1,Meningitis
1,1,0,0,0,1,1,0,0,1,0,1,1,0,1,0,0,0,1,1,0,0,0,0,0,0,Arthritis
0,0,0,0,0,1,1,0,0,0,1,1,1,1,0,0,1,1,1,0,0,0,0,1,0,1,Chickenpox
0,1,0,0,1,1,0,1,1,0,0,1,1,1,0,1,0,1,1,1,0,0,0,0,0,1,Influenza
1,1,1,0,1,0,0,1,0,1,1,0,1,0,1,1,1,0,0,1,0,0,1,1,1,0,Influenza
1,1,1,1,1,0,0,1,0,0,0,0,0,1,1,1,0,0,1,0,1,0,1,1,1,0,Migraine
0,0,0,1,1,0,0,0,0,1,0,1,0,0,1,0,1,0,1,0,1,1,1,1,0,0,Hepatitis
0,1,1,1,1,0,0,1,0,0,0,1,0,0,0,0,0,0,0,1,0,1,1,0,0,1,Asthma
1,1,1,1,0,1,0,0,0,0,1,0,1,0,1,1,0,1,1,0,0,0,0,0,0,1,Asthma
0,1,1,0,0,1,1,0,0,1,0,1,0,0,1,0,0,0,1,0,0,0,0,0,0,0,Pneumonia
0,0,0,0,0,0,0,0,0,0,0,1,1,1,1,0,1,1,1,1,0,0,1,0,1,0,Malaria
1,0,0,1,1,0,0,1,0,0,0,1,1,0,1,1,0,1,1,1,1,1,1,0,0,0,Influenza
1,1,0,0,1,0,0,0,1,0,0,0,0,1,0,1,1,1,1,0,1,0,0,0,0,0,Chickenpox
1,1,0,1,1,0,0,0,0,0,0,0,0,1,0,0,1,1,1,0,0,1,0,0,1,0,Appendicitis
1,0,0,0,1,0,1,0,1,1,0,0,1,0,0,1,1,1,1,0,1,0,1,1,1,0,Influenza
0,0,0,1,1,1,0,1,0,0,0,0,0,1,0,1,0,1,1,0,1,1,0,1,1,1,Arthritis
0,1,0,1,0,1,1,0,0,0,0,1,1,1,0,1,1,1,0,0,1,0,0,1,1,1,Typhoid
1,0,0,1,0,0,1,0,0,1,1,0,0,1,0,1,0,1,0,0,1,0,1,1,0,0,Gastroenteritis
1,0,1,0,0,1,1,1,0,1,1,1,1,1,0,1,0,1,1,0,1,1,0,0,0,0,Arthritis
0,1,0,0,0,0,1,0,1,0,1,1,1,1,0,0,1,1,0,0,0,1,0,0,0,0,Dengue
1,0,0,1,1,1,1,1,0,1,1,0,0,0,1,1,1,0,1,0,0,1,0,1,0,0,Hepatitis
0,1,1,0,0,1,1,0,0,0,1,0,0,0,0,1,0,0,0,0,0,0,1,1,0,0,COVID-19
1,0,0,0,0,1,0,0,0,0,0,0,1,1,1,0,1,0,0,0,1,1,1,1,0,0,Food Poisoning
1,0,1,1,1,1,0,1,1,1,1,1,0,0,1,0,0,1,1,1,0,1,0,1,0,0,Malaria
0,0,0,1,0,1,0,0,1,0,0,1,0,1,0,1,0,0,1,0,1,1,1,0,1,0,Meningitis
1,1,1,0,1,0,1,1,0,0,1,1,0,0,0,1,0,0,1,1,1,0,0,1,1,1,UTI
0,1,1,0,0,1,0,1,1,0,1,1,1,0,1,1,0,1,0,1,0,0,1,1,0,0,Food Poisoning
1,1,1,1,0,1,1,1,0,0,0,0,1,1,0,0,0,1,1,1,1,0,1,1,1,1,Heart Disease
1,1,0,0,0,0,1,1,0,1,1,1,0,0,1,0,1,1,1,1,0,1,1,1,0,0,UTI
1,0,0,1,0,0,1,1,0,1,1,1,0,1,0,0,1,0,1,0,0,1,1,0,0,0,Arthritis
1,1,1,1,0,0,0,0,0,0,1,0,1,1,1,0,0,0,0,0,0,1,1,1,1,1,Pneumonia
1,1,0,0,0,0,1,1,0,0,0,1,0,0,0,0,0,0,0,0,0,0,1,1,1,1,Conjunctivitis
0,0,1,1,0,0,0,1,1,1,1,0,0,1,0,0,1,1,1,0,0,0,1,1,1,1,Meningitis
0,0,1,1,1,0,0,1,1,1,0,1,0,1,0,0,0,1,0,0,0,0,0,1,1,1,Migraine
0,1,1,0,0,0,0,0,1,1,1,1,0,1,1,1,0,0,0,1,1,1,1,1,1,1,Hepatitis
0,0,1,1,0,0,1,1,0,0,0,1,1,1,1,0,1,0,0,0,0,0,0,0,1,0,Dengue
0,0,0,0,1,0,1,1,1,1,0,0,1,0,0,0,0,1,0,0,0,1,1,1,1,0,Arthritis
1,1,0,1,0,0,0,1,1,0,1,0,0,0,1,1,1,1,0,1,1,1,1,1,1,0,Typhoid
0,1,1,1,1,0,1,0,1,1,1,0,1,1,1,0,0,0,0,0,0,0,1,1,1,1,Asthma
1,0,0,1,0,0,1,0,0,0,1,0,1,1,1,1,0,0,1,0,1,0,1,1,0,1,Chickenpox
1,0,0,1,0,0,1,0,0,1,1,1,1,1,0,0,0,1,1,0,1,1,1,0,0,1,Conjunctivitis
1,1,0,1,1,0,0,0,0,0,0,0,1,0,0,0,0,0,1,1,1,0,0,0,1,1,Tuberculosis
0,0,1,0,0,0,0,0,1,1,1,1,0,0,0,1,1,0,1,0,1,1,1,0,0,1,Food Poisoning
0,0,0,1,0,1,1,0,0,1,1,0,0,0,0,1,1,0,0,1,0,0,1,0,0,0,Dengue
1,0,0,1,1,0,0,0,1,0,1,1,0,1,1,1,1,1,1,0,0,1,1,0,0,0,Malaria
1,1,1,0,1,0,1,1,1,0,1,1,0,1,1,1,1,0,1,0,1,1,1,1,1,0,Arthritis
0,0,0,1,0,0,1,0,1,1,0,0,1,1,0,1,1,0,0,0,0,0,0,1,0,0,Chickenpox
1,0,1,0,0,1,0,0,1,1,1,0,0,0,0,1,0,0,0,1,1,1,1,1,1,1,Conjunctivitis
0,0,0,0,0,1,0,0,0,1,1,1,0,0,0,0,0,0,0,0,0,0,1,0,0,1,Appendicitis
1,1,1,1,0,0,1,1,0,1,0,0,0,0,1,1,0,0,1,1,0,1,0,0,0,1,Gastroenteritis
1,0,1,0,0,0,1,1,1,1,0,1,0,1,0,0,1,0,1,1,0,1,0,1,1,0,Pneumonia
1,0,0,0,0,1,0,1,0,1,1,0,1,0,1,0,0,1,0,1,0,1,0,0,1,0,Tuberculosis
1,0,1,1,0,1,0,0,1,0,1,1,0,1,0,1,0,1,1,1,1,0,1,1,1,0,Appendicitis
0,1,1,1,0,1,0,1,0,1,1,1,0,1,0,1,0,1,1,1,1,0,0,1,1,1,Migraine
0,1,0,1,1,0,1,1,0,1,0,1,1,0,1,1,0,1,1,0,1,0,0,0,1,0,Common Cold
1,1,0,0,0,1,1,0,0,0,0,0,1,0,1,1,1,1,1,1,1,1,0,1,1,1,Asthma
0,0,0,1,0,1,0,0,1,0,1,1,0,1,0,1,1,1,1,1,1,0,1,1,0,1,Heart Disease
0,1,0,1,1,0,0,1,0,1,1,1,0,0,0,0,0,0,1,0,0,1,1,1,0,0,Malaria
0,0,1,0,1,1,0,0,1,1,0,1,0,0,0,1,0,0,0,1,1,0,0,1,1,1,Malaria
1,0,0,0,1,0,1,0,0,0,1,1,1,0,0,0,0,1,1,1,1,0,0,0,0,0,Migraine
1,1,0,0,0,0,0,0,0,0,0,1,0,0,1,1,1,0,1,1,0,1,1,1,0,1,COVID-19
1,1,0,0,0,1,1,1,0,0,1,1,0,0,1,0,0,0,1,1,0,1,1,1,1,0,Common Cold
0,0,0,0,0,0,0,1,1,0,1,0,1,0,0,0,0,0,0,1,0,0,1,0,0,0,Chickenpox
0,0,1,0,0,1,1,0,0,1,0,0,1,1,1,1,0,0,0,0,1,0,1,0,1,0,Meningitis
0,1,0,0,1,0,1,1,1,1,0,1,0,1,0,1,0,0,1,1,1,1,0,0,0,0,Food Poisoning
0,0,1,1,0,1,1,0,1,1,0,1,1,0,0,1,1,1,1,1,0,0,0,0,1,0,Pneumonia
0,1,0,1,0,1,0,1,1,0,1,0,1,0,1,0,0,1,1,1,0,1,1,1,0,0,Hepatitis
0,1,0,0,0,0,0,0,1,0,1,0,1,0,1,1,1,0,1,1,0,1,1,0,1,0,COVID-19
0,0,1,0,0,1,0,1,0,0,1,1,1,1,0,1,0,1,1,0,1,1,0,0,1,1,Migraine
0,0,1,0,1,0,0,1,0,0,0,0,0,0,1,1,1,0,0,0,0,0,1,0,1,0,Gastroenteritis
1,1,1,1,1,0,1,1,1,0,0,0,0,0,1,1,0,0,1,1,0,1,0,0,1,1,Appendicitis
1,1,0,0,1,0,1,0,1,1,0,0,0,0,0,1,1,1,0,0,1,1,1,0,1,1,Bronchitis
0,1,0,1,0,0,0,0,0,1,1,0,0,1,0,1,0,1,0,1,0,1,0,0,0,0,Arthritis
0,1,1,0,1,1,1,0,0,1,1,0,1,0,0,1,1,1,0,1,0,1,0,1,0,1,Malaria
0,1,1,1,0,0,1,0,0,1,0,0,0,0,0,0,0,1,0,0,1,1,1,1,1,1,Pneumonia
0,1,1,0,0,1,0,1,0,0,1,0,1,0,1,0,1,0,0,0,1,1,1,1,0,1,Typhoid
1,1,1,1,1,0,1,1,1,1,0,0,0,0,0,0,1,0,1,1,1,0,1,1,1,1,Influenza
0,0,1,1,0,0,0,1,0,1,1,1,0,0,0,1,0,0,0,0,0,0,1,1,1,1,Migraine
1,1,0,1,0,1,0,0,0,1,1,1,1,1,0,0,1,0,1,1,1,1,0,0,0,0,Asthma
0,1,1,1,1,1,1,0,0,0,0,0,1,0,1,1,0,1,0,0,1,0,1,0,0,1,Bronchitis
0,0,0,1,1,0,0,1,0,1,1,1,0,0,0,0,1,0,0,0,1,1,1,1,0,1,Typhoid
0,1,0,1,1,0,0,1,0,0,1,1,1,0,1,0,1,0,1,0,0,1,0,0,0,0,Pneumonia
0,1,1,0,1,0,0,1,1,0,0,1,1,0,1,0,1,0,0,1,1,0,1,0,0,0,Appendicitis
0,1,1,1,0,1,1,1,0,0,1,1,0,0,1,1,1,1,1,0,0,1,1,0,1,0,Typhoid
1,1,1,1,0,0,1,0,0,0,0,0,1,0,1,0,1,0,1,0,0,0,1,1,0,1,Pneumonia
1,0,0,0,1,1,0,1,1,1,0,0,0,0,0,0,0,1,0,1,0,1,1,1,0,1,Bronchitis
0,1,0,1,0,1,1,0,1,1,1,1,1,1,0,1,0,1,1,0,1,1,0,1,0,1,Tuberculosis
0,1,0,1,0,1,1,0,0,1,1,1,1,0,1,1,0,0,1,0,1,1,0,0,1,1,Conjunctivitis
0,0,0,0,0,0,1,0,0,0,0,1,1,0,1,0,1,1,1,1,0,1,0,0,1,1,Bronchitis
1,1,1,1,1,0,0,1,0,0,0,1,0,1,1,1,1,0,1,1,1,0,0,0,0,0,Pneumonia
1,0,1,0,1,0,1,0,0,0,1,0,0,0,0,0,1,1,0,1,0,0,1,1,1,0,Dengue
0,0,1,0,1,0,0,1,1,0,0,0,1,1,1,1,1,0,1,0,1,0,0,0,0,0,Arthritis
0,0,1,0,1,0,0,1,1,1,0,1,1,1,1,0,0,0,1,0,0,0,1,0,1,0,UTI
1,0,1,1,1,1,1,1,0,1,0,1,1,0,1,0,0,0,0,0,1,1,0,1,1,1,Migraine
0,1,1,0,1,1,0,1,1,1,1,1,1,1,0,0,1,1,1,1,0,1,1,0,0,0,Typhoid
0,1,1,0,1,0,1,0,0,1,0,0,1,0,0,0,1,1,1,1,1,1,0,0,0,1,Common Cold
1,1,1,0,1,1,1,0,1,1,1,0,0,1,0,1,0,1,1,1,0,1,1,0,1,0,Heart Disease
1,0,1,1,1,1,0,0,1,1,0,0,1,1,1,1,0,1,1,0,1,1,1,0,1,0,Dengue
1,0,0,0,1,1,0,0,0,0,0,0,1,1,0,0,0,1,0,0,1,0,0,1,0,1,Dengue
1,0,0,0,0,1,1,0,0,1,1,1,1,0,1,0,1,1,0,1,1,0,1,0,0,0,UTI
1,0,0,0,1,0,0,1,0,1,1,1,1,0,0,0,0,1,1,1,1,0,0,0,1,1,Appendicitis
1,1,0,0,1,1,0,1,1,1,1,0,1,0,1,1,1,1,1,1,0,1,0,0,1,1,Influenza
0,0,1,0,1,1,1,0,0,0,0,1,0,1,1,1,0,1,0,0,1,0,1,0,1,0,Pneumonia
1,1,0,0,1,0,0,0,0,1,1,0,0,1,0,1,0,0,1,0,1,1,1,1,0,0,Influenza
0,1,1,1,1,1,0,1,0,1,1,1,0,1,1,0,1,0,0,1,1,1,1,1,1,1,Heart Disease
1,1,1,0,0,1,1,0,1,1,0,0,0,1,0,0,1,1,0,0,1,0,0,0,0,0,Influenza
0,1,1,1,1,1,0,1,1,0,1,1,0,0,1,0,0,0,1,1,1,1,1,0,0,0,Dengue
1,1,1,1,0,1,1,0,0,1,0,0,1,0,1,0,0,1,0,1,0,0,0,1,0,1,Migraine
1,0,1,1,0,1,1,0,0,1,0,1,1,1,0,0,1,1,0,0,1,1,0,0,0,0,Dengue
1,1,1,1,0,0,0,1,0,0,0,0,0,1,0,1,0,1,0,0,1,1,0,0,0,0,Gastroenteritis
1,0,1,0,1,0,0,1,1,1,1,1,1,1,0,0,1,0,0,1,0,1,1,0,1,1,Food Poisoning
0,0,0,0,0,0,1,0,0,0,0,0,0,0,0,1,1,0,0,0,1,1,0,0,1,0,Chickenpox
1,0,0,0,1,0,0,0,1,0,0,0,0,0,0,1,0,1,0,1,0,1,0,1,0,0,Hepatitis
0,1,0,0,0,1,1,0,0,1,0,1,0,0,0,0,1,1,1,1,1,1,0,1,0,1,Hepatitis
1,1,0,1,1,1,1,1,0,0,0,0,0,1,1,0,1,0,1,1,1,0,0,1,1,1,Bronchitis
0,1,1,0,1,0,1,1,0,1,1,1,1,1,0,0,0,0,1,1,0,0,1,1,0,0,Influenza
1,0,1,0,0,1,0,1,0,0,0,1,1,1,1,0,0,0,0,1,0,1,0,1,1,1,Food Poisoning
0,0,1,1,1,1,1,0,1,1,0,1,1,0,1,0,0,0,0,0,1,0,1,1,0,0,Heart Disease
0,1,0,0,0,1,0,1,1,0,0,0,1,1,0,0,1,1,1,0,1,1,0,0,1,0,Bronchitis
1,0,0,0,0,0,1,0,0,0,0,0,0,0,0,1,0,1,1,0,0,1,0,0,1,0,Tuberculosis
1,1,1,1,1,0,1,0,0,0,0,0,1,1,1,1,0,1,1,0,0,0,1,1,1,1,Hepatitis
1,1,1,1,1,0,1,0,1,1,1,1,1,1,0,0,1,0,0,0,0,1,0,1,1,1,Hepatitis
1,1,0,0,1,1,1,1,0,0,1,0,0,0,0,0,0,0,1,1,1,1,0,1,0,0,Asthma
1,1,1,0,0,1,1,1,0,0,1,0,1,1,0,1,0,1,1,0,0,1,0,1,1,0,COVID-19
1,0,1,1,1,1,0,0,0,1,1,1,0,0,0,0,1,0,1,1,0,0,0,0,1,0,Conjunctivitis
1,0,0,0,1,1,0,1,1,1,1,1,1,1,1,1,0,0,0,1,1,1,0,1,1,0,Common Cold
0,0,0,1,0,1,0,1,0,0,0,0,1,0,0,0,0,0,1,0,0,0,0,1,0,1,Asthma
0,0,0,1,0,0,1,1,1,0,1,1,1,1,0,0,0,1,0,0,0,1,0,1,0,0,Meningitis
1,0,0,0,1,0,0,0,1,1,0,1,1,1,0,1,0,1,0,0,1,0,1,1,0,1,Heart Disease
1,0,1,1,1,0,0,0,0,0,0,1,0,0,1,1,0,0,1,1,1,1,1,0,0,0,Gastroenteritis
1,1,1,1,0,1,0,0,1,0,1,0,1,0,0,0,0,1,0,1,0,1,1,0,1,1,Influenza
1,0,1,1,0,1,1,1,0,1,1,0,0,0,0,0,1,1,0,0,1,0,0,0,1,0,Food Poisoning
1,0,1,1,0,0,1,0,0,1,1,1,1,0,1,0,0,0,1,0,1,0,1,0,1,1,Appendicitis
1,0,0,1,0,0,1,1,0,0,0,0,1,1,0,0,0,0,0,1,1,0,0,1,1,1,Dengue
0,0,0,0,0,1,1,0,1,0,0,1,1,1,0,0,0,0,1,1,1,1,0,0,1,1,Influenza
0,0,0,0,0,1,0,0,0,0,0,1,0,1,0,1,0,1,0,0,1,1,1,0,1,1,Dengue
0,1,0,0,0,0,0,1,1,1,0,0,1,1,0,0,0,0,1,0,1,1,0,1,1,0,Dengue
1,0,0,1,0,1,1,1,1,1,1,0,0,0,1,0,1,1,0,0,1,1,0,1,0,1,Common Cold
1,1,0,0,0,0,0,1,1,0,1,1,1,0,1,0,0,0,1,0,1,1,0,1,0,0,COVID-19
1,1,0,0,1,1,1,1,1,0,0,0,1,1,1,0,1,1,0,0,1,1,1,1,0,0,Tuberculosis
1,0,1,1,1,0,1,0,1,0,0,0,1,0,1,0,1,1,0,1,1,0,1,1,0,1,Pneumonia
1,0,0,1,1,1,0,1,0,1,1,0,1,0,0,0,1,1,1,0,1,0,0,0,0,1,Conjunctivitis
0,0,0,0,1,0,1,1,0,0,1,1,1,0,1,1,0,0,0,1,0,1,0,0,0,0,Malaria
0,1,0,0,0,0,0,0,1,1,0,0,1,0,1,1,0,1,0,0,0,0,1,0,0,1,Asthma
1,0,0,0,1,1,0,1,0,0,0,1,1,0,1,0,1,0,0,0,1,0,1,1,1,1,Arthritis
0,1,0,1,1,1,1,1,0,0,1,1,0,1,1,0,1,1,1,1,1,0,1,1,1,0,Asthma
0,0,0,0,0,0,1,1,0,0,1,1,1,0,0,1,1,0,0,0,0,0,1,1,1,0,Hepatitis
0,1,1,1,1,1,1,1,0,1,0,0,1,1,1,1,0,1,0,0,1,0,0,0,1,0,Arthritis
1,0,0,0,1,0,1,1,1,0,0,0,1,0,1,1,1,0,1,1,1,0,0,1,0,1,Asthma
1,0,1,1,0,0,0,0,1,1,0,1,1,0,1,1,0,0,1,0,1,1,0,0,1,0,Asthma
1,1,0,1,1,1,1,1,1,1,1,1,0,0,1,0,0,1,1,0,1,0,0,1,0,0,Heart Disease
1,1,1,1,0,0,0,0,1,0,1,0,1,0,1,1,1,0,1,0,1,0,0,1,0,1,Conjunctivitis
1,0,1,0,1,0,0,0,0,1,1,0,0,1,1,0,1,1,1,1,0,1,0,1,1,1,Migraine
0,1,1,1,1,0,1,1,0,0,1,0,1,0,0,0,1,0,1,1,1,1,1,1,1,0,Pneumonia
0,1,0,1,1,1,1,0,0,1,1,0,1,0,1,0,0,0,0,0,0,1,1,0,1,0,Dengue
0,1,0,1,0,0,0,0,0,1,0,1,1,1,1,1,0,0,1,0,1,1,1,0,0,0,Gastroenteritis
0,0,1,0,1,0,0,0,1,1,1,1,1,0,0,0,0,1,1,0,1,0,0,1,0,1,Pneumonia
0,0,1,1,0,0,0,0,1,0,0,0,1,0,1,0,1,1,1,1,1,1,0,0,1,0,Heart Disease
0,1,1,1,1,1,1,0,1,0,0,0,1,0,0,0,1,0,0,1,0,1,1,0,1,1,Heart Disease
1,1,1,1,1,0,0,1,1,1,0,1,1,0,1,0,0,0,0,0,0,1,0,0,0,1,Appendicitis
0,0,1,1,1,0,0,0,1,1,1,1,0,0,0,1,1,1,0,0,1,1,1,1,1,1,Dengue
1,0,1,0,1,1,1,1,0,1,0,0,1,0,0,1,1,1,0,0,0,0,0,0,1,0,Heart Disease
0,1,0,0,1,0,1,1,1,0,0,1,0,1,0,0,0,0,0,1,1,1,1,1,1,1,Chickenpox
0,1,1,0,1,1,1,1,0,1,0,0,0,0,1,1,1,1,1,1,0,1,1,0,1,1,Food Poisoning
0,0,0,0,0,1,0,1,0,1,1,0,1,1,0,1,0,0,1,0,0,0,0,1,1,1,Heart Disease
0,0,1,1,1,1,0,1,0,1,0,0,1,1,0,1,1,1,1,1,1,0,0,0,0,1,Hepatitis
0,1,1,0,1,1,0,1,0,1,1,1,1,0,0,1,1,0,1,0,0,1,0,1,0,0,Meningitis
0,0,0,1,0,1,0,1,1,1,0,0,1,1,1,0,0,0,1,1,1,1,0,1,1,0,Influenza
0,1,0,0,0,1,1,0,0,1,0,0,1,1,0,0,1,1,1,1,1,0,1,1,1,1,Malaria
0,0,0,0,1,1,0,1,1,1,0,1,0,1,0,0,0,1,1,0,1,1,1,0,0,1,Influenza
1,1,1,1,0,0,1,0,0,1,0,0,1,1,1,1,1,1,0,0,1,1,1,1,1,1,Asthma
1,1,0,0,0,0,1,1,0,1,0,1,0,0,0,0,1,1,1,1,1,0,0,1,0,0,Heart Disease
1,0,0,1,1,0,0,0,1,1,0,0,1,0,1,1,0,1,1,1,0,0,1,0,0,1,Heart Disease
0,1,1,0,1,1,0,0,0,1,0,1,0,0,0,0,0,0,1,0,0,1,1,1,1,0,Bronchitis
1,1,1,0,0,0,0,1,1,0,0,0,0,1,0,1,0,0,0,0,1,0,0,1,0,1,Typhoid
1,1,1,1,1,0,1,1,0,1,1,0,0,1,0,1,0,0,0,1,0,0,1,0,1,1,Typhoid
1,1,0,1,1,0,1,1,1,1,1,1,1,0,0,1,1,1,0,1,1,0,0,1,1,1,Meningitis
1,0,1,0,1,0,0,0,0,0,1,1,0,0,0,0,1,1,1,1,0,1,1,0,0,1,COVID-19
1,0,0,1,1,1,0,1,1,0,0,0,1,0,1,1,1,0,0,1,1,1,0,1,1,0,Tuberculosis
0,0,1,1,0,0,0,1,0,1,0,0,1,1,1,0,1,1,0,0,0,1,1,0,1,1,Typhoid
1,0,1,0,0,1,0,0,0,1,1,0,0,1,0,0,0,0,1,0,1,0,1,1,0,1,Tuberculosis
1,1,1,1,1,0,0,1,0,0,0,0,0,1,1,1,0,1,1,0,1,0,1,1,1,1,Influenza
0,1,1,1,1,1,0,0,1,0,1,0,1,1,0,1,1,1,1,1,0,1,1,1,0,0,Pneumonia
1,0,1,1,1,1,0,0,0,0,1,0,1,1,0,1,0,0,0,0,0,1,0,0,1,1,Malaria
1,0,1,1,1,0,0,1,1,0,0,1,1,1,1,1,0,0,1,0,1,1,0,1,1,1,Tuberculosis
1,0,1,1,0,0,1,0,1,1,0,1,0,1,1,0,1,1,0,0,0,1,0,1,0,1,Asthma
1,0,1,1,1,0,0,1,1,0,1,1,1,0,0,1,1,1,0,0,1,0,0,1,0,1,Influenza
1,0,0,1,0,0,1,0,0,0,0,1,1,0,1,1,0,0,1,1,1,0,0,0,0,1,Migraine
0,0,0,0,0,0,1,1,0,1,1,1,1,1,1,1,0,0,1,0,1,0,1,0,1,0,Common Cold
0,1,0,0,0,1,0,0,1,0,1,0,0,0,0,0,1,1,0,0,1,0,0,1,1,0,Migraine
1,0,1,0,1,1,1,0,1,0,1,1,0,1,0,0,1,0,0,1,0,0,0,0,0,1,COVID-19
1,0,1,0,0,1,1,1,1,0,1,1,1,0,1,0,0,1,0,1,1,1,0,1,1,0,Influenza
1,0,0,0,1,1,0,0,0,1,0,1,0,0,0,0,0,1,0,0,1,0,1,0,0,1,Dengue
1,1,1,1,0,0,0,1,0,0,0,0,1,1,1,0,0,1,0,1,1,0,0,1,0,1,Pneumonia
1,1,1,0,0,1,1,0,1,0,1,1,0,0,0,1,1,0,0,1,1,0,0,0,0,0,Appendicitis
1,0,0,1,1,1,1,0,1,0,1,1,1,1,0,0,1,0,1,0,1,1,1,1,1,1,UTI
1,1,0,0,1,0,0,1,0,1,1,0,1,0,1,1,0,1,1,0,0,1,0,1,1,1,Gastroenteritis
1,1,0,0,1,0,1,1,0,1,0,1,0,0,1,0,1,0,0,1,1,1,0,1,1,1,Dengue
1,0,0,0,1,1,0,0,0,0,1,0,1,1,0,0,0,0,1,1,1,1,1,1,0,0,Food Poisoning
0,1,1,1,0,0,0,1,1,1,0,0,0,0,1,1,0,1,0,1,1,0,1,0,1,0,Arthritis
0,0,0,0,0,1,1,1,0,1,0,1,0,0,0,1,0,0,1,0,1,0,1,0,1,0,Asthma
1,1,0,1,0,1,1,1,1,0,0,1,0,1,0,0,1,0,1,0,1,1,1,0,1,1,Common Cold
0,0,0,1,1,0,1,0,0,0,1,0,1,0,0,0,1,1,1,1,0,1,0,0,1,0,Asthma
1,0,0,0,0,0,0,1,0,0,0,0,1,0,0,1,1,0,0,1,1,1,1,0,0,1,Hepatitis
0,1,1,1,1,1,1,0,1,1,1,1,1,0,0,0,1,1,1,1,0,0,1,0,0,1,Food Poisoning
0,0,1,0,0,0,1,1,1,0,1,0,1,1,0,1,1,0,0,1,1,1,0,1,0,0,Heart Disease
0,1,0,1,0,1,0,0,1,0,1,0,1,0,1,1,1,0,1,1,0,0,1,1,1,0,Tuberculosis
0,0,1,1,0,0,1,0,0,0,1,0,1,1,1,1,1,0,1,1,0,0,0,0,0,1,Meningitis
1,1,1,0,0,1,0,0,0,0,1,0,1,0,0,0,0,1,0,0,1,0,0,1,1,0,Heart Disease
0,0,1,0,0,0,1,0,0,1,0,1,0,1,1,0,1,1,0,1,0,1,1,0,0,0,Malaria
0,0,1,1,0,1,0,1,1,0,0,0,0,0,1,1,0,1,0,1,0,0,1,1,1,0,Influenza
0,1,1,0,1,0,0,1,1,1,1,0,0,0,1,1,1,0,0,0,0,0,1,1,0,1,Malaria
0,0,0,1,0,1,1,1,1,1,0,1,0,0,0,1,0,1,0,1,0,0,0,0,1,1,Pneumonia
1,0,1,1,1,1,1,0,1,1,0,0,0,1,0,1,1,1,1,1,0,0,0,1,0,1,Food Poisoning
1,0,0,1,0,1,0,1,1,1,1,0,1,1,1,0,1,0,0,0,0,0,1,0,0,1,Arthritis
1,1,0,1,1,1,0,1,0,1,0,1,0,0,1,1,0,1,0,0,0,1,1,0,0,1,Hepatitis
0,0,0,1,1,0,1,0,1,0,0,1,0,1,1,1,1,0,1,1,1,1,0,0,1,0,Conjunctivitis
1,0,1,1,0,0,1,0,0,0,1,0,0,1,0,0,0,1,0,1,0,0,0,1,1,1,Meningitis
0,1,0,0,1,0,0,1,0,1,0,1,1,1,1,0,1,1,0,1,1,1,1,0,0,1,Chickenpox
1,1,0,1,1,0,1,0,0,0,0,0,0,1,0,1,0,1,0,1,1,1,1,1,0,0,COVID-19
1,0,1,0,0,1,0,1,0,0,0,1,0,1,1,1,1,1,0,1,0,0,0,0,1,0,Heart Disease
0,1,0,1,0,0,1,1,0,0,0,1,1,1,0,0,1,1,1,1,0,1,1,1,0,1,Typhoid
0,0,0,1,0,1,1,0,1,0,0,1,0,1,0,0,0,0,1,0,0,0,1,1,1,1,Hepatitis
0,1,0,0,0,1,1,0,1,0,0,1,0,0,1,0,1,0,1,0,1,1,0,1,1,1,Asthma
0,1,1,1,1,1,0,1,1,0,1,0,1,0,0,1,1,0,0,0,0,0,0,1,0,1,Hepatitis
0,1,0,1,0,1,1,1,0,0,0,1,0,0,1,0,1,1,1,1,1,1,1,0,0,1,Migraine
0,0,0,1,1,0,0,0,1,1,0,1,1,1,1,0,1,0,0,1,0,1,1,0,0,0,UTI
1,1,0,0,1,1,0,0,0,1,1,1,1,1,1,0,0,1,1,1,0,0,1,1,0,1,Chickenpox
1,1,0,1,0,1,0,0,0,0,0,1,1,1,0,1,1,0,1,1,0,1,1,1,1,0,Gastroenteritis
0,0,0,1,1,1,0,1,1,1,0,0,0,1,1,1,0,0,1,1,0,1,0,1,1,0,Appendicitis
0,0,0,1,0,0,0,1,1,1,0,1,0,1,1,0,0,0,1,1,1,1,0,0,0,1,COVID-19
0,0,0,1,0,1,0,1,1,1,0,1,0,1,1,1,1,0,1,1,0,0,1,1,0,0,Malaria
1,1,0,0,1,1,0,0,0,0,0,0,1,0,1,0,0,1,0,1,1,0,0,0,0,1,Migraine
1,1,1,0,1,1,0,0,1,1,1,0,1,1,1,0,1,0,1,0,1,0,1,0,0,1,UTI
1,0,0,0,0,1,1,1,0,1,0,1,0,1,1,0,0,1,1,0,0,1,0,1,0,0,Bronchitis
1,0,0,0,0,0,0,0,0,0,1,0,0,0,1,1,1,1,0,0,0,0,1,0,0,1,Typhoid
0,1,1,1,0,1,1,0,0,0,0,0,1,1,0,1,0,1,0,1,0,0,1,1,1,0,Influenza
0,0,0,0,0,1,1,0,1,1,1,0,1,1,0,0,1,0,0,0,0,1,1,0,1,0,Bronchitis
1,1,1,1,1,0,0,0,1,1,1,0,0,0,0,0,0,0,0,1,0,0,0,1,1,0,Influenza
0,0,0,0,1,1,1,0,1,1,0,1,1,0,1,1,0,1,0,0,1,0,0,1,0,1,Typhoid
1,0,1,1,0,1,0,1,1,0,0,0,0,0,1,1,0,1,0,1,1,1,1,0,0,0,Gastroenteritis
1,1,0,0,0,0,1,0,1,0,0,1,0,0,0,0,1,0,0,1,1,0,0,0,0,1,Arthritis
1,1,1,1,0,0,0,1,0,1,1,0,1,0,1,1,1,1,0,0,1,0,1,1,0,1,Pneumonia
1,1,1,1,0,0,1,0,0,0,1,0,0,1,1,1,1,1,1,1,1,1,0,1,0,0,UTI
1,0,1,1,0,0,1,1,0,0,1,0,0,0,1,1,0,0,1,1,0,0,1,1,1,0,Conjunctivitis
0,1,0,1,0,0,0,0,1,1,1,1,1,1,0,0,0,1,0,0,0,1,0,0,0,0,Chickenpox
0,1,0,1,1,0,1,1,1,1,1,1,0,1,1,1,0,1,1,0,0,0,0,0,0,1,Typhoid
0,0,0,1,1,0,1,0,0,1,1,0,0,0,0,0,0,1,0,1,0,1,0,0,0,1,Migraine
0,0,0,1,0,0,0,1,1,1,0,1,1,1,0,1,1,0,0,0,0,1,1,1,0,1,Chickenpox
1,1,1,0,0,0,0,1,0,0,0,1,0,0,1,1,1,1,0,1,1,1,0,1,0,0,Typhoid
1,0,1,0,1,0,1,0,0,0,1,1,1,1,0,1,1,0,0,0,0,0,1,1,0,0,Asthma
0,0,0,1,0,0,1,0,0,0,0,0,0,1,0,1,1,0,1,1,0,1,1,0,0,1,Appendicitis
1,0,0,0,0,0,0,1,0,1,1,1,0,0,0,1,1,0,0,1,0,0,0,0,0,1,Meningitis
1,1,1,0,1,1,1,0,0,0,1,0,0,1,0,0,0,0,0,0,0,0,0,0,0,0,COVID-19
0,0,1,1,0,1,0,1,0,0,0,1,1,0,0,0,0,0,0,0,0,1,1,1,1,0,Malaria
1,1,1,0,0,1,1,0,0,0,0,1,1,0,0,1,1,1,0,0,1,0,0,1,0,0,Common Cold
0,1,0,1,0,1,1,0,0,1,1,0,0,1,0,1,1,0,0,1,0,0,1,1,1,0,Asthma
0,0,0,0,0,0,0,1,0,0,1,1,0,1,1,1,1,0,1,1,0,1,0,0,1,0,Chickenpox
0,1,1,0,1,0,0,1,1,0,1,0,0,0,1,0,0,0,0,0,0,1,0,1,0,1,Meningitis
1,1,1,0,0,0,1,0,1,1,1,0,0,0,1,0,1,0,0,0,0,0,0,1,0,0,UTI
0,1,1,0,1,0,1,1,0,0,0,1,0,1,0,1,0,1,0,1,0,0,0,1,0,0,Hepatitis
0,1,1,0,0,0,1,0,0,1,1,1,0,1,1,0,0,1,0,1,1,1,0,1,0,1,UTI
1,1,1,1,0,0,1,0,0,0,0,0,0,1,0,1,1,1,1,1,0,0,1,1,1,1,Tuberculosis
0,0,0,0,1,0,1,1,0,1,0,1,1,1,0,0,1,0,1,1,1,0,1,1,0,0,Common Cold
1,0,1,1,1,0,1,1,1,1,0,0,0,1,1,1,1,1,1,1,1,0,1,0,1,1,Heart Disease
0,1,1,1,1,1,0,0,0,0,0,0,0,0,1,1,1,1,0,1,0,0,0,0,1,0,Hepatitis
1,0,0,1,0,1,1,0,1,1,1,1,0,1,0,1,0,1,1,1,0,1,1,1,0,0,Bronchitis
1,0,0,1,1,0,1,0,0,1,1,1,1,1,1,1,1,0,1,1,1,0,0,0,1,1,Migraine
1,1,0,0,0,1,0,1,1,1,1,0,0,1,0,0,0,1,0,0,0,1,0,1,1,1,Malaria
0,1,0,1,1,0,0,0,0,1,1,1,1,0,1,1,0,1,1,0,0,0,0,0,1,0,Tuberculosis
0,1,1,1,1,1,1,1,1,0,0,0,1,0,1,0,1,1,0,1,1,1,1,1,1,0,Malaria
0,1,1,1,1,0,1,0,0,1,0,1,0,1,0,1,0,0,1,1,1,0,1,0,0,0,Influenza
1,1,1,0,1,1,0,0,1,0,1,0,1,0,0,1,1,0,1,1,0,1,1,1,1,0,Influenza
1,0,0,1,1,1,0,0,0,0,1,1,1,1,1,0,1,0,0,0,0,1,0,0,1,0,Meningitis
1,1,1,1,0,1,0,1,0,1,1,0,0,1,1,0,0,0,1,1,0,0,0,1,0,1,Tuberculosis
1,0,0,0,0,1,0,0,0,0,0,1,1,0,0,1,0,0,0,0,0,1,1,1,1,0,Asthma
1,1,1,0,1,1,0,0,1,1,0,0,0,0,0,0,0,1,0,0,0,0,0,0,1,1,Arthritis
1,0,1,1,1,1,0,1,1,0,0,1,1,1,1,1,1,1,1,1,1,0,0,1,0,1,Asthma
1,0,1,0,0,1,1,1,1,0,1,1,1,1,0,1,0,0,1,0,0,1,0,1,1,0,Dengue
1,0,1,0,0,0,1,1,1,0,0,0,0,1,1,0,1,0,0,0,1,0,0,1,0,1,COVID-19
0,0,0,0,0,0,1,1,0,0,1,0,0,1,1,0,0,0,0,0,1,1,0,0,0,0,Conjunctivitis
1,1,1,0,0,0,1,1,1,1,1,1,0,1,0,1,1,1,0,0,0,1,0,1,0,0,Common Cold
1,0,0,1,1,0,0,1,1,0,1,1,0,0,0,0,0,1,0,1,1,0,0,0,0,0,Pneumonia
1,0,1,1,1,0,1,0,1,1,1,0,0,0,1,0,1,0,0,1,0,0,0,1,0,1,Arthritis
1,0,1,1,1,1,0,1,0,1,1,1,1,1,0,1,0,0,1,1,0,0,0,1,0,0,Appendicitis
0,0,1,0,1,1,1,0,1,1,0,1,1,1,1,1,1,1,1,1,1,1,1,1,1,0,Dengue
0,1,0,1,1,0,0,0,1,0,1,0,1,0,0,0,0,1,0,0,0,0,0,1,1,0,Chickenpox
0,1,0,1,0,0,1,0,0,1,1,0,1,1,1,0,0,1,1,1,1,1,0,1,0,1,Tuberculosis
1,1,0,0,0,0,1,1,0,0,0,0,1,1,0,1,0,1,1,1,1,0,0,1,1,1,Dengue
1,0,1,0,0,0,0,0,0,1,1,0,0,1,1,0,1,1,0,0,1,0,1,1,1,0,Pneumonia
1,1,0,0,0,0,0,1,1,0,0,0,0,1,0,0,1,0,0,0,1,1,0,0,1,1,Dengue
1,0,0,0,1,1,1,1,0,1,0,1,0,0,1,1,1,1,0,0,0,0,1,0,1,0,Appendicitis
1,1,1,1,1,1,1,1,1,0,1,1,0,0,0,1,1,0,1,1,1,0,0,1,1,0,COVID-19
1,0,0,0,1,1,0,1,0,0,1,0,1,0,0,0,0,0,1,0,0,0,0,1,0,0,Hepatitis
1,0,1,0,0,1,0,1,1,0,0,0,0,0,1,0,0,1,0,0,1,1,1,1,1,1,Meningitis
1,0,1,0,1,1,1,0,0,0,1,1,1,1,0,0,0,1,0,1,1,0,1,0,0,1,Typhoid
0,1,0,1,1,1,0,0,0,0,1,1,1,1,0,1,0,1,1,1,0,1,0,0,0,0,Food Poisoning
1,0,0,1,1,1,1,0,0,0,0,0,0,0,0,0,0,0,0,0,1,0,0,0,0,0,Migraine
0,1,0,1,1,1,0,0,0,1,1,1,0,0,1,1,1,1,1,0,0,1,1,0,0,0,Appendicitis
0,1,1,1,1,1,0,0,0,0,0,0,1,1,1,0,1,1,1,0,1,1,0,0,1,0,Common Cold
0,1,0,1,1,1,0,0,1,1,1,0,0,1,1,1,0,0,1,1,1,0,1,0,0,1,Gastroenteritis
1,1,1,0,1,0,1,0,0,1,0,0,1,1,1,0,1,1,0,1,1,0,0,0,1,1,Meningitis
1,1,1,0,0,1,0,0,0,1,0,0,1,1,0,0,1,1,1,0,0,1,0,1,0,1,Meningitis
1,1,0,1,1,1,0,1,1,1,1,0,0,1,0,0,0,1,1,0,0,0,0,1,1,0,Common Cold
1,1,0,0,1,1,1,1,0,0,0,0,1,0,1,1,0,0,1,1,0,1,0,1,1,0,Conjunctivitis
0,1,0,1,0,1,1,1,0,1,0,0,0,1,1,0,1,1,0,1,1,0,1,1,1,0,COVID-19
0,0,1,1,1,0,0,1,0,0,1,0,1,0,0,0,1,1,1,0,0,0,0,1,0,1,Gastroenteritis
1,0,1,0,1,0,1,0,0,0,0,1,0,0,0,0,0,1,0,1,1,0,1,1,0,0,Gastroenteritis
1,1,1,1,0,1,0,0,0,1,0,0,0,1,1,0,1,0,1,0,1,1,0,0,0,0,Influenza
0,0,0,0,0,1,1,1,1,0,1,0,1,1,1,0,1,0,0,0,0,0,0,1,0,0,Asthma
0,0,0,0,0,1,0,0,0,1,0,0,1,1,1,0,1,1,0,0,0,1,0,1,1,1,Tuberculosis
0,0,1,0,0,0,0,0,0,0,1,0,0,0,1,0,1,1,1,1,0,1,0,0,0,1,Typhoid
0,1,1,0,0,1,1,1,0,0,1,0,0,1,0,1,1,1,0,1,1,1,0,0,0,0,Dengue
0,1,1,1,0,0,1,1,0,0,0,1,0,1,1,1,0,0,1,1,0,0,1,1,1,1,Food Poisoning
0,1,0,0,0,1,0,1,1,0,0,1,1,1,0,1,1,0,1,0,0,0,0,0,1,1,Bronchitis
0,1,1,0,1,0,0,0,0,0,1,0,0,0,1,0,1,1,1,1,1,1,0,1,1,1,Influenza
1,1,1,0,1,1,1,1,1,1,1,1,0,0,0,0,1,1,0,1,1,0,1,0,0,1,Migraine
0,0,0,1,0,1,1,1,0,0,0,1,1,1,1,0,0,1,0,1,0,1,0,0,0,0,Common Cold
1,1,1,0,1,1,0,0,1,1,1,0,0,0,0,1,0,1,0,1,1,1,1,0,0,1,Arthritis
0,1,1,1,1,1,1,0,0,0,0,0,1,0,1,1,1,1,0,1,1,1,0,1,1,0,Conjunctivitis
1,1,0,0,0,0,1,0,1,0,0,0,0,1,0,0,1,0,1,1,0,1,1,1,1,0,Conjunctivitis
1,1,0,0,0,1,0,1,1,0,0,1,1,1,0,1,0,1,1,0,1,1,0,0,0,1,Heart Disease
0,1,0,0,0,0,0,0,0,1,1,0,0,1,1,1,0,1,1,1,1,0,1,0,0,1,Food Poisoning
0,0,1,1,0,1,1,1,1,0,1,0,1,0,1,0,0,0,0,0,1,0,0,1,0,1,Conjunctivitis
0,0,1,1,0,0,0,0,0,0,0,0,1,0,1,1,0,1,0,1,1,0,0,1,1,1,Common Cold
1,0,0,1,1,0,0,1,0,0,0,0,0,0,1,1,1,0,1,0,0,1,0,1,1,0,Heart Disease
1,0,0,0,1,0,0,1,0,0,1,0,1,0,0,1,0,0,1,0,0,0,1,1,0,0,Gastroenteritis
1,1,1,1,1,1,1,1,1,0,0,0,0,1,0,1,0,1,1,1,0,0,1,0,0,0,Pneumonia
0,0,1,0,1,1,0,0,1,0,1,0,0,1,0,1,1,1,1,1,0,1,1,0,1,1,Asthma
0,1,0,0,0,1,0,0,0,0,1,0,1,1,1,0,0,1,0,1,1,0,0,1,0,1,Tuberculosis
1,0,1,1,1,1,0,0,1,1,0,1,0,0,0,1,1,1,1,1,1,1,0,1,1,0,Asthma
0,1,0,0,1,0,1,0,0,1,1,1,1,1,0,0,1,0,0,0,1,0,1,0,1,1,Arthritis
1,1,0,0,1,1,0,0,0,1,1,1,0,1,1,0,0,0,1,1,0,1,0,1,0,1,Influenza
0,1,1,0,1,0,1,1,1,0,1,0,0,0,1,1,1,1,0,1,1,0,0,0,0,0,Conjunctivitis
1,0,1,0,0,1,0,1,1,0,1,1,1,1,0,1,0,0,0,0,1,0,1,0,1,0,Influenza
0,0,1,1,1,1,0,1,0,1,1,0,0,1,0,0,0,0,1,0,1,1,1,1,0,0,Arthritis
1,0,0,0,1,1,1,1,1,0,1,0,1,0,0,1,1,0,1,1,0,1,1,1,0,0,Conjunctivitis
1,0,1,0,0,0,1,1,0,0,1,0,1,1,1,1,0,0,1,1,0,0,1,0,1,0,Heart Disease
0,0,1,1,0,0,0,0,1,0,1,0,1,0,0,1,0,0,1,1,0,1,0,1,1,0,Hepatitis
0,1,1,0,1,0,1,0,0,0,1,0,0,1,1,0,0,1,0,0,0,1,1,0,0,1,Meningitis
0,1,1,0,1,0,0,0,0,1,1,0,1,0,1,0,1,1,1,0,0,1,0,0,1,1,Bronchitis
1,0,1,1,1,1,1,1,1,0,1,1,1,0,1,0,0,0,1,1,1,1,1,1,1,1,Gastroenteritis
0,1,0,1,1,1,1,1,0,1,1,1,1,1,1,1,0,1,0,0,0,0,1,0,0,1,Food Poisoning
0,0,0,1,1,1,0,0,1,0,0,0,0,0,0,0,0,1,0,1,1,0,0,1,1,0,Hepatitis
0,1,0,1,0,0,0,0,0,1,1,1,1,1,1,1,1,0,1,0,1,0,1,0,1,1,Common Cold
1,0,0,0,0,0,0,1,1,0,1,0,0,0,0,1,1,1,0,1,1,1,0,0,0,1,Arthritis
0,1,0,0,0,0,1,0,0,1,0,1,0,0,0,1,0,1,0,0,1,0,1,1,1,0,Pneumonia
1,1,0,0,1,0,1,0,0,0,0,0,1,0,1,0,0,0,0,0,0,1,1,0,1,1,Malaria
0,1,0,1,1,1,1,1,1,0,0,0,0,1,1,1,1,0,0,1,1,1,0,1,1,1,Hepatitis
0,1,0,0,0,0,0,0,0,1,1,1,1,0,0,0,0,0,0,0,1,0,0,0,1,1,Dengue
1,0,1,0,0,1,0,1,0,1,0,1,0,0,1,0,1,1,0,0,0,0,0,1,0,0,Influenza
1,1,1,0,0,0,1,0,1,0,0,1,1,0,0,1,0,0,1,0,1,1,0,1,1,0,Chickenpox
1,1,0,1,1,1,0,0,1,1,0,0,0,0,1,0,1,1,1,0,0,0,1,0,0,0,Arthritis
0,1,0,1,1,1,0,0,1,0,1,1,0,0,1,0,0,0,0,1,1,0,0,1,1,1,Common Cold
0,0,0,1,1,1,0,1,1,1,0,0,1,0,0,0,0,0,1,0,0,1,1,1,1,1,Bronchitis
1,0,0,1,0,1,0,0,1,0,0,0,1,0,0,0,1,1,1,0,1,0,1,1,0,0,Chickenpox
1,1,1,1,1,0,0,1,0,0,0,0,1,1,1,1,0,1,0,0,1,0,0,0,0,1,Dengue
1,0,0,1,0,0,1,1,0,1,0,0,1,0,1,1,0,1,0,0,0,1,1,0,1,0,Meningitis
0,1,0,0,0,1,1,1,0,0,1,0,0,0,0,1,0,0,0,0,1,0,0,0,1,1,Pneumonia
1,0,1,1,1,0,1,0,0,0,0,1,1,0,1,0,0,1,1,1,0,1,0,1,0,0,Pneumonia
0,1,0,0,1,1,0,1,1,1,0,1,0,1,0,1,0,1,0,0,0,0,0,0,0,1,Hepatitis
0,1,1,0,0,0,0,1,0,0,1,1,1,0,0,1,0,0,0,0,1,0,1,1,1,0,Food Poisoning
1,0,1,1,0,1,0,1,0,0,1,1,1,1,1,1,0,0,1,1,0,1,1,1,0,0,Arthritis
0,1,1,1,0,1,1,1,1,1,1,0,0,1,0,1,1,0,0,0,1,0,0,0,1,1,Common Cold
0,0,0,0,1,1,0,0,0,1,1,1,1,0,1,0,0,1,0,1,1,0,1,1,0,1,Arthritis
1,1,1,1,0,1,1,1,0,1,0,1,1,0,0,0,0,1,0,1,0,0,1,0,0,1,Hepatitis
0,0,0,1,1,1,1,0,0,0,1,0,0,1,0,1,1,0,0,1,0,0,1,1,1,0,Hepatitis
0,0,0,0,0,0,0,1,0,1,1,0,0,1,0,1,0,0,0,0,1,0,0,0,0,0,Chickenpox
1,0,1,1,0,1,1,1,0,1,0,0,0,1,1,0,0,1,1,0,0,1,0,0,1,0,Chickenpox
1,1,1,0,1,0,0,1,0,0,1,0,0,0,0,0,1,0,0,0,1,0,0,0,1,0,Tuberculosis
0,0,0,0,0,0,0,0,0,1,0,0,0,1,1,1,1,1,1,1,1,0,0,1,1,0,Migraine
1,1,0,0,0,1,0,1,1,0,0,1,0,1,0,0,0,1,0,1,1,1,0,0,1,1,Pneumonia
0,0,1,0,0,0,1,1,1,1,1,0,1,1,1,0,0,0,1,0,0,0,0,0,0,0,Meningitis
0,0,0,1,0,0,1,0,0,0,0,0,0,0,0,1,1,1,1,1,1,1,1,0,0,1,Meningitis
1,1,1,1,1,1,0,0,0,1,0,1,0,0,0,1,1,0,0,0,0,1,0,0,0,0,Food Poisoning
1,0,0,0,1,1,0,0,1,0,0,1,1,0,0,0,1,1,1,0,0,0,0,1,0,0,Tuberculosis
1,1,0,1,0,0,0,0,1,1,0,1,0,0,0,1,1,1,1,0,0,1,1,1,0,0,Migraine
1,0,1,0,0,1,1,1,1,1,1,1,1,0,1,0,1,0,0,1,0,0,0,1,0,1,Asthma
0,1,0,0,0,0,1,0,1,1,1,1,1,1,1,1,0,1,1,1,1,0,1,1,0,1,Typhoid
1,1,0,1,0,1,0,1,1,1,0,0,1,1,0,1,1,1,1,1,1,0,1,1,0,1,Influenza
0,1,0,0,0,0,0,0,1,0,1,0,1,0,1,1,0,0,0,0,0,1,0,0,1,0,Bronchitis
1,0,0,0,0,0,1,0,1,0,1,0,1,0,0,1,1,1,1,1,1,1,0,1,0,0,Appendicitis
0,1,0,0,1,0,0,1,0,0,1,1,0,0,1,0,0,0,1,0,0,1,0,1,0,0,Migraine
1,0,0,1,0,1,0,1,1,0,0,1,0,1,1,0,1,1,1,0,0,0,0,1,1,1,Typhoid
1,1,0,1,0,0,1,1,1,1,1,1,1,1,0,1,1,0,0,0,1,1,0,1,0,1,Pneumonia
1,1,1,1,1,0,1,0,1,1,0,1,1,1,0,1,1,1,1,0,1,1,0,0,1,1,Appendicitis
0,1,0,1,0,1,1,1,0,1,0,1,1,0,0,0,1,1,1,0,0,0,1,0,0,1,Conjunctivitis
1,1,0,1,0,0,0,0,0,1,1,0,0,0,1,1,1,0,0,1,0,0,1,1,1,0,Heart Disease
1,0,0,0,0,0,0,1,0,1,1,1,1,0,0,1,1,0,0,1,1,1,1,0,0,0,Hepatitis
0,1,0,1,1,0,0,0,1,1,0,0,1,1,1,0,1,0,1,1,1,0,1,0,1,0,Arthritis
0,1,0,0,1,0,0,1,1,0,1,0,0,1,1,0,0,0,0,1,0,0,0,1,1,1,Asthma
1,0,1,0,0,0,1,0,1,0,0,0,1,1,1,0,0,1,1,0,0,0,1,1,0,0,COVID-19
1,0,1,1,1,0,1,0,1,1,0,0,0,0,0,0,0,0,0,0,0,0,1,0,0,0,Conjunctivitis
1,0,1,0,0,0,1,0,0,0,1,1,1,0,0,1,1,0,0,0,1,0,0,0,0,0,COVID-19
1,1,1,0,1,1,1,1,0,0,0,1,1,1,0,1,0,0,0,1,1,1,1,1,1,0,Chickenpox
0,0,0,0,0,1,0,1,1,0,1,0,0,0,1,0,0,1,0,1,0,1,0,1,1,0,Malaria
1,1,1,0,0,0,0,0,1,0,0,1,0,0,1,1,0,1,0,0,1,1,0,1,0,0,Dengue
1,1,0,0,1,1,1,0,1,0,1,0,0,1,0,0,0,1,0,0,1,1,1,0,1,1,Conjunctivitis
0,1,0,1,0,1,1,1,0,1,1,0,1,0,0,0,0,0,0,1,0,0,1,1,1,1,Tuberculosis
1,1,1,0,1,0,0,0,1,0,0,1,1,0,1,0,1,0,0,0,0,0,1,1,1,1,Chickenpox
0,0,1,0,1,1,1,0,0,1,1,1,1,0,1,0,1,1,1,1,0,1,0,0,1,0,Conjunctivitis
0,1,0,0,1,1,0,0,0,0,1,1,0,1,1,1,1,1,0,1,1,1,1,1,1,0,Migraine
0,0,0,1,0,1,0,1,0,0,1,0,1,0,0,1,0,1,0,0,1,0,1,0,1,1,Asthma
0,0,1,0,1,1,0,0,0,1,1,0,1,0,1,1,0,1,0,1,1,1,0,0,1,0,COVID-19
0,0,0,0,1,0,0,0,1,1,0,0,0,1,1,1,1,0,1,0,1,0,0,1,1,1,Arthritis
1,0,0,0,0,1,0,1,0,1,0,0,1,1,0,1,0,0,0,1,1,1,0,1,1,1,Tuberculosis
1,1,1,1,1,0,1,1,1,1,1,1,1,1,0,0,1,0,1,1,1,0,1,0,1,0,Migraine
0,1,1,0,0,0,1,1,1,1,1,1,0,0,0,1,1,0,0,1,0,0,1,0,0,0,UTI
0,0,1,1,1,1,0,0,1,1,1,1,0,1,1,1,0,0,0,1,0,1,0,0,0,0,Bronchitis
1,0,0,0,0,0,1,0,0,0,0,0,0,1,0,0,0,0,1,1,0,0,1,1,0,1,Tuberculosis
1,1,0,0,0,1,0,1,1,1,0,1,1,1,1,0,1,0,1,0,0,1,1,1,1,0,Heart Disease
1,1,1,0,1,1,1,1,1,0,0,1,1,1,0,1,1,1,0,1,0,1,0,1,1,0,Food Poisoning
1,0,1,0,1,0,1,0,0,1,0,0,1,1,0,1,0,0,0,1,0,0,1,1,1,1,Appendicitis
1,0,0,1,0,0,1,1,1,0,0,1,0,1,1,0,1,1,0,0,0,0,1,1,1,0,Gastroenteritis
1,0,0,0,0,0,0,0,0,0,0,0,1,1,0,0,1,1,1,0,0,0,0,0,0,0,COVID-19
0,0,0,0,0,1,1,0,1,1,1,0,1,0,0,0,0,1,1,1,1,0,0,1,0,1,Tuberculosis
1,0,0,1,1,1,1,0,0,0,0,1,0,0,1,0,0,0,1,0,1,0,0,0,0,0,Conjunctivitis
1,1,0,1,1,0,0,1,1,0,0,1,1,1,0,0,0,1,1,1,1,0,0,1,1,1,Chickenpox
1,1,0,1,0,0,0,0,1,1,1,0,0,1,0,0,1,0,1,0,1,0,1,1,0,1,Tuberculosis
1,0,1,0,0,1,0,0,1,0,0,1,1,1,0,0,0,1,1,0,0,0,0,0,0,1,Migraine
0,0,1,1,0,1,1,0,0,0,0,0,1,1,0,1,0,0,1,0,1,1,1,0,1,1,Malaria
0,1,1,0,1,0,1,1,1,0,0,1,0,0,0,0,1,1,1,1,1,0,1,1,1,1,Tuberculosis
0,0,0,0,1,0,0,1,0,1,1,0,1,1,1,0,0,0,0,0,1,0,1,1,0,1,COVID-19
1,0,1,0,0,0,1,1,0,0,1,1,1,1,1,1,1,1,1,0,0,0,0,1,0,0,Food Poisoning
1,1,0,1,1,0,0,0,0,0,0,0,1,1,0,1,1,1,0,1,0,1,0,0,0,1,Influenza
1,0,0,1,1,0,1,0,1,1,0,1,1,1,0,1,1,1,0,0,0,0,1,0,0,1,Meningitis
0,0,0,0,0,1,0,0,1,1,0,1,1,1,1,1,1,1,1,0,1,0,0,0,1,0,Common Cold
1,1,1,1,0,0,1,1,1,1,1,0,0,0,0,0,1,0,0,0,0,0,0,1,0,0,Common Cold
0,1,1,0,1,0,0,1,0,0,1,1,1,1,1,0,1,0,0,1,1,1,0,1,1,0,Chickenpox
0,1,1,1,0,0,0,1,1,0,1,1,0,1,0,0,0,1,1,0,1,1,1,0,0,1,Pneumonia
0,0,0,1,0,1,0,0,0,0,1,1,0,0,0,0,1,0,0,0,1,1,0,1,0,0,Heart Disease
0,1,1,1,1,0,0,1,0,0,1,1,0,0,1,0,0,0,1,0,0,1,0,1,1,0,Bronchitis
1,0,1,1,0,1,1,0,0,0,1,1,0,1,1,1,1,1,1,1,0,0,1,0,1,1,Hepatitis
1,0,1,0,1,1,0,1,0,1,0,1,1,1,0,0,1,0,1,1,0,1,0,1,1,1,Pneumonia
1,1,1,0,1,0,0,0,0,1,1,0,0,1,0,0,0,1,1,1,1,0,1,1,1,1,Asthma
1,1,0,0,0,1,0,1,1,1,0,0,0,0,0,0,0,1,1,1,0,0,1,0,1,0,Pneumonia
0,1,0,1,0,0,0,0,1,1,0,1,1,1,0,1,1,0,1,0,0,1,0,1,0,1,Chickenpox
1,1,1,1,1,1,0,0,1,0,0,0,0,1,1,0,1,0,1,1,0,0,1,0,0,1,UTI
1,1,0,0,1,0,1,1,1,1,1,1,0,1,1,1,0,1,0,1,0,1,0,1,0,1,Migraine
1,0,1,0,1,1,1,1,0,1,0,1,1,0,0,0,0,0,0,0,1,1,1,0,1,1,Dengue
0,1,0,0,1,0,0,0,0,1,0,1,1,1,0,0,1,1,0,1,0,1,0,1,1,0,Hepatitis
1,0,1,1,1,1,1,0,0,0,1,0,1,1,0,0,1,0,1,1,0,1,1,0,1,1,Heart Disease
1,0,0,1,0,1,0,1,0,0,1,1,1,1,0,1,1,1,1,0,0,1,0,0,0,0,Malaria
1,1,1,1,1,1,0,0,1,1,0,1,1,1,1,0,1,1,1,1,0,0,0,1,0,0,Food Poisoning
1,0,0,0,0,1,0,1,0,0,1,0,1,0,0,1,0,0,0,1,1,1,0,0,1,0,Typhoid
1,0,1,0,1,1,0,1,1,1,1,0,1,0,1,0,1,1,0,0,1,1,1,1,1,0,Chickenpox
0,0,0,0,1,0,0,0,0,1,1,0,1,0,1,1,0,1,0,1,1,0,1,1,0,0,Influenza
1,1,1,1,1,0,1,0,1,1,1,0,0,1,1,0,1,0,0,1,0,0,0,0,1,1,Asthma
0,0,0,1,1,1,0,0,0,0,0,0,0,1,1,1,0,1,1,1,1,0,1,0,1,0,Appendicitis
1,0,0,0,1,1,0,1,1,1,1,1,1,0,1,0,1,1,0,0,1,1,1,1,0,0,Common Cold
0,1,1,1,1,1,0,0,0,0,0,1,1,0,1,1,1,1,0,0,1,0,1,1,1,0,Chickenpox
0,0,1,0,0,0,0,1,0,1,0,0,1,0,1,1,1,0,1,0,0,1,1,0,0,0,Arthritis
1,0,0,0,0,0,1,1,1,0,1,1,1,1,0,0,0,1,1,1,0,0,0,1,0,1,Influenza
1,1,0,0,0,0,0,1,0,0,0,0,0,0,1,0,0,0,0,0,0,0,0,0,1,0,Malaria
0,1,1,1,0,0,1,0,0,0,0,1,1,1,0,1,1,1,0,0,1,0,1,0,1,0,Bronchitis
0,1,0,1,0,1,0,0,1,0,1,1,0,1,0,1,0,1,1,1,0,1,1,1,0,1,Influenza
0,1,0,0,1,1,1,1,1,1,0,1,1,1,1,1,1,1,0,0,0,1,1,1,0,1,Malaria
0,0,0,1,1,0,1,1,0,1,1,1,1,0,0,0,0,1,1,1,0,1,1,0,0,0,Pneumonia
0,1,1,0,0,1,0,0,0,0,1,1,1,1,0,1,0,0,0,0,1,0,1,1,0,1,Typhoid
1,1,1,0,1,1,0,0,0,1,0,1,1,0,1,1,0,1,0,1,1,1,0,1,1,1,Asthma
1,1,1,0,1,1,0,1,1,0,1,1,0,0,0,0,1,1,0,1,1,1,1,0,0,1,Gastroenteritis
0,0,0,0,0,1,0,1,1,0,1,1,0,1,1,1,1,0,1,0,1,1,1,1,1,0,Meningitis
0,0,1,0,1,0,0,1,1,1,1,0,1,0,0,0,1,1,1,0,0,1,1,0,1,0,Conjunctivitis
1,1,1,0,0,0,1,0,0,1,0,1,0,1,1,1,1,0,1,0,1,0,0,0,1,0,Conjunctivitis
0,1,0,1,0,0,1,0,1,0,0,0,0,0,1,1,0,0,1,0,0,0,1,1,0,1,Gastroenteritis
1,0,1,0,0,1,1,0,0,0,1,0,1,0,0,1,1,0,0,0,1,0,1,1,0,1,Dengue
0,1,1,0,0,1,0,0,1,0,0,0,0,1,0,0,1,1,1,1,0,0,1,0,1,0,Meningitis
0,0,0,0,1,0,1,0,0,0,1,0,0,0,1,0,0,1,1,0,1,1,0,1,1,1,Asthma
1,0,0,1,1,0,1,0,0,1,1,1,0,1,0,1,0,0,1,0,1,1,1,1,1,1,Conjunctivitis
1,0,0,0,1,1,1,0,0,1,1,0,0,1,0,1,0,1,1,1,0,1,1,1,1,0,Dengue
1,0,1,0,0,0,0,1,0,0,0,0,0,0,0,1,0,1,1,0,0,1,1,0,0,0,Tuberculosis
0,1,0,0,1,0,1,1,0,1,0,0,1,0,1,1,1,0,1,1,0,1,0,1,0,0,Hepatitis
1,0,0,1,0,1,0,0,0,1,1,0,1,0,1,1,0,0,0,0,1,0,1,1,0,0,Common Cold
1,1,1,1,1,0,1,0,1,1,0,0,0,1,0,0,0,0,1,0,1,1,1,0,0,0,Bronchitis
1,1,1,0,0,0,1,1,0,1,0,1,1,1,0,0,1,1,1,1,1,0,1,1,1,0,Appendicitis
0,1,1,0,0,1,1,0,0,0,1,0,1,1,0,0,0,0,0,1,0,1,1,1,0,1,Heart Disease
1,0,1,0,1,1,0,1,1,0,0,1,0,1,0,1,1,1,0,1,1,0,0,1,0,1,Conjunctivitis
1,0,1,0,0,0,1,1,1,1,0,0,0,0,0,0,0,1,1,1,1,1,1,1,0,0,Gastroenteritis
1,0,0,0,0,1,0,0,0,1,1,0,0,1,1,1,1,1,0,1,0,0,1,0,1,0,Heart Disease
1,0,0,1,1,1,0,1,1,0,1,1,0,0,0,1,0,0,1,0,0,1,0,0,0,0,Gastroenteritis
1,0,0,1,0,0,1,0,0,0,0,1,0,0,1,1,1,0,1,1,1,1,1,0,1,1,Common Cold
1,0,0,1,1,0,1,1,1,0,1,1,0,1,0,0,0,0,0,1,0,0,1,1,0,0,Heart Disease
0,1,1,1,0,1,1,0,0,1,1,0,1,1,1,1,0,0,1,1,1,0,1,1,0,0,UTI
0,0,0,1,0,0,1,0,0,0,0,1,1,0,1,0,1,0,0,1,0,0,1,1,0,1,Chickenpox
0,0,1,0,1,1,1,0,0,1,1,0,0,1,0,0,1,0,0,1,0,0,1,0,1,1,Malaria
1,1,1,0,1,1,1,1,1,0,1,1,1,0,1,1,1,1,1,1,0,0,0,1,1,1,Typhoid
0,0,1,0,1,1,1,0,1,1,1,0,1,1,1,1,0,0,1,0,0,0,1,0,0,0,Hepatitis
0,1,0,1,1,0,0,1,1,1,0,1,1,0,0,1,0,1,0,1,1,1,0,0,0,1,Conjunctivitis
1,0,0,0,1,1,0,1,0,1,1,1,0,1,0,0,1,0,0,1,0,1,0,1,1,0,Malaria
0,1,1,0,1,0,0,1,1,1,0,1,1,1,1,1,0,1,0,1,0,0,1,1,1,0,Influenza
1,0,1,0,1,0,0,0,0,0,1,1,0,0,1,1,0,1,1,0,0,0,1,0,1,1,Gastroenteritis
1,1,0,0,1,0,1,0,0,1,0,0,0,0,1,0,1,1,1,1,0,1,0,1,1,1,Heart Disease
1,1,0,1,1,0,1,0,1,0,1,1,1,0,0,0,0,1,0,1,1,0,1,0,0,0,Conjunctivitis
0,1,1,0,0,0,1,0,1,1,1,1,0,0,1,1,0,0,0,1,0,1,1,0,0,1,Chickenpox
0,1,1,0,1,1,1,0,0,1,0,0,1,1,0,0,1,0,0,0,1,1,1,0,1,0,Asthma
0,0,1,1,1,1,1,0,1,1,0,1,0,1,0,1,0,0,1,0,1,0,0,1,1,1,Arthritis
1,1,0,1,1,0,0,0,1,1,0,0,0,0,0,1,1,0,0,1,1,1,1,1,1,1,Migraine
1,0,1,0,1,1,1,1,1,1,0,1,1,0,0,0,0,0,0,0,1,0,1,1,0,1,Arthritis
1,1,0,0,1,1,0,1,1,0,0,1,1,1,0,1,0,1,1,0,0,1,0,0,0,0,Bronchitis
1,1,0,1,0,1,0,1,0,0,0,0,1,1,0,1,1,0,0,0,0,1,0,1,1,0,UTI
1,0,0,1,0,1,1,1,1,1,1,1,1,0,0,0,1,1,1,0,1,1,0,1,0,0,COVID-19
0,0,0,1,1,0,0,0,1,0,0,1,1,1,0,1,0,1,1,1,0,0,0,0,0,1,Bronchitis
0,1,1,0,1,0,1,1,1,0,0,0,1,0,0,1,1,0,1,0,1,1,0,0,1,1,Common Cold
1,1,1,0,0,0,0,1,1,0,1,0,0,1,0,1,1,1,0,1,0,0,0,0,1,1,Dengue
1,1,0,1,0,0,1,0,0,1,0,1,1,0,1,0,0,0,1,1,1,0,0,0,1,0,COVID-19
0,1,0,0,0,0,1,0,0,0,1,1,0,1,1,0,1,0,0,1,1,0,0,0,0,1,Food Poisoning
0,0,1,1,1,1,1,0,0,1,0,1,0,1,0,0,1,0,1,1,0,1,0,0,1,1,Pneumonia
1,1,0,1,0,1,1,1,0,0,1,1,0,1,1,1,0,0,1,1,1,1,1,0,1,0,Dengue
1,1,0,1,1,1,0,1,1,1,0,0,1,1,0,1,1,1,0,1,1,0,0,0,1,0,Common Cold
1,0,0,0,1,0,0,0,0,0,0,1,1,0,1,0,0,0,1,0,0,0,0,1,1,0,Pneumonia
1,0,0,0,1,0,0,1,0,0,1,1,0,1,0,1,0,0,0,0,1,1,1,0,0,1,Typhoid
0,0,0,0,0,0,0,0,1,1,1,1,1,0,0,0,0,1,1,0,1,0,0,0,1,0,COVID-19
1,1,0,0,0,1,1,1,1,0,1,0,1,1,1,0,1,0,1,0,1,0,1,0,1,1,Chickenpox
0,0,0,0,1,0,0,1,0,1,1,1,0,1,1,0,1,1,0,0,1,0,1,0,1,0,Dengue
0,1,1,1,1,0,1,1,0,1,1,0,1,0,1,1,1,1,0,0,0,1,1,1,0,1,Food Poisoning
0,0,1,0,0,0,1,0,1,0,0,1,0,0,1,1,1,0,1,0,1,0,0,0,1,1,Hepatitis
1,0,1,1,1,0,1,1,1,0,0,0,1,0,1,0,0,1,0,1,1,0,0,0,0,0,Food Poisoning
1,1,0,0,0,0,1,0,0,0,0,1,1,0,0,1,1,1,1,0,1,1,1,0,1,0,Tuberculosis
0,0,1,0,0,0,1,0,1,0,0,0,0,0,0,1,1,0,0,0,1,1,1,1,1,0,Migraine
1,1,1,1,1,1,1,0,1,0,1,0,1,0,0,0,0,0,0,1,0,0,0,0,1,1,COVID-19
0,0,0,0,1,1,0,1,1,1,1,0,0,0,0,1,1,0,0,0,1,1,0,1,0,1,UTI
0,0,1,1,0,0,1,0,1,1,0,0,0,1,1,0,1,1,1,0,1,0,1,1,1,0,Bronchitis
1,0,1,0,0,0,0,0,0,0,1,0,1,1,0,0,1,0,1,0,0,1,1,0,0,1,Food Poisoning
0,0,1,1,1,0,0,1,1,0,1,1,1,1,1,0,0,1,0,1,0,0,1,1,0,1,Common Cold
0,1,1,1,1,1,1,1,0,0,1,0,1,1,0,1,0,0,1,0,1,0,1,0,0,1,Appendicitis
1,0,0,1,0,0,0,1,1,1,0,1,1,1,0,1,1,1,0,1,1,0,1,0,1,0,Common Cold
1,0,1,0,0,0,1,1,0,1,0,0,0,0,1,0,1,0,0,1,1,0,0,0,0,0,Conjunctivitis
0,0,1,1,1,0,0,0,0,0,0,1,1,1,1,1,1,0,1,1,0,0,1,1,1,0,Food Poisoning
1,0,0,0,1,0,0,1,1,0,1,1,0,1,0,1,1,0,1,0,0,1,1,1,1,0,Hepatitis
1,0,0,0,0,0,1,0,0,0,1,1,1,1,0,0,0,0,0,1,0,0,0,1,1,0,Malaria
0,0,0,1,0,0,1,0,1,1,0,1,0,1,1,1,0,1,0,1,0,1,0,0,0,1,COVID-19
1,0,1,0,1,0,1,1,1,1,0,1,0,0,1,1,0,0,1,1,0,1,1,0,1,0,COVID-19
1,0,0,0,0,1,0,1,1,0,1,1,0,1,0,1,0,1,0,0,0,0,0,1,0,1,Malaria
0,1,1,1,0,0,0,0,1,0,1,0,1,0,1,0,1,1,1,1,1,1,1,0,0,1,Conjunctivitis
1,0,0,0,1,0,1,1,0,1,1,0,1,0,0,1,0,0,1,0,0,1,0,0,0,1,UTI
1,1,0,0,0,0,1,0,1,1,1,1,1,1,1,0,1,1,1,0,0,1,1,0,0,1,Conjunctivitis
0,0,1,1,1,1,0,0,1,1,1,0,0,0,1,1,0,1,1,0,0,0,0,1,1,0,Bronchitis
0,1,1,0,1,1,1,1,0,1,0,0,1,0,0,0,0,0,1,1,0,0,1,1,0,1,Influenza
0,1,1,0,0,1,1,0,1,1,1,1,0,1,0,0,0,1,0,0,0,1,0,0,0,0,Appendicitis
0,1,1,1,0,1,0,0,1,1,0,1,1,1,1,0,0,1,0,0,0,1,0,1,0,0,Influenza
1,1,0,0,1,1,1,0,0,0,1,1,0,1,1,1,1,0,1,0,1,1,0,1,0,1,Asthma
0,1,0,0,1,0,1,0,1,0,1,0,1,1,0,1,1,1,0,0,0,1,1,0,1,1,Appendicitis
0,0,0,1,0,0,0,0,1,0,1,1,1,1,1,0,1,0,1,0,0,0,1,0,1,0,Food Poisoning
0,1,0,0,1,1,1,0,1,1,1,1,1,1,1,1,0,0,1,0,0,0,1,1,0,0,UTI
1,1,0,0,1,1,1,0,0,1,1,0,1,0,0,0,1,0,1,1,0,0,1,0,1,0,Chickenpox
0,0,1,1,1,1,0,0,0,1,0,0,1,0,1,0,1,0,1,1,1,1,1,0,1,0,Bronchitis
0,0,1,1,0,1,1,1,0,0,1,0,0,1,0,1,0,1,1,1,1,1,0,1,0,0,Appendicitis
0,1,1,1,0,1,1,0,0,1,1,0,1,0,1,0,0,1,0,1,0,1,0,1,0,1,Gastroenteritis
0,0,1,0,0,0,1,0,0,0,1,1,1,1,0,1,0,1,0,1,0,0,1,0,0,1,COVID-19
0,0,1,0,1,0,0,1,0,1,0,0,1,1,0,1,1,1,0,1,1,1,0,1,0,0,UTI
0,0,0,0,1,1,1,0,1,1,0,1,1,0,0,0,0,1,0,0,1,0,0,0,1,1,Arthritis
0,0,0,0,1,1,1,0,0,1,0,0,0,0,1,0,1,1,1,1,0,0,0,1,0,0,Asthma
0,1,1,1,0,0,1,1,0,1,1,0,1,0,0,1,1,1,1,1,1,0,0,1,1,0,Pneumonia
0,1,0,0,0,1,0,1,0,0,0,0,0,0,0,1,0,0,0,0,0,1,0,0,0,1,Hepatitis
1,0,0,1,1,1,1,1,0,1,1,1,0,1,1,0,0,1,1,0,1,1,1,0,0,1,Arthritis
1,0,0,0,0,1,1,0,1,0,0,0,0,1,1,0,0,1,0,0,1,0,0,1,1,1,Pneumonia
0,1,1,0,1,0,0,0,0,0,0,0,0,0,0,0,0,1,1,0,0,1,0,1,0,0,Chickenpox
0,0,0,0,1,0,1,1,1,0,1,0,1,0,0,0,1,1,0,1,1,0,0,0,1,1,Typhoid
1,0,1,1,0,1,1,1,0,0,1,1,0,1,1,0,1,1,0,0,1,1,1,0,1,0,Migraine
1,0,1,0,1,0,0,0,0,1,1,1,1,0,0,0,0,0,1,1,0,0,1,0,1,0,Tuberculosis
0,0,0,0,1,1,0,0,1,1,0,1,1,0,1,0,0,1,1,1,1,0,0,0,0,0,Heart Disease
0,0,1,1,1,1,0,1,0,1,1,1,1,0,1,0,0,0,1,1,0,0,1,1,1,1,Asthma
1,0,1,0,0,1,1,0,0,0,1,1,0,0,0,1,1,1,0,0,1,1,1,1,1,0,Hepatitis
1,0,0,0,0,1,1,1,0,0,1,1,0,0,1,0,1,0,1,0,1,0,0,1,1,1,Chickenpox
1,1,0,1,0,1,1,1,0,1,1,1,0,1,0,0,1,0,0,0,1,1,1,1,0,0,Meningitis
0,1,1,1,0,1,0,1,1,0,0,0,0,0,0,0,1,0,1,1,0,0,0,1,0,1,Pneumonia
1,0,1,0,1,1,0,1,0,0,1,0,0,0,1,0,1,0,0,0,1,0,1,1,1,1,Common Cold
0,0,1,0,1,0,0,1,1,1,0,1,1,0,1,1,0,0,1,1,1,1,0,0,1,1,Migraine
1,0,1,0,1,0,1,0,1,1,1,0,1,0,0,0,0,0,0,0,1,0,1,1,0,0,Pneumonia
0,1,0,1,0,0,1,1,0,0,1,0,0,1,0,0,1,0,0,0,1,0,1,1,0,0,Arthritis
0,0,0,0,0,1,1,0,0,1,1,1,0,1,1,0,0,1,1,0,0,0,0,1,0,1,Common Cold
0,0,1,0,0,0,0,1,0,0,0,1,0,1,1,1,0,1,0,1,0,0,0,1,0,1,Influenza
0,0,0,0,0,0,0,1,0,1,0,1,1,1,1,1,1,1,1,1,0,0,0,1,0,0,Pneumonia
0,0,1,0,1,1,0,1,1,0,0,0,0,0,0,0,0,1,0,1,0,0,0,0,1,0,Food Poisoning
1,1,0,0,0,0,0,1,0,1,0,1,1,0,1,0,0,0,1,1,1,0,1,1,0,0,COVID-19
1,0,1,0,1,0,0,1,1,1,1,0,1,0,0,1,0,1,0,0,0,0,0,0,0,1,Conjunctivitis
1,1,1,0,1,1,0,0,1,1,1,1,1,0,1,0,0,1,0,0,0,0,0,1,1,1,Bronchitis
0,1,0,1,0,0,0,0,1,0,0,1,0,1,0,0,0,1,0,0,0,1,1,1,0,0,Food Poisoning
0,1,0,0,0,0,1,0,1,0,0,0,1,1,1,0,0,0,1,1,1,0,0,0,0,1,Dengue
0,0,0,1,0,1,0,1,1,1,1,1,0,0,0,0,1,0,1,0,1,0,1,0,1,0,Conjunctivitis
0,1,0,1,1,0,0,1,0,0,0,0,1,1,1,0,0,1,0,0,1,0,0,0,0,1,Hepatitis
0,0,1,1,0,0,0,1,0,0,0,1,0,1,1,0,0,0,0,0,1,1,1,1,1,0,Malaria
0,1,0,0,1,1,1,1,0,0,1,0,0,0,1,0,1,0,1,0,0,0,0,0,0,1,Bronchitis
1,1,0,1,1,0,1,1,1,0,1,1,1,1,0,0,1,0,0,1,1,0,1,1,0,0,Tuberculosis
0,0,0,1,0,1,1,0,0,0,0,0,1,1,0,1,0,1,0,1,1,0,0,1,1,0,Chickenpox
0,0,0,0,0,1,0,1,0,0,1,0,1,0,1,0,0,1,0,1,1,1,0,1,0,0,Gastroenteritis
0,1,0,1,1,0,0,1,1,0,0,1,1,1,1,1,0,1,0,0,1,0,0,0,0,0,Pneumonia
0,0,1,0,0,1,0,0,1,0,0,0,0,1,0,0,0,1,0,0,0,1,1,0,0,0,Gastroenteritis
0,0,0,0,1,0,0,0,0,1,0,1,1,1,0,0,0,1,1,1,0,0,0,0,0,1,Appendicitis
1,0,1,1,0,1,1,0,1,0,0,1,0,0,0,0,1,0,0,0,1,1,0,0,0,1,Dengue
1,0,1,0,1,0,1,1,0,0,0,1,0,1,1,0,0,1,1,1,1,1,0,0,0,1,UTI
0,0,0,1,0,0,0,1,1,0,1,1,1,1,1,1,1,1,0,1,0,0,0,0,1,0,Migraine
1,1,1,1,1,1,0,1,0,1,0,1,1,0,0,1,0,0,1,1,0,0,0,1,1,1,Pneumonia
0,1,0,0,0,0,1,0,0,0,1,1,1,1,0,1,1,1,0,0,0,1,0,0,0,1,UTI
0,1,0,1,0,0,1,0,1,1,1,1,1,0,1,1,1,0,0,0,0,0,1,1,0,0,Influenza
0,0,1,0,1,0,1,0,1,1,1,1,1,0,1,0,1,1,1,1,1,1,1,1,1,1,Bronchitis
1,1,0,1,0,1,0,0,0,1,1,1,1,1,1,1,0,0,0,0,0,1,1,0,0,1,Food Poisoning
1,0,1,0,1,0,0,1,1,1,1,0,1,1,1,1,0,1,0,1,0,1,0,0,1,0,COVID-19
0,1,0,0,1,1,1,1,0,0,0,0,0,0,1,0,1,0,1,0,1,0,0,0,0,0,Conjunctivitis
0,0,1,0,1,1,1,0,1,0,0,1,1,0,0,1,1,0,0,0,1,0,1,0,0,1,Conjunctivitis
1,0,0,0,0,0,1,0,1,0,0,1,1,0,0,0,0,1,1,1,1,1,0,1,0,0,Common Cold
1,1,0,1,0,1,1,0,0,1,0,0,0,0,0,0,1,1,1,1,0,0,0,0,1,0,Typhoid
0,0,0,1,1,0,1,1,0,1,1,0,0,1,0,0,1,1,1,0,0,1,1,0,1,0,Gastroenteritis
1,1,0,0,0,1,0,0,1,1,1,1,1,1,1,0,1,1,0,1,0,0,1,1,1,0,Migraine
0,1,0,1,1,1,1,0,1,1,1,1,0,0,1,1,1,1,0,1,0,1,0,0,1,1,Food Poisoning
0,0,0,0,1,1,0,1,1,0,0,0,1,0,1,0,1,1,1,1,0,0,1,0,0,0,Influenza
0,0,1,0,0,0,1,0,1,0,0,1,0,0,0,1,1,1,0,0,1,0,0,1,1,1,Food Poisoning
0,0,0,0,0,1,0,0,0,1,0,0,1,0,0,0,0,0,1,0,1,0,0,1,1,1,Conjunctivitis
1,0,0,0,1,0,1,0,0,0,1,0,1,1,1,0,1,1,0,1,1,0,0,0,0,0,Influenza
1,1,0,1,0,1,1,0,0,0,0,1,0,0,1,0,0,0,0,0,1,0,1,1,0,1,Chickenpox
1,1,1,1,1,1,1,0,0,0,1,1,1,1,0,1,0,1,1,1,1,0,1,1,0,0,Gastroenteritis
0,1,1,1,0,1,0,1,0,0,1,1,1,1,0,1,0,1,1,0,1,1,0,1,0,0,Dengue
1,0,0,1,1,0,0,1,0,1,1,0,0,0,1,1,1,0,1,0,1,1,0,1,0,0,Typhoid
0,0,1,0,0,1,1,1,0,1,0,1,1,0,0,0,0,0,0,1,1,0,1,0,0,1,Pneumonia
1,1,1,0,0,1,1,1,1,1,0,0,1,1,0,0,0,1,0,1,0,0,1,1,0,1,Tuberculosis
1,0,0,0,0,0,1,0,1,0,1,0,0,0,0,1,1,0,1,0,0,0,0,1,1,0,Common Cold
1,1,1,0,1,1,0,0,0,0,0,1,1,1,1,0,0,1,0,1,1,0,0,1,1,0,UTI
0,1,0,1,1,1,0,1,0,0,1,1,1,0,0,0,1,0,1,0,0,0,0,1,1,1,Dengue
0,1,1,0,0,1,0,0,0,1,1,1,0,1,0,0,1,1,1,0,0,1,1,1,0,1,Conjunctivitis
1,1,0,1,0,1,0,1,1,0,1,0,1,1,1,0,1,0,0,0,1,0,1,0,0,0,Dengue
0,1,0,1,0,0,1,1,1,1,1,1,1,0,1,1,1,0,1,1,0,1,0,0,1,0,COVID-19
0,0,0,0,1,1,0,1,1,1,1,0,1,0,1,0,1,1,1,1,1,1,1,0,1,0,Common Cold
0,1,0,1,1,1,0,0,0,0,0,0,0,1,1,1,0,1,1,1,0,1,1,1,1,0,Heart Disease
1,1,0,0,1,0,0,0,0,1,1,1,0,0,1,0,1,0,1,1,0,1,0,1,1,0,Conjunctivitis
1,0,0,1,0,1,0,1,0,0,1,0,1,0,1,0,0,1,0,0,1,0,1,0,0,1,Malaria
1,0,0,0,0,0,1,1,0,0,0,1,0,1,0,1,1,1,1,0,1,1,0,0,0,1,Common Cold
1,0,1,0,0,0,0,0,1,1,1,1,0,1,0,1,0,0,0,1,0,1,0,0,0,1,Appendicitis
0,1,0,0,1,1,1,0,0,0,0,1,0,1,0,0,1,1,1,1,1,1,0,0,0,1,Bronchitis
0,0,1,1,1,1,1,1,1,0,1,1,0,1,0,0,1,0,0,1,0,0,0,1,1,1,Food Poisoning
1,1,0,1,1,1,0,1,1,0,1,1,1,0,1,0,0,1,0,1,0,1,1,1,0,0,Appendicitis
0,0,0,1,0,1,0,1,1,1,1,1,1,0,1,1,0,0,0,1,1,0,1,1,0,1,Dengue
0,0,1,1,1,0,0,1,0,1,1,1,0,1,0,1,1,1,1,1,1,0,0,0,0,0,Pneumonia
1,1,0,1,0,1,0,1,0,0,1,1,1,0,1,1,0,1,0,0,1,1,1,1,0,0,Food Poisoning
0,0,1,0,1,0,1,0,1,1,1,1,0,1,0,0,1,0,1,0,1,0,0,0,1,1,Meningitis
0,1,1,1,1,1,0,0,0,0,1,1,0,1,1,0,1,1,1,1,0,1,0,0,1,0,Dengue
1,1,1,1,1,1,1,0,1,1,1,1,0,0,0,0,0,0,1,1,1,1,0,0,1,1,Asthma
1,1,1,1,1,0,0,0,0,1,0,0,0,1,0,1,1,1,1,0,1,0,0,0,0,0,Pneumonia
1,1,0,0,0,0,1,1,0,1,0,1,0,0,0,1,0,1,0,0,0,1,1,0,0,1,Common Cold
0,0,0,0,1,1,0,1,1,0,1,0,1,0,0,0,0,0,1,0,0,1,1,0,0,0,Food Poisoning
1,0,0,0,1,1,0,0,1,0,1,0,1,1,1,0,0,0,1,1,1,0,0,0,0,1,Dengue
0,1,1,0,0,0,1,0,0,0,1,0,0,0,1,1,0,1,1,1,0,1,1,0,0,0,Meningitis
0,1,1,1,1,0,1,0,1,0,1,1,1,0,1,1,0,1,1,0,0,1,0,0,1,1,Influenza
1,1,1,0,0,0,0,1,1,1,1,1,1,0,0,1,0,0,1,1,1,1,0,0,1,1,Meningitis
0,1,1,1,0,1,0,0,0,0,1,1,0,1,0,0,0,0,0,0,1,1,0,0,0,0,Pneumonia
1,0,1,0,0,0,0,0,0,1,0,1,0,0,1,0,0,1,1,1,0,1,1,1,1,1,Asthma
1,1,0,0,0,0,1,1,1,0,0,0,1,1,1,1,0,0,1,1,1,1,0,1,0,1,Pneumonia
1,1,1,1,1,1,0,1,0,1,0,1,1,0,0,1,0,1,1,0,1,1,1,0,0,1,COVID-19
0,1,0,0,1,0,1,0,0,0,1,0,1,0,1,1,0,1,1,0,0,1,0,1,0,0,Migraine
0,1,0,1,1,1,0,1,0,0,1,1,0,1,0,0,0,0,1,1,0,0,0,1,0,1,Hepatitis
0,0,0,0,1,0,1,0,0,0,1,1,1,1,1,0,0,0,0,1,0,1,0,1,0,0,COVID-19
1,1,0,0,1,1,1,0,0,0,1,0,1,0,1,1,1,0,0,1,1,1,1,0,1,1,Common Cold
1,0,0,0,0,0,1,1,1,0,1,0,1,0,0,1,1,0,0,1,1,1,1,0,0,0,Gastroenteritis
1,0,0,1,1,0,0,0,1,1,0,0,0,1,1,1,0,0,0,1,1,1,1,1,1,1,Heart Disease
0,0,1,1,0,0,1,0,1,0,0,1,1,1,1,1,1,1,0,0,1,0,0,0,0,1,Heart Disease
1,1,1,1,1,0,0,1,0,1,1,1,0,0,1,0,0,1,0,1,0,0,1,0,0,0,Conjunctivitis
0,0,1,0,0,1,1,0,0,1,0,1,0,1,0,0,1,1,0,0,1,0,1,0,1,1,COVID-19
0,1,0,0,1,0,0,0,0,1,0,0,1,0,0,0,0,0,1,1,1,1,1,1,0,1,Dengue
1,0,0,1,0,1,0,1,0,1,1,1,1,0,1,1,1,1,1,1,0,0,0,0,0,1,Hepatitis
1,1,1,1,0,0,0,0,0,1,0,1,0,1,0,1,0,0,1,0,1,0,1,1,1,1,Migraine
0,1,0,1,0,0,1,1,0,0,1,1,1,1,1,0,1,0,0,0,0,1,1,0,0,0,Chickenpox
0,0,0,0,0,1,1,0,1,0,1,1,0,1,1,0,1,1,1,1,1,1,0,0,1,0,Malaria
1,0,1,0,1,1,1,0,1,0,1,1,0,1,0,0,1,0,1,1,1,1,0,0,0,0,Typhoid
1,1,0,0,0,1,0,1,0,1,0,1,0,0,0,0,1,0,0,0,1,0,1,0,0,0,Pneumonia
1,0,0,0,0,1,0,0,0,1,1,1,1,1,0,1,1,1,1,0,1,0,1,1,0,0,Typhoid
0,0,0,0,0,1,0,1,1,0,0,0,0,0,0,0,0,0,1,0,0,1,0,1,1,1,Common Cold
1,0,1,1,1,0,1,1,0,0,1,1,0,0,0,0,1,0,0,1,0,1,1,1,0,1,Chickenpox
1,0,0,1,0,0,1,0,1,1,0,0,1,0,0,1,1,1,1,1,0,1,0,0,0,0,Influenza
0,1,1,0,1,0,1,1,0,1,1,0,1,0,0,0,1,0,0,1,0,1,1,0,0,1,Malaria
0,1,1,0,1,1,0,0,0,0,0,0,0,0,0,0,1,1,0,1,0,1,0,1,1,0,Malaria
0,0,0,1,0,0,0,1,1,1,0,1,0,1,1,1,1,1,1,1,1,1,0,1,1,1,COVID-19
0,0,0,1,0,1,0,1,0,0,0,1,0,1,0,0,1,0,1,1,1,0,1,0,0,1,Appendicitis
0,0,1,1,0,0,0,1,1,0,1,1,1,1,0,1,0,0,0,0,0,1,0,0,0,0,COVID-19
0,0,0,0,0,1,1,1,1,1,0,0,1,1,1,0,1,1,0,1,1,0,0,1,0,0,COVID-19
1,0,1,1,1,1,0,0,1,1,1,0,0,1,0,0,1,0,1,1,1,1,0,1,0,0,Meningitis
0,0,1,0,1,1,1,1,0,1,0,1,0,1,1,1,0,1,0,0,0,1,0,0,1,1,Influenza
0,0,0,1,0,1,1,1,1,0,0,1,1,1,1,0,0,0,0,1,1,0,1,1,1,1,COVID-19
0,1,1,0,0,1,0,0,1,1,1,1,0,0,1,1,1,0,1,0,0,1,0,0,0,0,UTI
0,0,1,1,1,1,0,1,0,1,1,1,1,1,1,0,1,0,1,0,1,1,1,0,1,1,Heart Disease
0,0,1,0,0,0,1,1,0,1,1,0,1,0,0,1,1,1,0,1,0,0,0,0,0,0,Dengue
1,0,1,0,1,0,0,1,1,1,1,1,1,0,1,0,0,0,0,0,0,0,0,1,0,1,Pneumonia
1,0,1,1,0,1,0,1,1,0,1,0,1,1,1,0,0,1,1,1,0,1,1,0,1,1,COVID-19
1,0,0,0,0,0,1,0,0,1,0,0,0,1,0,1,0,0,0,1,1,1,0,0,1,0,Heart Disease
1,1,0,1,1,0,0,1,0,0,1,0,1,0,1,0,1,1,1,1,1,0,0,0,1,0,Food Poisoning
1,0,1,1,1,1,1,0,0,0,1,0,1,1,0,1,0,0,0,1,0,1,1,0,1,1,Bronchitis
1,1,0,1,0,1,0,0,1,0,1,1,0,1,1,1,1,0,0,1,1,0,0,0,0,0,Conjunctivitis
0,0,1,0,1,1,0,0,1,1,0,0,1,0,1,0,1,1,1,0,0,1,1,0,1,1,Hepatitis
0,0,0,1,0,1,1,0,0,0,0,1,0,1,1,1,0,0,0,0,0,1,1,1,0,1,UTI
0,0,1,1,1,1,0,1,0,0,1,0,1,0,1,0,1,1,1,0,0,1,0,1,0,1,Dengue
1,0,1,1,0,0,0,0,1,0,0,0,1,1,0,0,0,0,1,1,1,0,0,1,1,0,UTI
0,1,1,0,0,1,1,0,1,1,0,1,1,0,1,0,1,1,0,0,0,1,1,0,1,0,Bronchitis
1,0,0,0,1,1,0,1,0,1,1,1,0,1,0,1,1,0,1,1,0,0,1,1,1,1,Arthritis
1,1,0,0,1,0,0,1,0,1,0,1,1,1,0,0,0,0,0,0,1,1,1,1,1,1,Migraine
0,0,0,1,1,1,0,0,1,1,1,1,0,1,0,1,1,0,0,0,0,1,1,1,0,1,Conjunctivitis
0,0,0,1,0,0,0,1,0,1,1,0,0,0,0,0,0,0,0,0,0,0,1,1,0,0,Hepatitis
0,0,1,0,1,0,1,0,1,0,1,0,0,0,1,1,0,1,1,1,0,1,1,1,1,1,Meningitis
1,0,0,0,1,0,0,0,1,0,0,1,1,0,1,1,0,1,0,0,0,1,1,0,1,1,Food Poisoning
0,1,1,1,1,0,1,0,0,1,1,1,1,1,1,1,1,0,1,0,1,1,0,0,1,0,Gastroenteritis
0,0,0,1,0,1,0,0,0,1,0,0,0,1,0,0,0,1,0,0,1,0,1,1,0,0,Arthritis
1,0,0,1,0,1,1,0,1,0,1,1,0,1,1,0,0,0,1,1,1,0,1,0,1,0,Heart Disease
0,0,0,0,0,0,0,1,0,0,0,1,0,0,1,1,1,1,0,0,0,0,1,0,1,0,UTI
0,0,1,0,1,1,0,0,0,1,1,0,0,0,1,0,1,0,1,1,1,1,0,1,1,1,Appendicitis
1,1,1,0,1,0,0,0,0,0,0,1,1,0,0,0,1,0,0,1,1,0,0,0,0,0,Pneumonia
1,1,1,1,0,1,1,0,0,1,0,1,0,0,1,1,1,1,1,1,1,1,1,1,1,0,UTI
1,0,0,1,0,1,1,0,1,1,0,0,1,1,1,1,1,1,1,0,0,1,0,1,0,1,Pneumonia
0,0,1,0,1,1,0,0,1,0,0,1,0,1,0,0,1,0,1,0,1,0,0,0,1,0,Gastroenteritis
0,0,0,1,1,0,0,0,1,0,1,0,0,1,0,1,0,1,1,0,0,1,0,0,0,0,Gastroenteritis
0,1,0,0,1,0,1,0,1,0,0,1,1,0,0,1,1,1,1,1,1,1,0,0,0,1,Migraine
1,1,0,0,1,0,1,0,0,1,0,1,1,0,1,0,0,1,1,1,1,1,1,0,0,1,Dengue
1,1,1,1,0,0,1,1,1,0,0,0,1,1,1,0,1,0,0,1,1,0,0,1,0,0,Malaria
1,0,1,0,1,0,0,1,1,1,0,1,0,0,0,1,1,0,0,1,0,1,1,1,1,0,Influenza
1,0,1,0,0,0,0,1,0,1,0,0,1,1,1,1,0,0,1,0,0,0,0,1,0,0,Common Cold
0,0,1,0,1,1,1,1,0,1,0,1,1,0,0,1,0,0,0,0,0,0,0,1,0,1,Tuberculosis
1,1,0,1,1,1,1,0,1,1,1,1,1,0,0,1,0,1,0,1,1,0,1,1,0,0,Tuberculosis
0,0,1,0,1,1,1,0,0,0,0,0,0,0,1,1,0,0,1,0,1,1,1,1,0,1,Chickenpox
1,0,1,0,0,0,0,0,1,1,1,1,0,1,1,0,1,1,0,1,1,0,1,0,0,0,Heart Disease
0,0,0,1,0,0,0,1,0,0,1,1,0,0,0,1,0,0,0,1,1,0,0,0,1,1,Meningitis
1,0,1,0,1,0,0,0,1,0,1,1,0,0,0,0,1,1,1,0,1,0,1,1,0,1,Meningitis
1,0,1,0,0,1,1,0,0,1,1,1,0,1,1,0,0,0,1,1,0,1,1,1,0,1,Tuberculosis
0,0,0,0,0,0,0,1,0,0,1,0,0,1,1,1,1,1,1,0,0,0,0,0,1,1,Bronchitis
1,1,1,0,1,0,1,0,1,1,0,0,0,0,0,1,1,1,1,1,1,1,1,0,1,1,Influenza
0,0,0,0,1,1,1,1,0,0,0,1,0,0,0,0,0,0,1,1,0,0,0,0,1,0,Malaria
1,1,1,0,1,0,1,0,0,0,1,1,0,1,0,1,1,1,0,0,1,1,1,0,1,1,Chickenpox
1,1,1,1,1,1,0,1,0,1,0,1,1,1,0,0,1,1,1,1,0,1,0,0,0,1,Influenza
0,1,0,0,0,1,0,0,1,1,1,1,0,1,1,1,1,1,0,0,1,0,0,0,1,1,Pneumonia
1,0,1,1,0,0,0,1,1,0,1,0,1,0,0,1,0,1,1,1,1,0,0,0,1,0,COVID-19
0,1,0,0,0,1,1,1,1,1,1,1,1,1,1,1,0,0,1,1,1,1,1,1,1,1,Chickenpox
0,1,0,0,1,0,0,1,1,0,0,0,0,1,1,0,1,1,0,0,0,0,1,0,1,0,COVID-19
0,1,1,1,1,1,0,0,1,0,1,1,1,1,0,0,0,0,1,1,0,0,1,1,1,0,Chickenpox
1,0,0,1,0,0,1,0,0,0,1,1,1,1,1,1,1,0,1,1,0,0,0,1,1,0,Asthma
0,1,1,1,1,0,1,0,1,0,1,0,0,0,1,0,0,0,1,0,1,1,1,1,1,0,Malaria
1,0,1,0,0,0,1,1,1,0,1,0,0,0,1,1,1,0,1,0,1,0,0,0,0,0,COVID-19
0,0,1,1,0,0,0,0,0,1,1,1,0,1,0,1,1,0,1,1,0,0,1,1,1,0,Conjunctivitis
1,1,1,0,1,0,1,0,1,0,1,0,1,1,0,1,0,0,1,0,0,1,0,1,1,1,UTI
0,1,1,1,0,0,1,0,0,0,0,1,1,0,1,1,0,1,1,1,0,0,1,0,1,1,Meningitis
0,1,0,0,0,1,0,0,1,1,1,1,0,1,0,1,0,0,1,1,0,1,0,0,1,0,Heart Disease
0,1,0,0,1,0,0,1,0,0,0,0,0,1,0,0,0,1,1,0,1,0,1,1,0,1,Migraine
0,1,0,1,1,0,0,0,1,1,0,0,1,0,0,1,1,1,1,0,1,1,1,1,1,0,Malaria
1,0,0,0,1,0,0,1,0,1,0,1,0,0,1,1,0,0,1,1,1,1,1,0,0,1,Hepatitis
0,1,1,1,1,0,0,1,0,1,0,1,0,0,0,0,0,1,0,0,1,1,0,0,0,1,Influenza
0,1,0,1,0,1,0,1,0,1,0,0,0,0,1,0,1,1,0,1,0,0,0,1,1,1,Arthritis
0,1,0,0,1,1,0,0,1,0,1,1,1,1,1,0,0,0,0,0,1,0,1,1,1,1,Meningitis
0,1,1,1,1,1,0,1,1,1,1,1,0,1,1,0,1,1,0,0,0,0,0,1,0,0,Migraine
1,0,0,1,1,0,0,0,1,1,1,1,0,1,1,1,0,0,1,0,1,0,1,0,0,0,Conjunctivitis
0,1,0,1,0,0,1,1,1,0,1,0,1,0,0,0,0,0,0,0,1,0,0,1,0,1,Typhoid
0,1,1,0,0,0,1,0,1,0,1,1,0,0,1,0,0,1,1,0,1,1,0,0,1,1,UTI
0,1,1,0,0,1,0,1,0,1,0,1,0,1,0,0,0,1,0,0,0,1,0,0,0,0,Bronchitis
0,0,0,0,0,1,1,1,1,0,1,0,1,0,1,1,0,1,1,0,1,1,0,1,1,0,Food Poisoning
0,1,1,1,0,0,0,0,0,1,1,0,1,0,0,0,0,1,0,0,1,1,0,0,0,1,Chickenpox
1,1,1,1,1,0,0,1,0,1,1,1,0,0,0,0,0,1,1,0,1,0,1,1,1,1,Appendicitis
1,0,1,1,0,1,0,0,1,1,1,1,1,0,1,1,0,0,1,0,1,0,0,1,1,0,Hepatitis
0,1,1,1,0,0,0,1,0,0,1,0,1,0,0,1,1,0,1,1,1,0,0,0,1,0,Tuberculosis
0,0,1,0,1,1,0,1,0,0,0,0,0,0,1,1,0,0,1,0,0,0,0,0,0,1,Asthma
1,0,0,1,1,1,1,1,1,0,0,1,1,1,0,0,1,0,1,0,1,1,0,0,0,0,Tuberculosis
1,1,1,0,1,0,1,1,0,1,1,0,1,1,0,1,1,1,0,0,0,1,0,1,1,0,Migraine
1,1,1,1,1,0,1,0,1,0,0,0,0,0,1,0,0,1,0,1,0,0,1,0,0,1,Food Poisoning
1,0,0,1,0,1,1,0,1,0,1,1,1,0,0,0,0,0,1,0,0,0,1,1,1,1,Hepatitis
1,1,1,0,1,0,0,0,0,0,1,0,0,0,1,0,0,0,1,0,1,1,0,1,1,0,Migraine
0,0,1,1,1,0,1,1,1,1,1,0,0,0,0,0,0,1,0,1,0,1,0,1,0,0,COVID-19
0,1,1,0,1,1,1,1,1,0,0,0,0,1,1,1,1,1,0,1,1,0,0,1,0,0,Tuberculosis
0,0,0,0,1,1,1,0,0,1,0,0,1,0,0,1,0,0,1,0,0,0,0,0,0,1,Malaria
1,1,1,1,1,0,1,1,0,0,1,0,0,0,1,1,1,0,0,0,0,0,1,0,0,1,Influenza
1,1,0,0,1,0,0,0,0,1,0,0,0,0,1,1,0,1,0,1,0,0,0,0,1,1,UTI
1,1,1,1,0,1,1,0,0,1,1,0,1,1,0,1,0,1,1,1,0,1,1,1,1,0,Migraine
1,1,1,0,0,1,0,0,0,1,0,0,0,1,0,0,0,0,1,0,0,0,0,0,0,1,Typhoid
0,1,0,1,0,1,1,0,1,1,1,1,0,1,0,1,1,0,0,1,1,0,1,0,1,0,COVID-19
0,0,1,0,0,0,0,0,1,0,1,1,0,0,0,1,1,0,1,0,0,0,1,0,0,0,Pneumonia
1,0,0,0,1,0,0,1,0,1,1,1,0,1,0,0,1,0,1,0,1,0,0,1,0,1,Heart Disease
0,0,0,0,1,0,0,1,0,1,1,1,0,1,0,0,1,1,1,0,1,1,0,0,0,1,Chickenpox
1,1,0,1,0,1,0,0,1,0,1,0,0,1,1,0,1,1,0,0,0,0,0,1,0,0,Influenza
1,1,1,0,0,0,1,0,1,0,1,1,1,1,0,1,1,0,0,0,0,0,1,0,1,0,Common Cold
1,0,0,1,1,1,1,1,0,0,1,0,1,1,0,1,1,0,1,0,0,0,1,0,1,0,Migraine
0,0,0,1,0,1,1,0,0,1,1,0,1,1,1,1,0,0,1,1,1,0,1,0,1,0,Gastroenteritis
1,1,0,1,0,1,0,1,1,0,1,0,0,0,1,1,0,0,1,1,1,1,0,1,1,1,Arthritis
0,0,0,0,0,0,1,1,0,1,0,0,1,0,1,1,0,0,1,1,0,1,1,0,1,0,Heart Disease
0,1,0,1,0,1,0,1,1,1,1,1,1,1,1,1,1,1,0,0,1,1,0,0,1,0,Appendicitis
0,1,0,1,0,1,1,0,0,1,0,1,1,1,0,1,0,0,0,1,0,0,1,1,1,0,Hepatitis
1,0,0,0,0,1,0,0,1,0,1,0,0,1,1,1,0,0,1,1,1,0,0,0,1,1,Dengue
1,0,1,0,1,1,0,1,1,1,0,1,0,0,1,1,1,0,1,0,0,1,0,1,0,1,Pneumonia
0,1,1,1,1,1,1,0,0,0,0,0,0,0,1,1,0,1,1,0,1,0,0,0,0,1,Tuberculosis
1,1,1,1,0,1,1,1,1,1,1,0,0,1,1,0,1,0,0,0,0,1,1,1,0,0,Common Cold
1,1,1,0,0,0,0,0,0,0,1,1,0,0,0,1,1,1,0,1,0,0,0,1,0,0,Malaria
1,0,0,0,0,0,0,1,0,1,1,1,1,0,0,1,0,1,1,1,0,1,1,1,0,0,Food Poisoning
1,0,0,0,1,1,0,0,0,1,0,0,0,1,0,0,1,1,1,1,1,0,1,1,0,0,Arthritis
0,0,1,1,0,1,0,1,1,0,0,0,0,1,1,0,1,1,0,1,1,1,0,1,0,1,Arthritis
0,1,0,1,0,1,1,0,0,1,0,1,1,0,0,0,1,0,1,1,0,1,0,0,0,1,Tuberculosis
0,0,1,0,1,1,0,0,0,1,1,0,1,0,0,1,0,1,0,1,0,1,0,0,0,0,Common Cold
1,1,1,1,0,0,0,1,0,1,0,0,1,1,1,1,1,0,1,0,0,1,1,1,1,1,Gastroenteritis
1,1,0,1,0,1,0,1,0,0,1,1,1,0,1,0,0,1,1,0,0,0,0,0,1,1,Malaria
0,0,1,1,0,1,1,0,1,1,1,0,0,0,0,0,0,1,0,0,1,1,1,1,1,0,Influenza
0,0,1,1,0,0,1,0,1,0,1,0,0,1,0,1,0,0,1,1,1,0,1,1,1,1,Dengue
0,0,1,1,1,1,0,0,1,0,1,1,1,0,0,1,0,0,1,1,1,0,0,0,0,1,UTI
1,1,0,0,0,1,1,1,1,1,1,0,0,1,1,0,1,0,0,1,0,1,1,0,0,0,Gastroenteritis
0,1,1,0,1,0,1,1,1,1,0,0,0,1,0,1,1,1,1,1,0,1,1,0,1,1,Hepatitis
0,1,1,1,0,1,0,1,1,0,1,1,1,1,1,1,1,0,1,1,0,1,1,0,0,1,Typhoid
0,1,0,0,1,1,1,1,1,1,0,0,1,0,0,1,1,0,0,0,0,0,0,0,0,0,COVID-19
1,0,0,0,1,0,0,1,0,1,0,0,0,0,1,1,1,1,1,1,1,1,1,1,0,1,Hepatitis
0,1,0,0,1,0,0,1,0,1,1,1,1,0,0,1,0,0,0,1,1,1,0,0,0,1,Heart Disease
1,0,0,0,1,0,1,0,0,1,0,1,1,1,0,0,1,1,1,1,0,0,0,0,1,0,Arthritis
0,1,0,0,0,0,0,0,1,1,1,1,1,1,1,0,1,0,0,0,0,1,0,0,0,0,UTI
1,0,0,0,0,1,0,0,1,1,1,1,0,1,1,0,1,1,1,1,1,0,1,0,0,1,Dengue
0,1,1,0,1,1,1,1,0,0,1,0,0,0,1,1,1,0,0,0,1,0,0,1,1,0,Heart Disease
1,1,0,0,1,1,1,0,1,0,1,0,0,0,1,0,1,0,0,1,0,0,1,0,0,0,Dengue
1,0,1,0,1,0,1,0,1,0,0,1,1,0,0,1,1,1,1,1,1,1,0,1,1,1,Influenza
0,1,0,1,0,0,0,0,1,1,1,0,1,0,0,1,0,0,0,1,1,1,1,0,1,1,Malaria
0,1,0,1,1,0,1,0,0,0,0,1,1,1,1,0,0,1,0,1,0,0,0,0,1,0,Common Cold
1,0,0,0,1,0,0,0,0,1,0,0,1,0,1,1,1,0,0,0,0,1,1,1,0,0,Malaria
1,1,0,0,0,0,1,1,0,0,1,1,1,1,0,0,1,1,0,1,1,1,1,1,1,0,Chickenpox
1,0,1,0,1,1,0,0,1,0,0,1,1,1,1,1,1,1,0,0,1,0,1,1,1,1,Common Cold
1,0,1,0,1,1,1,0,0,0,1,0,0,1,1,0,1,0,1,1,0,1,0,1,1,1,Bronchitis
1,1,1,0,1,1,1,0,1,0,0,0,0,0,0,0,0,1,1,1,1,0,1,0,0,0,Dengue
1,0,0,0,0,1,0,0,0,1,1,0,1,0,1,1,1,1,1,0,0,0,1,0,1,0,Pneumonia
0,0,0,0,1,1,1,1,1,1,0,1,1,1,0,1,1,1,0,0,0,1,0,0,1,1,Heart Disease
1,1,0,0,1,0,0,1,1,1,0,0,0,1,1,0,0,1,1,1,0,0,0,0,1,0,Meningitis
0,1,0,0,1,0,0,0,1,1,1,1,1,1,0,0,1,1,1,1,0,1,1,0,0,0,Arthritis
1,0,0,0,1,0,1,0,0,1,1,0,0,1,1,0,0,1,0,0,1,0,0,0,0,0,COVID-19
0,1,1,0,0,1,1,0,1,0,1,1,0,1,1,0,0,1,1,1,0,0,0,1,1,0,Heart Disease
1,0,0,0,1,0,0,1,0,0,1,0,1,1,1,0,1,1,1,1,0,0,1,1,1,0,Malaria
1,1,1,0,1,0,0,1,0,1,1,1,0,0,1,1,1,1,1,0,1,0,1,0,1,0,Malaria
0,1,1,0,1,0,0,1,0,1,0,1,1,1,1,0,1,0,1,0,0,0,1,0,1,0,Conjunctivitis
0,0,1,1,1,1,0,1,0,0,1,0,1,1,1,1,1,1,0,1,0,1,1,0,1,1,Migraine
1,0,1,0,1,1,0,1,0,1,1,1,1,0,1,1,1,1,1,1,0,0,0,1,0,0,Influenza
0,0,0,1,0,0,0,0,0,0,0,1,0,1,0,1,1,1,0,0,0,0,0,1,1,0,Malaria
0,1,1,0,1,1,1,1,0,1,1,1,1,1,0,0,0,0,0,0,1,0,1,1,1,1,Bronchitis
0,0,1,0,1,0,0,1,1,1,0,1,0,1,1,0,1,1,0,1,1,1,0,1,0,0,Food Poisoning
0,1,1,0,1,1,1,0,1,0,1,0,0,0,0,0,1,1,0,1,0,1,1,1,1,0,Food Poisoning
0,1,0,0,0,1,0,0,1,0,0,0,0,1,0,1,1,0,0,0,0,0,1,0,1,1,Influenza
1,0,0,1,0,0,0,1,1,0,1,0,0,0,0,1,1,0,1,0,0,0,0,0,1,0,COVID-19
1,1,1,1,0,0,0,1,1,0,0,0,0,1,1,0,0,1,0,0,0,1,1,0,1,0,Heart Disease
0,0,1,0,1,1,0,0,1,0,0,1,0,1,1,0,0,0,0,0,1,1,1,0,0,0,Asthma
0,1,0,0,0,1,0,1,0,0,0,0,1,0,1,1,1,0,0,0,1,1,1,1,1,0,Common Cold
0,1,1,1,0,0,0,1,1,1,1,1,1,0,0,0,0,0,0,1,0,1,0,1,1,1,Meningitis
0,0,0,0,1,1,0,1,1,0,1,1,1,0,1,1,1,1,1,0,0,1,0,1,1,1,Common Cold
0,1,1,1,0,1,0,0,0,1,0,0,1,0,1,1,1,1,1,0,1,0,0,0,0,0,Common Cold
0,0,0,0,1,1,0,0,1,0,0,1,0,1,1,0,1,0,1,0,0,0,1,1,1,1,Conjunctivitis
1,0,1,1,0,0,1,0,1,0,0,0,0,1,1,0,1,0,0,0,1,0,0,1,1,0,Bronchitis
0,1,0,0,0,1,0,0,0,0,1,0,1,1,1,1,1,0,1,0,0,0,1,1,0,0,Malaria
1,0,0,0,0,1,1,1,1,0,0,0,1,1,1,0,1,1,1,1,0,1,1,1,1,0,Influenza
0,1,1,1,0,0,1,1,1,1,1,1,1,0,0,1,1,1,1,0,0,0,0,1,1,0,Bronchitis
0,0,0,0,0,0,0,1,1,0,1,0,1,0,1,1,0,0,0,0,0,0,0,0,0,1,Dengue
0,0,1,0,0,1,1,0,1,0,1,1,1,0,1,1,0,0,1,0,1,1,1,0,0,1,Malaria
0,1,0,0,0,1,0,0,1,0,0,1,1,1,0,0,0,0,0,1,1,1,0,1,0,1,Hepatitis
0,1,0,0,0,1,1,1,0,1,1,0,1,0,1,0,0,1,0,0,1,1,0,1,0,0,Gastroenteritis
0,1,1,0,0,1,1,0,1,1,1,0,0,1,1,0,1,1,0,0,0,1,0,1,0,0,Tuberculosis
0,0,1,1,1,0,0,0,0,0,0,1,1,1,1,0,1,0,1,1,0,1,1,0,0,1,Appendicitis
1,1,0,0,1,1,0,1,0,1,1,0,0,1,0,1,0,1,1,1,0,0,0,1,0,1,COVID-19
1,1,0,0,0,1,0,0,0,1,0,0,1,1,0,1,1,1,0,0,1,0,0,0,1,1,Common Cold
0,1,0,1,0,0,0,0,0,1,1,1,1,0,0,1,1,1,1,1,1,0,1,0,0,0,Influenza
1,0,1,0,1,0,0,0,1,0,1,1,1,1,1,1,1,1,1,1,1,1,0,0,0,0,Appendicitis
1,0,0,1,1,0,0,1,0,0,1,0,0,0,0,0,0,0,0,0,0,0,1,0,0,0,UTI
1,1,0,0,1,0,1,1,1,0,0,1,0,0,1,1,1,1,1,1,1,0,1,1,1,1,Conjunctivitis
0,0,1,1,0,1,1,0,0,1,0,0,0,0,1,1,0,1,1,0,0,0,0,1,0,1,Chickenpox
1,0,0,0,1,1,0,1,1,0,0,0,1,1,1,1,1,1,0,0,1,1,1,1,1,1,Gastroenteritis
1,1,0,1,0,1,0,1,0,0,1,0,0,1,0,1,1,0,0,1,0,0,1,0,1,1,Typhoid
0,0,0,1,1,0,0,1,0,1,0,1,1,0,0,1,1,1,0,1,1,0,1,1,0,0,Asthma
1,1,1,0,0,0,1,0,0,1,0,1,1,0,0,0,0,0,1,0,1,1,1,0,0,0,Chickenpox
1,1,1,1,0,1,1,1,1,0,1,0,0,1,1,0,1,0,0,1,1,0,0,1,0,0,Chickenpox
0,0,1,1,1,0,1,0,1,0,0,1,0,1,1,0,1,0,1,1,0,1,0,1,0,1,Pneumonia
1,1,1,0,1,1,0,0,0,0,1,1,1,0,1,1,0,0,1,1,0,0,1,0,0,1,Heart Disease
1,1,0,1,0,1,0,1,0,0,1,0,1,0,0,0,1,0,0,0,1,1,0,1,1,0,UTI
0,1,0,0,0,1,1,1,1,0,0,0,0,1,0,1,0,0,1,0,0,0,1,1,0,0,Conjunctivitis
1,1,1,1,1,1,1,1,0,1,1,1,0,1,1,1,0,0,1,0,1,1,1,1,1,1,Typhoid
1,0,1,1,0,1,1,1,0,1,0,0,1,1,1,0,0,0,0,1,0,1,0,0,0,0,Food Poisoning
0,0,1,0,0,0,0,1,0,0,1,0,0,0,1,1,0,1,1,1,1,0,1,1,0,0,Malaria
1,0,1,0,1,0,1,1,0,1,0,1,0,0,1,0,1,1,1,0,0,1,1,1,1,0,Arthritis
0,0,1,0,0,1,0,1,0,0,0,1,1,0,1,1,1,1,0,0,1,1,1,0,1,0,Common Cold
1,1,1,1,1,1,0,1,1,0,1,1,0,1,1,0,1,1,1,0,0,0,1,0,0,1,UTI
1,1,1,0,1,0,1,0,0,0,1,1,0,1,1,1,0,1,0,1,0,0,0,0,1,0,Dengue
1,1,1,0,1,1,0,0,1,1,1,0,0,0,1,0,0,0,0,0,1,1,1,1,1,1,Hepatitis
1,1,1,0,0,1,0,1,0,1,1,0,0,0,0,1,1,0,1,1,1,0,1,1,1,1,Tuberculosis
0,1,1,1,0,1,0,1,1,0,0,1,1,1,1,1,1,1,1,1,0,1,1,0,1,0,Tuberculosis
0,0,1,1,1,0,1,1,0,0,1,0,0,1,0,0,1,1,1,1,1,0,1,0,0,0,Asthma
0,1,0,0,0,0,0,1,0,0,0,0,0,1,1,1,1,1,0,0,1,0,0,0,1,0,Pneumonia
0,1,0,1,1,0,0,0,1,1,0,0,1,0,0,0,1,0,1,1,1,0,1,0,0,0,Meningitis
0,0,1,0,1,0,1,0,0,1,1,0,1,0,0,0,1,0,1,1,1,1,0,0,1,1,Asthma
0,0,1,1,1,0,1,1,0,1,1,1,0,0,1,0,1,1,0,1,0,0,0,1,0,1,Typhoid
0,0,1,1,1,1,1,0,0,1,0,0,0,0,1,0,0,0,0,0,1,0,1,0,1,1,Food Poisoning
1,0,1,0,1,0,0,0,0,1,0,1,0,0,0,1,1,0,0,1,0,1,0,1,1,1,Meningitis
1,0,0,1,0,0,0,0,1,0,0,1,1,1,0,1,1,1,1,0,1,0,0,0,0,1,Gastroenteritis
0,0,1,0,1,0,1,1,0,0,0,1,1,1,1,0,1,0,1,1,0,1,1,0,0,1,Food Poisoning
0,1,1,0,0,1,1,0,1,1,0,0,1,1,0,0,1,1,1,0,0,0,1,1,1,1,COVID-19
0,0,1,0,1,1,1,1,1,0,0,1,1,0,0,1,1,0,1,1,1,0,1,1,1,0,Migraine
1,0,0,0,0,0,1,1,0,1,0,0,1,1,1,1,0,1,1,0,0,1,0,1,1,1,Meningitis
1,1,1,0,0,1,1,0,1,0,0,1,0,0,1,0,0,0,0,1,1,0,0,1,0,1,Arthritis
1,0,1,1,1,1,1,1,0,0,1,0,1,1,1,0,1,1,1,0,1,0,1,1,1,0,Common Cold
1,0,0,0,1,0,1,1,0,0,0,0,0,1,1,1,0,1,1,0,0,1,0,0,1,1,Common Cold
1,1,1,1,1,1,0,1,1,1,1,0,0,0,1,1,1,1,1,0,0,0,1,1,0,0,Malaria
1,0,1,0,1,1,1,1,1,1,1,1,1,0,1,0,0,0,0,0,0,1,0,0,0,0,Migraine
1,1,0,1,1,0,1,1,1,0,0,1,0,0,0,0,1,0,0,0,0,1,0,0,1,0,Migraine
0,1,1,1,1,1,0,1,1,1,1,0,1,0,0,1,1,0,0,1,0,1,0,1,1,1,Tuberculosis
1,0,1,0,0,0,1,1,1,0,1,0,1,1,0,1,1,0,0,1,0,1,1,1,0,1,Dengue
1,0,1,1,1,0,1,1,1,1,1,0,1,1,0,0,0,0,0,1,0,0,0,1,0,0,Appendicitis
0,0,1,1,0,0,0,1,0,0,1,0,1,0,1,0,0,0,1,0,0,0,0,0,1,0,Food Poisoning
1,1,0,0,0,0,1,1,0,1,0,1,0,1,0,1,1,0,0,1,1,0,1,0,1,0,UTI
1,0,1,0,0,1,1,0,0,1,1,0,0,1,1,0,1,1,0,0,0,0,1,1,0,1,UTI
0,0,1,0,1,0,1,0,0,0,1,0,1,1,1,0,1,1,1,1,1,0,1,1,0,1,Dengue
0,1,1,1,1,1,0,1,0,0,1,1,1,1,0,1,0,1,1,0,1,0,1,1,1,1,Typhoid
0,1,1,1,0,0,1,0,1,1,0,1,0,0,0,1,1,0,0,1,1,0,1,0,1,0,Appendicitis
0,1,0,1,0,0,1,0,1,0,1,1,0,1,0,1,0,0,1,1,1,1,0,1,1,0,Common Cold
0,1,0,1,1,0,1,0,0,1,0,1,0,0,1,1,0,1,1,0,1,1,1,0,0,0,Meningitis
1,1,1,0,1,1,0,0,0,1,1,0,0,0,0,0,1,0,0,0,1,1,1,0,1,1,Asthma
0,1,1,0,1,0,0,0,0,0,0,0,1,1,0,0,0,0,0,1,1,0,0,1,0,1,Tuberculosis
0,0,1,1,0,0,0,1,1,0,0,0,1,0,1,1,1,1,0,1,1,0,0,0,1,1,COVID-19
1,0,1,0,1,1,0,0,0,0,0,0,0,1,0,1,1,0,1,1,0,1,0,0,0,1,Dengue
1,1,1,0,1,1,1,1,1,1,0,1,1,0,1,1,0,1,1,1,0,1,0,0,0,0,Common Cold
0,0,0,1,1,1,0,0,0,1,1,0,0,0,0,1,1,1,0,1,1,0,1,1,1,0,Chickenpox
0,0,0,1,1,1,0,1,0,0,0,1,1,0,1,0,0,0,1,0,1,1,0,1,0,1,UTI
1,0,0,0,0,1,0,1,1,0,0,0,1,1,1,1,1,1,0,0,0,1,0,0,0,0,Appendicitis
0,1,0,0,1,1,1,0,1,1,1,1,0,0,1,1,0,0,0,1,0,1,0,1,1,1,Arthritis
0,1,1,0,1,1,0,1,0,1,0,1,0,1,1,0,1,1,0,1,1,0,0,0,1,1,Bronchitis
0,1,0,1,0,1,1,0,1,1,0,1,1,0,1,1,1,0,0,0,1,1,0,1,1,0,Dengue
0,0,0,1,1,0,0,0,0,0,1,1,0,1,1,1,0,1,1,1,1,0,0,0,0,0,Typhoid
0,0,1,0,1,0,1,0,1,1,0,0,1,0,1,0,0,0,1,0,0,0,1,0,1,1,Bronchitis
0,1,1,1,1,1,1,0,0,1,1,0,0,1,0,0,1,0,0,0,1,0,1,0,0,1,Bronchitis
0,1,1,0,0,0,1,1,1,0,0,1,0,0,0,1,0,1,1,1,0,1,0,0,0,1,Typhoid
0,1,1,1,0,0,0,0,0,1,0,0,0,0,0,0,0,0,1,1,1,1,1,0,0,1,Bronchitis
1,0,0,0,0,0,0,1,1,0,0,0,0,1,1,1,1,0,0,0,0,1,0,0,0,1,Meningitis
0,1,0,1,0,0,1,1,1,1,1,1,1,0,1,0,1,1,1,1,0,1,1,0,1,0,COVID-19
0,1,1,0,1,0,0,1,1,0,0,1,1,0,1,0,0,1,1,0,1,0,0,1,1,0,Typhoid
0,0,0,0,1,1,1,0,1,1,1,0,0,0,1,1,0,1,0,0,1,0,1,0,1,1,Appendicitis
1,1,1,0,1,1,1,0,1,0,1,1,1,0,1,1,1,0,1,1,1,1,1,0,1,0,Pneumonia
1,1,1,1,0,0,0,0,1,0,1,0,1,1,0,1,0,0,0,0,1,1,0,1,0,0,Food Poisoning
1,1,1,0,1,0,1,1,0,1,1,1,1,0,0,1,0,1,1,1,1,1,0,0,1,1,Hepatitis
0,1,0,1,0,0,1,1,1,0,0,1,0,1,0,0,0,0,0,0,1,1,1,0,0,1,Influenza
0,0,1,1,0,1,0,1,1,1,1,1,1,1,0,1,0,0,1,0,1,1,0,0,1,0,Food Poisoning
1,1,1,0,1,0,0,1,0,1,0,0,1,0,1,0,0,0,1,0,1,0,1,0,0,0,Arthritis
0,0,1,0,0,0,1,1,0,1,0,1,1,1,0,1,1,1,0,1,1,0,0,1,1,1,Hepatitis
0,1,0,1,0,1,1,1,1,0,1,1,0,0,0,1,1,1,0,1,0,1,0,1,1,1,Chickenpox
0,0,0,0,0,1,1,1,1,0,0,0,1,1,1,0,1,0,1,0,1,1,1,0,1,1,Migraine
1,1,0,1,0,0,1,1,1,1,0,1,0,1,0,0,0,0,0,0,0,0,0,0,0,0,Heart Disease
1,0,0,1,0,1,0,0,0,1,1,0,1,1,0,1,0,0,0,1,0,0,1,1,0,1,Tuberculosis
0,0,0,0,1,0,1,0,1,1,0,1,0,1,1,0,0,1,1,1,0,1,0,0,1,1,Asthma
1,0,0,1,0,0,0,0,0,1,0,1,0,1,1,0,0,0,0,0,0,0,1,0,1,1,Tuberculosis
0,1,1,0,0,1,0,0,0,0,0,1,0,0,0,1,0,1,1,0,0,1,0,1,1,1,COVID-19
0,0,1,1,0,0,0,1,0,0,0,1,0,0,0,0,0,1,1,0,1,0,0,0,0,1,Bronchitis
0,0,0,0,0,0,0,0,1,1,0,1,1,0,1,1,0,1,0,1,0,1,1,1,1,1,Conjunctivitis
0,0,1,1,1,1,1,0,1,0,1,0,1,1,1,0,0,0,1,0,0,0,1,0,0,0,Malaria
1,0,0,1,0,1,1,1,1,1,1,1,1,0,1,0,1,0,1,1,1,1,1,0,1,1,Pneumonia
0,1,0,1,0,1,0,0,0,1,0,1,0,0,0,0,1,1,0,1,0,1,0,0,1,0,Meningitis
0,1,1,0,1,1,0,0,1,1,1,1,1,1,0,1,1,0,1,0,0,1,0,0,1,1,Bronchitis
1,1,0,1,1,0,0,1,1,0,0,0,1,0,1,1,1,0,0,1,1,0,0,0,0,0,Heart Disease
1,0,0,1,1,0,1,1,0,1,0,1,1,1,1,1,1,0,0,0,1,1,0,0,1,1,Pneumonia
0,1,1,1,1,1,1,0,1,1,1,1,1,1,0,1,1,0,0,1,0,0,1,1,1,0,Gastroenteritis
1,1,0,1,1,0,0,0,1,0,1,0,1,0,1,0,1,0,1,1,1,1,1,1,1,0,Pneumonia
0,1,1,1,1,1,0,0,0,1,1,0,1,0,1,1,0,0,1,0,1,1,0,1,0,1,Food Poisoning
1,0,1,1,1,0,0,0,0,0,1,0,1,1,1,0,0,1,1,0,1,1,0,0,1,1,Meningitis
1,0,1,0,0,0,1,1,0,1,0,1,1,1,0,0,1,0,1,1,1,1,1,0,0,0,Malaria
1,1,1,0,0,1,0,0,1,1,0,1,1,1,0,0,0,0,0,1,1,0,0,0,1,0,Common Cold
1,0,0,0,1,0,1,1,1,0,1,0,1,1,1,0,1,1,0,1,1,1,0,0,1,1,Gastroenteritis
0,0,0,0,0,1,0,0,0,1,0,1,1,1,1,0,0,1,1,0,1,0,0,1,1,0,Dengue
1,0,0,0,1,0,0,0,1,0,1,1,0,0,0,1,1,0,1,0,0,0,1,1,0,1,Bronchitis
0,1,0,0,0,0,0,0,1,0,0,1,0,0,1,1,0,1,1,1,0,1,1,1,0,1,Chickenpox
0,0,1,0,1,1,0,1,0,0,1,0,1,1,0,0,0,1,0,0,1,1,0,1,1,1,Bronchitis
0,0,1,1,0,1,1,0,0,0,0,0,0,0,0,1,1,0,0,0,1,1,1,0,0,0,Arthritis
0,0,1,1,0,0,0,1,0,1,1,0,1,1,0,0,0,0,1,1,1,0,1,0,0,1,Influenza
0,1,1,1,1,0,0,1,0,0,0,1,0,1,1,0,0,1,1,1,0,1,1,1,0,0,Influenza
1,1,1,1,0,1,0,1,1,1,0,1,1,0,1,0,1,0,1,1,0,0,1,0,0,1,Pneumonia
1,1,0,1,1,0,1,0,0,0,1,0,0,0,0,1,0,0,0,1,0,0,0,0,0,1,Common Cold
0,0,0,1,0,1,0,1,1,1,0,0,1,1,0,1,0,0,1,1,0,1,0,0,1,1,COVID-19
0,0,1,0,0,0,1,0,0,0,1,1,0,0,0,0,0,1,1,1,0,1,0,0,0,1,Dengue
1,0,0,1,1,1,0,0,0,0,0,0,0,0,0,1,1,0,1,1,1,1,0,1,0,0,Asthma
1,0,1,1,0,0,1,1,0,0,0,1,1,0,0,0,1,1,1,1,1,1,1,1,0,1,Appendicitis
0,1,1,1,0,0,1,1,1,1,1,0,0,0,1,1,0,1,0,0,0,1,1,0,1,1,Arthritis
0,0,0,0,0,1,0,0,1,0,0,1,1,0,0,0,0,1,1,0,1,1,1,0,0,1,Pneumonia
0,0,0,1,0,1,1,0,1,1,0,1,1,1,0,1,1,0,0,1,1,0,1,0,0,0,Hepatitis
1,1,0,0,0,0,0,0,1,1,1,1,1,1,0,1,0,0,0,1,1,1,0,1,0,0,Food Poisoning
0,0,1,1,1,0,0,1,0,1,1,1,0,0,0,0,1,1,1,1,1,1,0,1,0,0,Meningitis
1,1,0,0,1,1,1,1,1,1,1,1,1,0,0,0,1,1,1,0,1,0,1,0,1,1,Heart Disease
0,0,1,1,0,1,0,0,1,0,0,1,1,1,0,1,0,1,0,0,1,1,1,1,1,0,Appendicitis
1,0,1,0,0,1,0,1,1,0,1,0,0,1,1,0,0,0,1,0,0,1,1,0,0,0,Conjunctivitis
1,0,0,0,1,1,0,0,0,0,1,0,1,0,0,0,1,0,0,0,0,1,1,0,0,1,Arthritis
1,0,0,0,0,1,0,0,0,0,1,0,0,1,0,1,1,0,1,0,1,0,0,0,0,0,Food Poisoning
0,1,0,0,0,0,0,1,1,1,1,0,0,1,0,0,0,0,1,1,1,1,0,1,1,1,Meningitis
1,1,1,0,0,1,1,0,0,1,0,1,0,1,0,1,0,1,0,0,1,0,0,0,1,1,Hepatitis
1,0,1,0,0,1,1,1,0,0,1,1,0,1,1,1,0,0,1,1,1,1,1,1,0,1,COVID-19
0,1,0,1,1,1,0,0,1,1,1,0,0,1,0,1,0,0,0,1,1,0,0,1,0,0,Hepatitis
0,1,0,1,0,0,1,1,1,0,1,0,0,0,1,1,0,1,0,0,1,1,0,0,0,0,COVID-19
0,0,0,0,1,0,1,1,1,0,0,0,0,0,0,0,0,0,1,1,1,1,0,1,1,0,Meningitis
0,0,1,0,0,0,0,1,0,1,1,1,0,0,0,0,1,1,0,1,1,1,0,0,0,1,Food Poisoning
0,1,1,0,1,0,0,0,0,0,0,1,1,1,1,1,0,0,0,0,0,0,1,1,1,0,Common Cold
0,1,1,1,0,0,0,0,1,1,0,0,1,1,0,0,0,1,0,0,0,1,0,0,0,0,Arthritis
1,0,0,0,1,0,1,1,1,1,0,0,1,1,0,0,1,1,1,1,1,1,1,0,0,1,Asthma
0,1,1,0,1,1,0,1,1,1,0,0,1,0,0,0,1,0,0,0,0,1,1,1,1,0,Hepatitis
0,0,1,0,1,0,0,0,0,0,0,1,0,1,0,1,1,0,0,0,1,1,0,0,0,1,Common Cold
0,1,1,1,0,1,1,0,1,0,0,0,0,1,0,1,1,0,0,0,1,1,0,1,0,0,Arthritis
1,1,0,0,1,1,1,0,1,0,0,0,0,1,0,0,1,1,1,0,0,1,0,0,0,0,Typhoid
1,1,1,0,0,0,0,1,1,1,0,1,1,1,0,1,0,0,1,0,0,1,0,0,1,1,Influenza
1,1,0,1,1,1,1,0,1,0,1,0,0,0,1,0,1,0,0,1,0,0,0,0,0,0,Heart Disease
0,1,1,1,0,1,0,0,0,1,1,0,0,1,0,1,0,0,1,0,1,1,1,1,1,1,Appendicitis
1,1,0,1,0,1,1,0,1,1,0,0,1,1,0,0,0,0,1,1,0,0,0,0,1,1,Meningitis
0,0,0,0,0,1,0,0,1,1,0,0,1,0,0,1,1,0,1,0,0,1,0,1,0,1,Hepatitis
0,1,1,0,0,0,0,0,0,1,0,1,0,1,0,1,0,0,1,1,1,0,1,1,1,1,Heart Disease
0,1,0,1,1,1,0,1,1,1,1,0,0,1,1,0,1,1,1,0,1,0,0,0,1,0,Meningitis
1,0,0,1,0,1,0,1,1,1,1,1,1,0,1,0,1,0,0,0,1,1,0,0,0,0,Influenza
0,1,1,1,1,1,1,0,1,0,0,0,1,0,0,1,1,1,1,1,0,0,1,0,1,1,Dengue
0,1,0,0,1,1,1,1,0,0,1,1,0,0,1,1,1,0,1,0,1,1,0,1,1,0,Hepatitis
1,1,1,1,0,0,0,1,1,0,0,1,1,0,0,1,1,0,1,1,1,0,1,0,0,0,Chickenpox
0,0,0,0,0,0,1,1,1,1,1,1,1,1,1,0,1,0,0,1,1,0,0,1,0,0,Typhoid
1,1,1,1,0,0,1,0,0,0,0,0,1,0,1,1,1,1,0,0,1,0,0,0,1,1,Tuberculosis
0,1,1,0,0,0,0,1,0,1,0,1,1,1,1,0,0,0,0,0,1,0,0,1,1,1,Malaria
0,0,1,1,0,1,0,1,0,1,0,1,1,0,0,0,1,0,1,1,1,1,0,0,1,1,Meningitis
0,1,1,0,0,1,1,1,1,1,0,1,0,1,0,1,0,1,0,0,0,1,1,0,1,0,Pneumonia
0,1,0,1,0,0,1,1,0,1,1,1,1,0,1,1,1,0,1,1,1,1,0,0,1,1,Pneumonia
1,1,1,1,0,1,0,0,0,0,1,1,1,1,1,0,0,1,0,0,0,0,1,1,0,1,Arthritis
1,0,1,0,0,1,1,0,0,0,1,0,1,1,1,1,1,0,0,1,1,0,0,1,0,0,Typhoid
1,0,1,1,1,1,1,1,1,1,0,0,1,1,0,1,0,1,1,1,0,1,0,0,1,1,Conjunctivitis
1,1,1,1,1,0,0,1,1,0,1,1,1,1,0,1,0,1,0,1,0,0,1,1,1,0,Malaria
1,1,0,0,1,0,0,0,1,0,1,0,1,0,1,0,1,0,0,1,0,1,0,0,1,0,Malaria
1,1,0,1,1,1,0,0,0,1,0,0,0,0,1,0,1,1,1,1,1,1,0,1,1,0,Appendicitis
0,1,1,0,0,0,1,1,0,0,1,0,1,0,0,1,1,1,1,0,0,1,0,1,0,0,Chickenpox
0,0,1,1,1,1,1,0,0,1,0,1,1,1,1,1,0,0,1,0,0,1,1,1,1,0,Arthritis
0,0,0,1,1,1,0,1,1,1,0,0,1,0,1,1,1,0,1,1,0,1,0,1,0,0,Malaria
0,1,0,0,1,1,0,0,1,0,1,1,1,1,1,1,0,1,0,0,0,1,1,1,1,1,Typhoid
0,1,1,1,0,1,1,1,1,0,0,0,1,0,1,1,1,0,1,0,1,0,1,0,1,0,Chickenpox
1,0,0,0,1,0,1,1,1,0,0,0,1,0,0,0,1,0,0,0,0,0,0,1,1,0,UTI
1,1,1,0,1,0,1,0,1,0,1,0,0,0,1,0,0,1,0,1,0,0,1,1,1,1,Heart Disease
1,1,0,0,1,1,0,0,0,0,1,1,0,1,0,1,1,0,0,1,1,0,0,1,1,1,Food Poisoning
0,1,0,0,0,0,1,0,1,1,0,1,1,0,1,1,0,1,0,1,0,0,0,0,1,0,Hepatitis
0,0,0,1,1,0,1,0,1,1,1,0,1,1,0,0,0,1,1,0,0,1,0,0,1,0,Meningitis
0,1,1,0,0,1,0,1,1,0,0,0,1,0,1,0,1,0,1,0,1,1,1,1,0,0,Hepatitis
0,1,0,0,0,1,0,1,1,0,0,1,1,0,1,0,1,0,1,1,0,1,1,1,0,0,UTI
0,1,1,0,1,0,0,0,1,1,1,1,0,1,0,0,0,0,0,1,0,0,0,1,0,0,COVID-19
1,1,1,1,0,1,0,1,1,0,1,0,0,1,1,0,0,0,0,1,1,1,1,0,0,1,Hepatitis
0,0,0,1,0,1,0,0,0,1,0,0,0,1,0,0,0,0,1,0,0,0,0,0,0,0,Conjunctivitis
0,0,0,1,0,0,1,0,0,0,1,0,1,1,0,1,0,1,0,0,0,1,0,0,0,1,Conjunctivitis
1,1,0,1,0,1,1,1,0,1,0,0,1,1,1,0,1,1,0,1,1,1,0,1,1,1,Common Cold
0,1,1,0,1,1,1,0,1,0,1,0,1,0,1,1,0,0,0,0,1,0,0,0,0,1,UTI
0,0,0,1,1,0,0,0,1,0,1,0,1,0,0,0,0,0,1,0,0,1,0,1,1,1,Tuberculosis
0,1,1,1,1,1,0,0,0,1,0,1,1,1,0,1,1,0,0,1,1,0,0,0,0,1,Tuberculosis
1,1,0,1,0,0,1,1,1,1,1,1,1,1,1,1,0,0,1,0,0,0,0,1,1,0,Heart Disease
0,1,0,0,0,1,1,1,0,1,0,1,0,1,0,0,1,0,1,0,1,1,1,0,1,1,UTI
1,1,0,1,1,0,0,1,1,1,1,0,1,0,1,1,0,1,1,0,0,0,1,0,0,0,UTI
0,0,1,0,1,0,1,0,0,0,1,1,1,1,1,0,1,0,0,0,1,1,0,0,0,0,Pneumonia
1,0,0,1,1,1,1,0,0,0,1,1,1,0,0,0,1,1,1,1,0,1,1,1,0,0,Food Poisoning
1,0,1,1,1,0,0,1,0,0,0,0,1,0,0,1,0,0,0,1,1,1,1,0,1,1,Influenza
1,1,1,1,1,1,1,1,0,1,0,1,0,1,0,0,0,1,1,0,1,0,0,0,0,1,Dengue
1,0,0,0,0,1,0,0,1,1,0,1,1,0,0,1,0,0,0,0,1,1,0,0,1,1,Dengue
0,1,1,1,0,0,0,1,0,1,0,0,1,0,0,0,0,0,1,0,1,1,0,1,0,1,Appendicitis
0,0,0,0,0,0,1,1,1,1,1,0,0,1,0,1,1,0,0,1,1,1,1,0,0,0,Migraine
1,0,1,0,1,1,1,1,1,1,0,1,0,0,0,0,1,1,1,1,1,0,0,1,0,1,COVID-19
1,1,1,0,0,1,0,0,0,0,0,1,1,1,1,1,0,1,0,1,0,0,1,0,0,0,Meningitis
1,1,1,0,1,1,1,0,1,1,1,0,0,1,0,0,0,0,0,0,1,0,1,0,0,1,Heart Disease
0,1,0,1,1,0,1,1,1,0,1,1,0,1,0,1,1,0,1,0,0,0,1,0,1,0,COVID-19
1,0,0,1,1,1,1,0,0,1,0,0,1,0,0,0,1,0,1,0,0,0,0,0,0,0,Tuberculosis
0,0,1,1,1,1,0,1,1,0,1,1,1,0,1,0,1,0,0,0,0,0,0,0,0,1,Migraine
1,0,1,0,1,1,0,1,1,1,1,0,1,0,1,1,0,1,1,1,0,1,0,1,1,1,Arthritis
1,1,0,0,1,0,0,0,0,0,1,1,0,1,0,0,0,0,1,0,0,0,1,0,0,0,Hepatitis
0,1,1,1,1,1,1,1,0,0,1,0,0,1,0,0,0,1,1,1,0,0,0,0,0,0,Dengue
1,1,1,1,0,1,0,1,1,0,1,0,0,1,1,1,0,0,0,1,0,0,0,1,0,1,COVID-19
0,1,0,0,0,1,1,1,0,1,1,0,1,1,0,1,1,1,0,0,1,1,0,1,0,0,Influenza
1,1,1,1,0,0,0,0,0,0,1,1,1,0,0,0,0,0,0,0,1,0,0,0,0,0,UTI
0,1,1,0,0,0,1,0,0,1,0,0,0,1,0,0,0,1,0,1,1,1,0,0,1,0,Food Poisoning
0,1,1,0,0,1,1,0,1,1,1,1,1,1,1,1,0,0,0,1,1,0,0,1,1,0,Food Poisoning
0,1,0,0,1,1,1,1,1,1,1,0,0,1,1,1,1,0,1,0,0,0,1,0,1,1,Common Cold
0,0,0,1,0,0,1,1,1,0,0,0,1,1,1,0,0,0,1,1,1,1,1,0,0,0,Typhoid
0,1,1,1,0,0,0,1,0,0,1,1,0,1,0,1,1,1,1,0,1,0,1,1,0,1,Gastroenteritis
0,0,0,0,1,0,0,0,1,1,1,0,0,1,1,1,1,1,0,1,0,0,1,1,0,1,Typhoid
0,1,1,0,1,0,0,0,0,0,0,1,0,1,0,1,0,0,1,0,1,1,1,1,1,0,UTI
0,1,0,0,1,1,0,0,0,1,1,0,1,1,0,0,0,0,0,1,0,0,1,1,0,0,Appendicitis
1,0,1,0,1,0,0,0,0,1,0,0,0,1,1,1,1,1,0,1,1,1,0,1,1,1,Food Poisoning
1,1,1,1,1,1,0,0,0,0,1,1,1,1,1,0,0,0,0,0,1,0,0,0,0,1,UTI
0,0,0,1,1,1,0,0,0,1,1,1,0,1,0,1,1,0,0,0,1,1,1,0,0,1,Meningitis
1,0,0,0,1,0,1,0,1,1,1,1,0,0,0,0,1,1,0,0,0,1,1,1,0,0,Typhoid
1,1,1,1,1,0,0,1,0,1,0,1,0,1,0,1,1,0,0,0,1,0,1,1,1,1,Pneumonia
1,1,0,1,1,1,1,0,0,0,1,1,0,0,0,0,0,0,1,1,1,0,0,1,0,1,Appendicitis
1,0,1,0,0,1,0,1,1,0,0,1,0,0,1,1,1,1,0,1,1,0,1,0,1,0,Influenza
1,1,1,0,0,1,1,0,0,1,1,0,0,0,1,1,0,0,1,0,0,0,1,0,1,1,UTI
1,1,0,0,0,0,1,0,1,0,0,1,0,1,0,1,0,0,0,1,1,0,1,0,1,0,Arthritis
1,1,1,0,1,1,0,1,1,0,0,0,1,0,0,0,0,0,1,1,1,0,1,0,1,1,Asthma
1,1,0,0,1,1,0,0,0,0,1,1,1,0,1,1,0,0,0,1,0,0,0,1,1,1,Conjunctivitis
1,1,1,1,0,0,0,0,1,1,0,0,0,0,0,1,1,0,0,1,1,0,1,0,1,0,COVID-19
1,0,0,1,0,0,0,1,1,1,0,0,1,0,0,1,1,0,0,0,1,0,0,1,0,0,Heart Disease
0,1,1,1,1,1,1,1,0,0,0,0,0,1,1,1,0,0,0,0,1,0,1,1,0,1,Common Cold
1,1,1,0,0,0,0,0,1,0,0,0,0,0,0,1,1,1,1,0,0,0,1,1,0,1,Migraine
0,0,0,0,0,0,0,0,1,0,0,1,1,0,0,1,1,1,0,1,0,0,1,0,1,0,Conjunctivitis
0,0,0,1,0,1,1,0,0,1,0,1,0,1,0,1,1,0,1,0,1,0,0,1,1,0,Food Poisoning
1,1,0,0,0,1,1,1,0,0,1,0,0,1,1,1,0,0,1,0,0,1,1,1,0,1,Bronchitis
0,0,0,1,1,1,1,0,0,0,1,0,0,1,1,1,1,1,1,1,0,1,0,1,1,1,Dengue
1,1,1,0,0,0,0,1,1,1,0,0,0,1,1,1,0,1,0,0,0,1,0,1,0,0,Migraine
0,1,0,0,1,1,0,1,1,0,1,0,1,0,1,1,1,1,1,0,1,1,0,0,1,0,Tuberculosis
0,1,1,1,1,0,0,1,0,1,1,1,0,0,0,1,1,1,1,1,0,0,1,1,0,0,Appendicitis
0,0,1,0,0,0,0,0,1,1,1,0,0,1,0,1,1,1,0,0,0,1,1,0,1,0,Common Cold
1,0,1,1,1,1,1,1,0,0,0,0,1,0,0,1,1,0,0,0,1,1,1,0,0,1,Gastroenteritis
0,1,1,1,0,1,0,1,1,1,0,0,0,0,0,0,0,0,1,0,0,0,0,1,1,0,Bronchitis
0,0,0,1,0,1,0,1,0,1,1,0,0,0,1,1,0,0,0,1,0,0,1,1,0,1,Asthma
1,1,0,0,1,0,0,1,0,1,1,1,0,1,1,0,0,1,1,1,1,0,1,1,0,0,Influenza
0,1,0,0,1,1,0,1,0,0,0,1,1,1,0,1,0,1,0,1,0,1,1,0,0,0,Typhoid
0,0,0,0,1,1,1,1,1,1,0,0,0,1,0,1,1,1,0,0,0,1,0,0,1,0,Common Cold
0,1,0,0,0,0,1,0,1,1,1,0,1,0,0,0,1,1,1,0,0,1,1,1,0,0,Arthritis
1,0,1,1,1,1,1,1,0,1,1,0,0,0,1,0,1,1,0,1,1,1,0,1,1,1,Typhoid
0,0,0,1,0,0,1,0,0,1,0,0,0,0,1,0,0,1,1,0,1,0,1,0,0,0,COVID-19
0,0,0,1,0,0,0,0,0,1,0,0,1,0,1,1,0,1,0,1,1,1,0,1,1,1,Influenza
1,1,1,1,1,0,0,0,1,0,0,0,1,0,1,1,1,0,1,0,0,0,0,0,1,1,COVID-19
0,0,0,0,1,0,0,1,0,1,1,1,0,1,0,1,0,0,0,0,0,1,1,0,1,1,Appendicitis
1,1,1,1,0,1,0,0,0,1,1,1,0,0,0,1,1,0,1,1,0,1,1,0,1,1,UTI
1,1,1,1,0,0,1,0,0,0,1,0,1,1,0,0,0,0,0,1,1,1,0,0,0,0,Appendicitis
0,0,1,1,0,1,0,1,1,0,1,1,1,0,1,1,1,0,1,1,1,1,0,1,1,1,Common Cold
1,0,1,0,0,0,0,1,1,1,0,0,0,0,1,0,0,1,0,0,0,0,1,1,0,1,Appendicitis
1,1,0,1,1,1,1,0,1,0,1,1,1,1,0,0,0,1,0,1,0,0,1,1,0,0,Asthma
0,1,0,0,0,0,0,1,0,0,1,1,0,1,1,1,0,1,0,1,1,1,1,0,0,0,Dengue
0,1,1,0,1,0,0,1,1,1,1,0,0,0,1,0,0,1,1,0,0,1,0,0,0,1,Asthma
0,1,0,1,0,1,1,0,0,0,1,1,0,0,0,1,1,0,0,1,0,0,1,1,0,0,Heart Disease
1,1,1,1,0,0,1,0,1,1,0,1,1,0,0,1,1,1,0,1,1,0,0,0,1,1,Meningitis
1,0,1,1,0,1,0,1,1,1,1,1,1,1,1,1,1,1,1,0,1,1,0,1,1,0,Bronchitis
0,1,1,0,1,1,0,0,1,0,0,0,0,0,0,0,1,0,1,1,0,1,1,1,1,0,COVID-19
1,0,0,1,0,0,1,0,1,0,0,1,1,1,1,1,1,0,0,1,0,1,0,1,1,0,Arthritis
1,1,1,0,1,1,1,1,1,0,1,0,1,0,1,0,1,0,0,1,0,0,1,0,0,1,Arthritis
1,1,0,1,0,0,1,1,0,1,1,0,0,0,1,1,1,0,0,1,1,1,0,1,1,0,Influenza
0,1,1,1,0,0,0,0,0,0,1,0,1,1,1,0,1,0,1,0,0,1,0,0,0,1,Hepatitis
1,0,1,1,0,0,1,1,1,0,1,0,0,0,0,0,1,0,0,1,0,1,1,0,1,0,Influenza
0,0,1,0,1,1,1,1,0,0,0,1,0,1,0,0,0,0,1,1,0,0,0,0,1,1,Gastroenteritis
1,0,1,0,1,1,1,1,1,0,0,0,0,1,1,0,0,1,1,1,1,1,0,0,0,0,Hepatitis
1,0,1,1,0,1,1,0,0,1,0,0,1,0,1,1,1,0,0,0,1,1,0,1,1,1,Asthma
1,0,1,0,0,1,1,0,1,0,0,0,1,0,1,0,0,0,0,1,1,1,0,0,0,0,Dengue
1,0,0,1,0,0,1,1,0,1,0,1,0,0,0,0,1,0,1,0,1,1,0,0,1,0,Gastroenteritis
0,1,0,1,1,0,1,0,1,1,1,1,1,1,0,1,0,1,1,1,0,0,0,0,1,1,Malaria
1,1,1,1,0,1,1,1,0,1,1,0,0,1,1,1,1,0,0,0,0,0,0,0,0,0,Malaria
0,1,1,1,1,0,1,1,0,1,1,0,0,0,1,0,0,0,0,1,1,0,0,0,1,0,UTI
0,0,0,0,0,0,0,0,0,0,1,1,0,1,1,0,0,0,1,1,1,1,0,1,1,1,Influenza
0,0,1,1,1,0,1,0,0,1,0,0,0,1,1,1,1,0,1,0,0,1,1,0,1,1,Gastroenteritis
0,1,0,1,0,1,1,0,1,0,1,0,1,1,1,0,1,1,1,0,0,1,0,0,1,1,Appendicitis
1,1,1,0,1,0,0,0,1,1,0,0,0,0,1,0,1,0,1,0,1,0,1,0,1,1,Typhoid
1,0,0,1,1,1,1,1,1,1,0,0,1,0,1,1,0,1,0,1,0,0,0,1,0,1,Malaria
0,1,0,1,0,0,0,0,0,0,1,1,0,0,0,0,0,1,0,1,0,0,0,1,0,1,Food Poisoning
0,1,0,1,0,1,1,1,1,0,0,1,1,1,0,0,1,0,0,1,0,0,0,0,0,0,Common Cold
1,0,0,0,1,1,1,0,0,0,1,1,0,1,0,1,1,0,1,0,1,0,0,0,0,1,UTI
1,0,1,1,0,0,0,1,0,1,1,0,0,0,0,1,0,0,1,1,0,1,0,0,1,0,Migraine
0,0,1,1,1,1,0,0,1,1,1,0,1,1,0,1,0,1,0,1,1,0,1,0,0,1,UTI
1,0,1,1,0,0,0,0,1,0,0,0,1,1,1,0,1,0,0,0,0,0,1,1,0,0,COVID-19
0,1,1,1,1,1,1,0,0,0,0,1,1,0,0,0,0,0,0,0,1,1,0,1,1,0,Bronchitis
1,0,0,0,0,0,0,0,1,0,1,0,1,0,0,1,0,0,0,0,0,0,0,1,1,1,Hepatitis
1,1,1,1,1,0,1,0,0,0,1,0,1,0,1,0,1,0,0,0,0,1,0,0,0,0,Gastroenteritis
0,0,0,1,1,1,0,1,0,0,1,1,0,1,0,1,1,0,0,0,1,0,0,0,0,0,Dengue
1,0,1,1,1,1,0,1,0,1,1,0,0,1,0,1,0,1,1,0,1,0,0,1,1,1,Hepatitis
0,1,0,0,0,0,0,0,1,0,1,1,1,1,0,1,1,1,0,1,1,0,0,1,0,0,Dengue
0,1,0,0,0,0,1,0,1,0,0,1,0,0,1,0,0,1,1,0,0,1,0,0,0,0,Bronchitis
1,0,0,1,1,1,1,0,1,0,1,0,1,0,0,0,1,0,0,0,1,1,0,0,1,1,Malaria
0,1,0,1,0,0,0,1,0,0,0,1,1,1,1,0,0,1,0,0,0,0,0,0,0,1,Tuberculosis
0,0,1,0,1,1,1,1,1,1,1,0,1,1,1,0,1,1,0,1,0,1,0,0,1,0,Heart Disease
0,1,0,1,0,0,0,0,0,1,1,0,0,0,0,1,1,1,0,0,0,0,0,0,1,1,Hepatitis
0,0,0,1,0,1,1,1,1,0,0,0,0,1,1,1,1,0,0,0,0,1,0,1,0,1,Tuberculosis
1,0,1,1,1,1,1,1,0,0,0,0,1,1,1,0,0,0,1,1,0,0,1,1,1,1,Gastroenteritis
1,1,1,0,1,1,1,1,1,0,0,1,0,0,1,1,0,0,0,0,1,1,1,1,1,0,COVID-19
1,1,0,0,1,0,0,0,1,0,0,1,1,1,0,0,1,1,0,0,0,1,1,0,0,1,UTI
0,0,0,0,1,0,1,0,0,1,0,1,1,0,0,0,0,0,1,0,0,0,1,0,1,1,Asthma
1,0,1,1,0,1,0,1,0,1,1,1,0,0,0,1,1,1,1,0,1,1,1,0,1,1,Meningitis
1,0,0,0,0,0,0,0,0,1,0,1,0,0,0,0,1,1,0,0,1,0,0,0,0,1,UTI
1,0,1,1,1,0,0,1,0,0,1,0,1,1,0,1,0,1,1,1,1,0,0,1,0,0,Pneumonia
1,0,0,1,0,1,1,0,1,1,0,0,0,1,0,0,1,1,1,0,0,1,1,0,0,1,Tuberculosis
0,1,0,1,1,1,0,0,0,1,1,1,0,0,0,1,1,0,1,1,1,1,1,1,1,1,Migraine
0,0,1,0,0,0,1,0,1,1,0,0,0,0,0,1,1,1,1,0,0,1,1,0,0,0,Conjunctivitis
0,0,1,0,1,0,0,1,0,1,0,0,1,1,0,1,0,0,1,1,0,1,1,0,0,1,Gastroenteritis
0,0,1,0,1,0,0,0,0,1,0,0,0,1,0,0,0,1,0,0,0,0,0,0,1,1,Typhoid
1,1,1,0,1,1,0,0,0,0,0,1,0,1,0,1,0,1,0,1,0,1,0,0,1,0,Pneumonia
1,1,0,0,0,1,1,0,1,0,1,0,0,1,1,0,0,1,1,1,1,1,1,1,1,0,UTI
0,0,1,0,1,0,1,1,0,0,0,1,1,0,0,1,1,1,0,0,0,0,0,0,1,1,Common Cold
1,1,1,0,1,1,1,0,1,0,1,1,0,0,1,0,0,0,0,1,0,1,0,0,1,1,Hepatitis
1,1,1,1,1,1,1,0,0,0,1,1,1,0,0,0,0,0,0,1,0,1,0,1,0,1,COVID-19
0,1,0,1,0,0,0,1,1,1,1,0,0,0,0,1,0,0,0,0,0,0,1,1,0,1,Appendicitis
1,0,0,1,1,0,1,1,0,1,1,1,0,1,1,0,0,0,0,0,1,0,0,0,1,0,Heart Disease
0,1,1,0,1,0,1,0,0,1,1,0,1,0,1,1,0,0,1,0,0,1,0,0,1,1,Food Poisoning
0,1,1,1,0,1,0,0,0,1,0,0,0,1,0,0,0,0,0,0,1,1,0,0,0,0,Tuberculosis
0,1,0,1,1,0,0,0,1,0,0,0,1,1,0,1,1,1,1,0,0,0,0,0,0,0,Dengue
0,0,0,0,0,0,1,0,0,0,1,1,0,1,1,1,1,1,1,1,0,1,0,0,0,1,Appendicitis
1,1,0,1,1,1,1,1,1,1,1,0,1,1,1,0,1,1,1,1,0,0,1,0,0,1,Meningitis
1,0,0,0,1,1,0,1,1,0,0,0,0,0,0,0,1,1,1,0,0,1,1,0,1,0,Malaria
1,1,1,1,1,0,1,0,1,0,0,0,0,1,1,1,0,1,0,0,1,1,0,1,1,1,Common Cold
0,1,0,0,1,1,0,0,0,1,0,0,1,0,0,1,0,0,0,0,1,1,0,1,0,0,Pneumonia
1,1,0,0,1,0,0,0,0,0,1,0,0,1,0,1,1,0,0,0,1,0,1,0,0,1,UTI
1,0,1,0,0,0,1,0,1,1,1,0,1,1,0,0,0,1,1,0,0,0,0,0,1,1,Malaria
1,1,1,0,1,0,1,1,1,0,1,1,1,1,1,0,1,1,0,1,1,1,1,1,0,1,Chickenpox
0,0,0,1,0,1,1,1,0,1,0,0,1,1,0,1,0,1,0,1,1,0,1,1,0,1,Typhoid
0,0,1,1,0,1,1,1,0,1,1,1,0,0,0,1,1,0,0,1,1,1,1,0,1,1,Common Cold
0,0,0,0,0,1,1,0,0,0,0,1,0,0,1,1,0,0,1,1,1,0,1,0,0,0,Bronchitis
0,0,0,1,0,0,1,0,1,0,0,0,1,1,1,0,1,1,0,0,0,0,1,1,0,1,Asthma
0,1,0,1,1,1,0,0,0,0,0,0,1,1,0,0,0,1,0,0,1,1,1,0,0,0,Tuberculosis
1,0,1,0,1,0,0,0,1,0,1,1,1,0,1,0,0,1,1,1,1,0,0,1,0,1,Asthma
1,1,0,0,1,0,1,1,1,1,0,0,1,1,0,0,0,0,1,0,0,1,1,1,0,0,Chickenpox
1,0,0,0,1,1,0,0,1,0,0,0,0,1,1,0,1,1,1,1,0,0,0,0,0,0,Dengue
1,1,0,1,1,1,1,1,0,1,0,1,0,0,1,1,0,1,1,1,0,1,1,0,0,0,Common Cold
1,1,0,1,0,0,0,1,0,0,0,0,0,0,0,0,0,1,1,0,1,0,0,1,1,1,Food Poisoning
0,1,1,0,1,1,1,0,1,1,0,1,0,0,0,1,0,1,1,1,0,1,1,1,1,0,Typhoid
0,0,0,0,0,0,1,1,0,1,1,0,0,1,1,0,1,1,0,0,0,1,1,0,0,1,Malaria
0,0,0,0,0,1,1,1,1,0,1,1,1,0,1,1,1,1,0,1,1,0,0,0,0,0,Food Poisoning
0,0,0,1,1,1,1,0,1,1,1,0,1,1,0,0,1,0,0,1,0,0,1,1,1,1,Migraine
1,0,0,1,1,1,1,1,1,0,0,1,0,1,0,1,0,0,0,1,1,0,0,1,1,1,COVID-19
0,0,1,0,1,1,1,1,1,0,1,0,1,1,1,0,1,0,1,1,0,1,0,1,1,0,Heart Disease
0,0,1,1,0,1,0,1,1,0,0,1,0,0,1,1,0,1,0,0,1,0,1,0,0,1,Tuberculosis
1,0,0,1,0,0,1,0,0,0,1,1,1,1,0,1,1,0,0,1,0,1,1,0,1,1,Migraine
1,0,0,1,1,1,1,0,0,1,1,1,0,1,0,1,0,1,1,1,0,1,0,0,1,0,Typhoid
1,0,0,0,0,0,1,0,1,1,0,0,0,0,0,1,0,0,0,0,1,1,1,0,0,0,Conjunctivitis
1,0,1,1,1,1,0,1,0,1,1,0,0,1,0,1,1,0,0,1,0,0,0,0,1,0,Common Cold
0,1,0,1,1,1,1,0,1,1,0,1,1,1,1,0,1,0,1,0,0,1,0,1,1,1,Meningitis
1,0,1,0,0,1,0,1,1,0,1,0,0,1,1,1,0,1,1,0,0,1,0,0,0,0,Heart Disease
1,0,1,0,1,1,0,1,1,0,1,1,0,1,1,0,0,1,1,1,0,0,0,0,1,1,Pneumonia
0,0,1,0,1,1,0,1,0,1,0,1,1,1,1,0,1,1,1,1,1,1,0,1,1,0,Chickenpox
0,0,0,0,1,1,1,1,1,1,0,0,0,1,1,0,0,0,0,0,1,0,0,0,0,0,Conjunctivitis
1,1,1,1,0,0,0,0,1,0,0,1,0,1,1,1,0,1,1,0,0,1,0,1,1,1,Dengue
0,0,1,1,1,1,0,1,1,1,1,1,1,0,0,1,0,0,1,0,0,1,1,1,1,1,Pneumonia
0,0,1,0,0,1,1,1,1,1,1,0,1,1,1,1,0,1,1,0,0,0,1,0,0,1,Heart Disease
0,1,0,0,1,1,1,0,1,0,0,0,0,0,1,0,1,0,0,0,0,0,0,0,0,0,Gastroenteritis
1,1,0,1,1,0,1,1,1,0,1,1,0,1,1,0,1,0,1,0,1,0,0,0,1,1,Conjunctivitis
0,0,0,0,1,1,0,0,1,0,1,0,1,0,1,1,1,0,0,1,0,1,0,0,0,1,Typhoid
0,1,0,0,0,0,1,1,1,1,0,1,0,1,0,1,1,0,1,0,0,0,0,1,0,0,COVID-19
0,0,0,0,0,1,1,1,1,1,0,1,0,0,0,1,0,0,1,0,0,0,0,1,1,1,Chickenpox
0,1,1,0,0,0,1,1,1,1,0,0,1,1,0,1,0,0,0,1,1,1,0,0,0,0,Conjunctivitis
1,1,1,1,0,0,1,1,0,1,0,0,0,0,1,0,0,0,0,1,0,0,0,0,0,0,Conjunctivitis
0,0,0,0,0,0,0,1,0,1,1,0,1,1,1,1,1,1,0,0,1,1,0,0,1,1,Appendicitis
1,0,0,1,1,1,0,1,0,1,0,1,0,1,1,0,1,0,0,0,1,0,1,1,0,1,Malaria
0,0,1,0,0,1,0,1,0,1,1,0,1,1,1,1,1,0,0,1,1,1,0,0,0,1,Typhoid
0,0,1,1,1,1,0,1,0,0,0,0,1,0,1,1,1,0,1,1,1,0,0,0,0,1,COVID-19
0,1,1,1,1,1,0,1,1,0,1,0,1,0,0,0,0,1,1,0,0,0,0,1,0,0,Hepatitis
0,0,0,0,0,0,1,0,0,0,1,1,1,0,0,1,1,1,0,0,1,1,0,0,1,1,COVID-19
0,1,0,1,1,1,1,1,1,0,0,0,0,1,1,1,0,0,0,1,0,0,1,1,0,1,Influenza
1,0,0,0,0,1,1,1,0,0,1,0,1,1,1,1,0,1,1,1,1,0,0,0,1,0,Tuberculosis
1,1,1,0,0,1,1,1,1,1,1,1,0,1,1,0,0,1,1,1,0,1,1,0,0,0,Typhoid
1,1,1,1,1,0,1,0,1,1,1,0,0,0,0,1,0,1,0,1,1,0,0,1,0,0,Malaria
1,0,0,1,0,1,1,0,0,1,0,1,1,1,1,0,1,0,1,0,1,1,1,1,0,1,Chickenpox
1,1,0,0,0,1,0,1,0,0,1,1,1,1,1,0,0,0,0,1,1,0,0,0,0,1,Dengue
1,1,1,1,0,1,1,1,1,0,0,1,1,0,1,1,0,0,1,1,1,1,1,1,0,1,Chickenpox
0,1,1,1,1,1,1,0,1,0,1,0,1,1,1,1,0,1,1,1,0,1,1,1,1,0,Migraine
0,1,1,0,1,0,0,1,0,0,0,0,0,1,0,1,1,1,1,1,0,0,1,0,1,0,COVID-19
0,1,0,1,1,0,0,1,0,0,1,1,1,0,0,0,0,0,0,1,0,0,0,0,1,0,UTI
1,1,0,0,1,0,1,1,1,1,1,0,0,0,1,0,0,1,1,1,0,1,0,0,1,1,Typhoid
1,0,1,0,1,0,1,1,1,0,1,0,1,0,1,1,0,0,0,0,0,0,0,0,1,0,Heart Disease
1,1,1,1,0,1,0,0,1,1,1,1,1,0,0,1,1,0,1,0,0,0,0,1,1,0,Tuberculosis
0,0,0,0,0,1,1,1,0,1,0,1,0,0,1,1,1,0,0,0,0,1,0,0,1,1,Migraine
0,1,1,1,1,1,0,1,0,1,0,0,1,0,0,1,0,1,0,0,0,0,0,0,0,1,Food Poisoning
0,0,0,0,0,0,1,1,1,0,0,1,0,1,1,0,0,0,0,0,0,1,1,1,0,1,Heart Disease
1,1,1,0,0,1,0,0,1,0,0,0,1,1,0,1,0,0,0,1,1,0,0,1,1,0,Common Cold
1,0,1,1,0,1,1,0,0,1,1,1,1,0,0,0,0,1,1,1,1,0,1,0,0,0,Pneumonia
0,0,0,0,0,1,0,0,0,1,0,1,1,0,0,1,1,1,1,0,1,0,1,0,0,0,Common Cold
0,0,1,1,0,0,0,0,1,1,0,1,0,0,1,0,1,1,0,0,1,0,0,1,0,0,Bronchitis
0,1,1,0,0,1,0,1,0,1,1,1,0,0,0,0,1,0,0,0,1,0,0,1,0,0,Food Poisoning
0,1,0,1,0,0,0,0,0,0,1,1,0,0,0,1,0,0,1,1,0,0,0,1,0,0,Typhoid
1,0,1,0,0,0,1,1,0,1,1,0,0,0,1,0,0,0,1,1,1,0,0,0,0,0,Gastroenteritis
0,0,1,0,0,1,1,1,0,0,0,0,0,0,1,1,1,0,0,0,1,1,1,1,1,1,Hepatitis
0,1,1,0,1,0,1,1,0,1,1,0,0,0,0,0,0,0,0,1,0,0,1,1,1,0,Migraine
0,1,0,1,1,0,0,1,1,0,1,0,0,1,1,1,1,0,0,0,0,0,1,1,1,0,Tuberculosis
0,1,1,0,0,1,1,0,1,0,0,1,1,1,0,0,1,1,0,0,0,0,1,0,1,1,Chickenpox
0,1,0,1,0,0,1,0,1,1,0,0,0,0,0,1,0,1,1,1,0,1,1,0,0,0,Bronchitis
0,0,0,0,1,1,0,0,0,0,0,1,0,0,1,1,0,0,1,0,1,1,0,0,0,0,Heart Disease
0,0,0,0,0,0,0,0,1,0,1,1,1,1,1,1,0,1,0,0,0,1,0,0,1,1,UTI
1,0,0,0,0,1,0,0,0,0,0,0,1,0,0,0,0,0,0,1,0,0,1,0,1,0,UTI
0,1,0,0,0,0,0,1,0,1,1,1,1,0,1,1,0,1,1,0,1,0,0,1,1,1,UTI
1,1,1,1,0,0,1,0,0,0,0,0,0,1,1,1,0,1,1,1,0,0,1,0,1,1,Chickenpox
1,0,1,1,0,1,0,1,1,0,0,0,1,1,1,1,0,0,1,0,1,0,0,1,0,1,Food Poisoning
0,1,1,1,1,1,1,1,1,1,1,1,0,0,1,0,1,0,0,1,0,0,1,0,0,1,Typhoid
0,0,1,0,0,0,0,1,1,1,1,0,0,0,0,1,0,1,1,0,0,0,1,0,0,0,Meningitis
1,1,0,1,1,0,0,1,1,1,0,0,1,0,0,1,1,0,0,0,0,0,0,0,1,1,Hepatitis
0,1,1,0,0,0,0,0,1,0,1,1,1,1,1,1,0,0,0,0,0,1,1,1,1,1,Chickenpox
1,1,0,1,0,1,1,0,1,0,1,1,1,0,1,1,1,0,1,0,1,1,0,0,1,1,Heart Disease
0,0,0,1,1,1,0,1,1,1,1,0,1,1,0,1,0,1,1,1,1,1,0,0,1,1,Migraine
1,1,0,1,1,1,1,0,1,1,1,0,1,0,1,0,1,1,0,1,1,1,1,1,1,0,Typhoid
0,0,0,1,1,0,1,1,1,1,0,0,1,1,1,0,0,0,1,1,1,0,1,1,1,0,Pneumonia
1,0,1,1,0,1,1,1,0,1,1,0,0,1,0,0,1,0,0,0,1,0,0,0,0,0,Gastroenteritis
0,0,1,0,0,0,0,1,0,1,0,0,0,1,1,1,0,1,1,0,0,0,0,0,1,1,Meningitis
1,1,1,0,1,1,1,1,1,1,0,0,0,0,0,1,0,0,1,0,1,0,1,1,1,1,Asthma
1,1,0,1,0,1,1,0,1,0,0,0,1,1,0,1,0,0,0,1,0,0,0,0,1,0,Malaria
0,0,1,1,1,0,1,1,1,0,1,1,0,0,1,0,0,1,1,1,1,1,0,1,1,1,Bronchitis
0,0,0,0,1,1,1,1,1,0,0,1,0,0,0,1,1,0,1,1,1,1,1,0,0,0,Migraine
1,1,0,1,0,1,1,0,0,0,1,1,0,1,0,0,1,1,0,1,0,0,1,0,0,0,Pneumonia
0,0,1,0,1,1,1,1,0,1,1,0,0,0,0,0,1,0,0,0,1,1,0,0,1,0,Hepatitis
0,0,1,0,0,0,1,1,0,0,1,0,1,1,1,1,0,1,0,0,0,0,0,0,1,1,Migraine
0,0,0,1,0,0,0,0,0,0,0,0,1,0,0,0,0,0,0,1,0,1,0,1,1,1,COVID-19
0,1,0,1,0,0,1,0,1,1,0,1,0,1,1,0,1,1,0,1,1,0,0,1,1,0,Asthma
1,1,0,0,1,1,0,0,0,0,0,0,0,0,1,0,0,0,0,0,0,1,0,0,0,0,Pneumonia
0,0,1,0,0,0,1,0,1,1,1,0,1,0,1,0,1,1,1,0,1,1,1,0,1,1,Dengue
1,1,0,1,1,0,1,1,0,0,1,1,1,1,1,0,0,0,1,0,1,1,0,1,1,1,Heart Disease
1,0,0,0,0,0,1,0,0,0,1,0,0,1,1,1,0,0,1,0,0,1,0,1,1,1,Migraine
1,1,1,1,1,0,0,0,1,1,0,0,1,0,1,0,1,1,0,0,1,1,1,1,0,0,Heart Disease
0,0,0,0,1,1,1,1,1,0,1,1,1,0,0,1,0,0,0,1,1,1,1,0,0,0,Dengue
1,0,0,1,1,0,1,1,1,0,0,1,0,0,1,1,1,1,1,1,0,1,0,0,0,1,Hepatitis
1,0,1,0,0,1,0,0,0,0,1,1,0,0,0,0,0,1,1,0,0,0,0,0,1,0,Malaria
0,0,1,1,1,0,0,1,0,1,1,1,1,1,1,0,0,0,1,0,0,1,0,1,0,1,Bronchitis
0,0,1,0,1,1,0,0,1,0,0,1,1,1,1,0,0,0,1,0,0,0,0,1,0,0,Gastroenteritis
0,1,1,0,0,0,0,0,0,0,0,1,0,1,1,1,0,0,1,1,1,1,1,0,1,0,Appendicitis
0,0,0,1,1,1,1,0,1,1,1,0,1,0,1,0,1,1,1,0,1,0,1,1,0,0,Asthma
1,1,0,1,0,0,1,1,0,0,1,0,0,1,1,1,1,1,0,1,1,1,1,1,1,1,Meningitis
1,1,1,1,1,1,1,1,0,1,1,0,1,0,0,0,0,0,0,1,1,0,1,0,1,1,Hepatitis
1,0,1,0,1,0,0,0,1,1,0,1,1,1,0,1,0,0,0,0,1,1,1,1,1,0,Meningitis
0,1,1,1,0,0,1,1,0,0,1,1,0,0,1,1,0,1,0,1,0,1,0,1,0,1,Heart Disease
0,1,0,0,0,0,0,1,0,1,0,0,1,1,0,0,1,0,1,1,1,0,1,1,1,0,Dengue
1,1,0,0,1,1,1,1,1,0,0,1,1,1,0,0,1,0,0,0,0,1,0,0,0,1,Hepatitis
0,0,1,0,0,0,1,1,1,1,0,0,1,1,0,0,1,1,1,1,1,1,1,1,1,0,Typhoid
1,1,0,1,1,1,1,0,1,1,0,0,1,1,0,0,0,1,1,0,0,1,0,0,1,1,Influenza
1,0,1,0,1,1,0,1,0,0,0,1,1,1,1,0,1,0,1,0,0,1,0,1,0,1,Food Poisoning
1,0,0,1,0,1,1,1,0,0,1,0,0,0,1,1,0,0,0,1,0,1,0,1,1,0,Heart Disease
1,1,1,1,0,0,1,1,1,1,1,0,0,0,1,0,0,1,1,1,1,0,1,0,1,0,Malaria
1,0,1,0,0,1,0,1,0,0,0,0,0,0,1,0,1,1,1,0,1,1,1,0,1,0,Bronchitis
0,0,0,0,1,1,0,1,0,1,1,0,1,1,1,0,1,1,0,0,0,1,0,0,0,0,Malaria
0,1,1,0,1,1,1,0,0,0,0,0,1,0,1,1,0,0,0,1,0,1,0,1,0,0,COVID-19
1,0,1,0,1,0,0,0,0,0,1,1,0,0,0,1,0,1,0,1,0,0,1,0,0,1,Meningitis
0,1,1,1,0,0,1,1,1,0,1,0,0,0,0,1,1,0,1,1,1,0,0,0,1,0,Gastroenteritis
1,0,1,1,0,1,1,0,1,0,1,1,0,1,0,1,0,1,1,1,0,0,0,0,0,0,Chickenpox
0,1,0,0,1,1,0,1,1,1,0,1,0,0,1,0,1,0,1,0,1,0,0,0,0,0,Common Cold
0,0,1,1,0,0,1,0,1,0,0,0,0,1,1,0,0,1,0,1,1,1,0,0,1,0,UTI
0,0,1,1,1,0,1,1,1,0,0,1,0,0,0,1,1,0,0,0,0,0,1,1,0,1,Pneumonia
1,1,0,0,0,0,1,0,0,0,0,1,0,0,0,0,0,1,1,0,0,1,0,1,0,0,Common Cold
1,0,0,1,1,0,1,0,1,1,1,1,1,1,1,0,1,0,0,0,1,0,0,0,0,1,Hepatitis
0,0,0,0,0,0,1,0,0,0,1,0,1,1,1,0,0,1,1,0,0,1,1,1,0,1,Migraine
0,1,1,0,0,0,1,1,1,1,0,1,1,1,0,1,1,1,1,0,0,0,0,1,1,0,Bronchitis
1,1,1,1,0,1,1,0,1,0,1,1,1,1,0,1,1,0,1,0,0,0,0,0,0,0,Bronchitis
0,1,0,0,1,0,0,1,0,1,0,0,0,1,0,0,1,1,0,1,1,1,0,1,1,1,Bronchitis
0,1,1,1,0,0,0,0,0,0,1,1,0,1,0,1,1,0,0,0,0,0,0,0,1,1,Conjunctivitis
1,0,0,1,1,0,1,0,0,0,1,0,0,1,1,0,0,1,0,1,0,0,1,0,1,0,Conjunctivitis
1,1,1,0,0,1,0,0,0,0,0,0,1,1,1,1,0,0,1,0,0,1,0,1,1,0,Dengue
0,1,0,0,1,0,0,0,1,0,1,1,1,0,0,0,1,1,0,0,1,1,1,1,0,1,Conjunctivitis
1,1,1,1,1,0,0,0,1,0,1,1,1,1,0,1,0,1,0,0,0,0,1,1,1,0,Typhoid
0,1,1,0,0,0,1,0,0,0,0,0,0,0,0,0,1,0,0,1,1,1,0,1,0,1,Dengue
0,0,0,0,1,1,0,1,1,1,0,0,0,0,1,1,0,1,1,0,0,0,1,1,1,1,UTI
1,1,1,0,1,0,1,1,0,0,0,1,0,1,1,1,0,0,1,1,1,0,1,1,0,1,Hepatitis
0,1,0,1,0,0,1,1,0,0,0,0,0,0,0,0,1,1,1,1,1,0,1,1,0,0,Tuberculosis
1,0,1,1,1,1,0,0,0,0,0,0,1,1,0,0,1,1,1,0,0,1,0,1,0,1,Heart Disease
1,1,1,1,0,1,1,0,1,0,1,1,0,0,1,0,0,0,1,0,1,1,0,0,1,1,Conjunctivitis
1,0,0,1,0,1,1,1,0,1,0,1,1,0,0,0,0,0,1,0,0,0,0,0,0,0,Influenza
1,0,0,0,0,1,0,0,0,1,0,1,0,0,0,1,0,0,1,1,1,1,1,0,1,1,Typhoid
1,0,1,1,1,0,1,0,0,0,0,1,0,1,1,0,1,1,0,0,1,1,0,0,0,0,Meningitis
1,0,0,1,0,1,1,0,0,0,1,0,0,0,1,1,0,0,0,1,1,1,0,0,0,0,Conjunctivitis
0,1,1,0,0,0,1,1,1,1,0,0,0,0,0,1,0,0,1,0,1,1,0,1,1,1,Chickenpox
0,1,0,0,1,0,0,1,0,1,0,0,0,1,1,1,1,1,0,0,1,1,0,1,1,0,Gastroenteritis
1,1,0,0,0,0,0,1,0,0,1,0,0,0,1,0,0,1,1,0,1,1,1,1,1,1,Malaria
0,0,0,1,0,0,0,0,1,1,0,1,0,1,1,0,1,1,1,1,0,1,1,0,1,0,Malaria
0,0,0,0,0,0,0,1,1,0,1,0,1,0,1,0,1,1,1,0,0,1,0,0,1,1,Gastroenteritis
0,0,1,0,0,0,0,1,0,0,0,0,0,0,1,1,0,0,0,1,1,0,0,1,1,0,Migraine
1,0,1,0,0,1,1,1,1,0,1,1,1,1,1,1,1,0,0,0,1,1,1,1,1,1,Meningitis
1,1,1,1,1,1,0,0,1,1,0,0,0,0,1,1,1,1,0,0,1,1,1,1,1,1,Migraine
1,0,0,1,1,1,0,1,1,0,0,1,0,0,0,1,1,1,1,1,0,0,0,0,0,1,Arthritis
1,1,1,0,0,1,0,0,1,1,0,0,0,1,0,1,0,1,0,1,1,1,0,0,1,1,Meningitis
0,1,0,1,1,1,1,0,1,1,0,1,0,1,1,0,1,1,1,1,0,0,1,0,1,0,Typhoid
1,1,0,1,1,1,0,1,1,0,1,0,0,0,1,0,1,0,1,1,1,0,0,1,0,1,Appendicitis
0,0,1,1,1,0,1,1,0,0,0,0,0,0,1,1,1,0,1,0,0,1,0,1,1,0,Bronchitis
0,0,1,0,1,0,0,1,0,0,1,1,0,0,1,0,0,0,0,1,1,1,0,0,1,1,Influenza
1,0,0,1,0,1,1,1,0,1,0,0,0,1,1,0,1,1,1,0,0,1,1,0,1,0,Pneumonia
0,0,1,0,1,0,1,1,0,0,0,1,1,0,0,1,1,1,1,0,0,0,1,1,1,1,Bronchitis
1,1,0,1,0,1,1,1,0,0,0,1,1,0,1,0,0,0,1,1,1,1,1,0,1,1,Typhoid
1,1,1,1,1,1,1,1,0,1,0,1,0,0,0,1,1,0,1,1,1,1,0,1,0,0,Migraine
1,0,0,1,1,1,0,0,1,0,1,1,0,0,1,0,0,0,1,1,0,0,1,1,1,1,Heart Disease
0,1,1,0,1,1,0,1,1,1,0,0,1,1,0,0,0,1,1,1,0,1,0,1,0,0,Chickenpox
0,0,0,0,1,1,1,0,1,0,0,0,1,0,1,0,1,0,1,0,0,0,0,1,0,1,Hepatitis
0,1,1,0,1,1,0,0,0,1,0,1,1,0,0,0,1,0,1,1,1,1,0,1,1,1,Malaria
1,0,1,1,0,0,0,1,0,0,1,0,1,0,1,0,1,1,0,0,0,1,0,0,1,1,Arthritis
1,0,0,1,1,0,0,0,1,0,0,1,1,0,1,1,0,0,1,1,1,1,1,0,1,1,COVID-19
0,0,1,1,1,1,0,1,0,1,0,0,0,0,0,0,0,0,0,0,0,0,1,0,1,1,Migraine
1,1,0,1,0,1,0,1,1,1,1,1,1,1,1,1,0,1,0,1,1,1,1,0,1,0,COVID-19
0,0,1,1,0,0,0,0,0,0,0,0,1,1,0,1,0,1,1,1,0,0,0,1,1,0,Appendicitis
1,0,0,0,0,0,1,1,0,0,1,1,1,1,0,0,0,1,0,0,0,0,1,1,1,0,Dengue
0,0,1,1,1,1,1,0,1,1,0,0,1,0,0,1,1,1,1,0,0,0,1,1,1,0,Hepatitis
0,0,0,0,0,0,1,1,0,0,0,1,1,0,0,1,0,0,0,0,0,0,1,1,1,1,Typhoid
1,0,1,1,1,0,0,1,1,1,1,0,0,0,1,1,1,1,1,0,0,1,1,0,0,1,Pneumonia
1,1,0,1,1,0,1,1,1,0,0,0,1,1,1,1,0,1,1,1,0,1,1,0,0,0,Migraine
1,1,0,0,0,0,1,1,1,0,0,1,1,1,0,1,1,0,1,0,0,0,0,1,1,0,Dengue
0,1,1,1,0,1,1,1,1,0,0,0,0,1,0,1,1,0,1,0,0,0,1,1,0,0,Dengue
1,0,1,1,1,1,0,1,0,0,1,0,0,0,0,1,0,0,1,1,0,0,0,1,0,1,Typhoid
1,1,0,1,0,0,0,1,0,1,1,1,1,0,1,1,0,0,1,0,1,0,0,0,1,1,Conjunctivitis
0,1,1,0,1,1,0,1,1,0,1,1,0,1,0,0,0,1,1,1,1,1,0,0,0,0,Food Poisoning
1,0,0,1,1,0,0,0,1,1,1,0,1,0,1,1,1,0,0,1,1,0,1,0,0,0,Tuberculosis
1,1,1,0,1,0,0,1,0,0,1,0,1,1,0,0,1,1,1,1,0,1,1,1,0,1,Malaria
1,1,1,1,0,0,1,1,1,0,0,1,1,0,0,1,0,0,1,1,0,1,0,0,0,1,Malaria
0,1,1,0,1,1,0,1,1,1,1,1,1,0,0,1,0,0,1,1,0,1,0,1,0,0,Pneumonia
0,0,0,0,1,0,1,1,0,1,1,0,0,1,1,1,1,1,1,1,0,0,0,1,1,0,Malaria
0,1,1,0,0,1,0,1,0,0,0,1,0,0,0,0,1,1,1,1,0,0,0,0,1,0,Typhoid
0,1,1,1,0,1,1,0,1,0,1,0,0,0,0,0,0,0,1,1,1,1,1,0,1,1,Typhoid
1,1,0,0,0,1,1,0,1,0,0,0,0,1,0,0,0,0,1,0,1,1,1,1,0,0,Gastroenteritis
1,0,1,0,1,0,0,1,0,1,0,1,1,1,0,0,0,0,0,0,0,0,0,0,0,0,Asthma
0,1,1,1,0,1,1,0,1,0,0,0,0,0,0,0,0,1,0,1,1,1,0,1,0,0,Hepatitis
0,0,1,1,1,0,0,0,0,0,1,1,1,1,1,0,1,1,0,1,0,1,1,1,0,1,Tuberculosis
1,0,0,0,0,0,0,0,0,1,1,0,1,1,1,0,1,0,0,1,0,1,1,0,0,1,Arthritis
1,1,0,1,0,0,1,0,1,0,1,0,1,1,1,1,1,0,1,1,1,0,1,0,1,1,Chickenpox
1,1,1,1,1,0,0,0,0,0,0,1,1,0,0,1,1,1,0,0,1,0,0,0,0,0,Gastroenteritis
0,0,1,1,1,0,0,1,1,0,1,0,0,1,1,0,0,0,1,0,0,0,0,0,0,1,Conjunctivitis
0,1,1,0,0,0,0,1,0,0,1,0,1,0,0,1,0,1,1,0,0,1,1,1,0,0,COVID-19
0,1,0,1,1,1,0,0,0,1,0,0,1,0,0,0,1,1,0,0,1,1,1,1,0,1,Conjunctivitis
0,1,1,1,1,0,0,1,1,0,1,0,0,0,1,0,0,1,1,1,0,1,0,0,0,0,Arthritis
0,1,0,0,1,1,0,1,1,0,0,0,0,1,0,0,0,1,0,1,1,0,1,0,0,0,Meningitis
1,1,1,1,0,1,0,0,1,0,0,1,0,1,1,0,0,0,1,0,0,1,1,0,1,1,Arthritis
1,0,1,0,1,1,1,0,0,1,0,0,1,0,1,0,1,1,1,0,0,1,1,0,1,0,Hepatitis
0,1,1,0,1,0,0,1,0,1,0,0,1,1,1,1,1,1,0,1,1,0,1,0,0,1,Conjunctivitis
0,1,0,1,1,0,0,1,1,1,1,0,0,0,1,1,1,0,1,1,1,0,0,0,0,1,Chickenpox
1,0,1,1,0,0,1,1,1,0,0,0,0,0,1,1,1,1,0,0,0,0,1,0,0,1,Appendicitis
1,0,0,1,0,1,0,1,0,1,1,0,1,1,1,0,1,1,1,1,0,0,0,0,1,0,Common Cold
1,1,1,0,1,0,0,0,0,1,0,1,0,0,1,1,1,1,1,1,1,0,1,1,1,1,Tuberculosis
1,0,0,0,0,1,0,1,0,1,0,0,0,0,0,1,0,0,1,0,1,0,0,1,0,1,Heart Disease
0,1,1,1,0,1,1,0,1,1,0,1,0,1,0,0,0,1,1,0,1,0,1,0,1,1,Common Cold
1,1,0,1,0,1,0,1,0,0,1,1,0,1,0,1,1,0,0,1,1,1,1,0,1,1,Heart Disease
0,0,0,0,0,1,0,0,0,1,0,1,1,0,1,0,0,0,0,0,0,0,0,0,1,1,Migraine
0,0,0,0,0,0,0,0,0,0,0,1,0,0,0,1,1,0,0,0,1,1,1,1,0,0,Typhoid
1,0,1,1,1,1,1,1,1,0,0,1,1,1,0,0,0,1,0,1,1,1,1,1,1,0,Common Cold
1,0,1,1,1,1,1,0,1,1,1,1,0,0,1,1,0,0,1,0,1,0,1,1,1,1,Migraine
0,0,1,0,0,1,1,1,0,0,0,0,0,1,1,0,1,1,1,1,1,0,1,1,0,0,Chickenpox
1,0,0,1,1,1,0,1,1,0,1,0,0,0,1,0,0,0,1,0,0,0,0,1,1,1,Common Cold
0,0,1,1,0,1,1,0,1,0,1,0,0,0,0,1,0,1,1,0,1,1,1,1,0,1,Food Poisoning
1,0,0,0,1,1,0,1,0,0,1,1,0,1,1,1,1,0,1,1,1,0,1,1,1,1,Gastroenteritis
1,1,0,1,0,0,1,1,0,1,1,0,0,1,0,1,1,1,1,1,1,0,0,0,1,1,Meningitis
0,1,1,1,0,1,0,0,0,0,1,1,1,0,0,1,1,1,0,1,1,1,0,0,0,0,UTI
0,0,0,0,0,0,1,0,0,1,0,0,0,1,0,0,1,0,1,1,1,1,0,0,0,0,Appendicitis
1,0,1,0,0,0,0,1,0,1,0,0,0,1,1,1,1,0,1,1,1,1,0,1,1,1,Pneumonia
0,1,1,0,0,1,0,0,0,0,0,1,0,1,1,1,0,1,0,0,0,1,0,0,0,1,Common Cold
1,1,1,0,1,0,0,0,0,0,0,1,0,0,0,0,0,1,0,1,1,1,1,0,1,0,Gastroenteritis
0,0,1,1,0,1,0,0,1,0,0,0,1,1,0,0,1,1,1,0,1,0,1,1,1,0,Dengue
0,0,0,0,1,0,0,0,0,1,1,0,1,0,1,1,0,0,0,0,0,0,0,1,1,1,Dengue
1,1,0,0,1,1,1,0,0,1,1,1,1,1,0,0,1,0,1,1,0,0,1,1,1,1,Meningitis
1,1,0,0,0,0,1,0,1,0,0,0,0,0,0,1,0,0,0,0,1,0,0,1,0,0,Migraine
1,1,0,1,1,1,0,0,0,0,0,0,0,1,0,0,1,1,0,0,0,1,0,1,0,1,Common Cold
1,0,1,1,0,0,1,0,1,1,0,1,0,0,1,1,1,1,1,1,1,0,0,1,0,1,Heart Disease
0,1,0,1,0,0,1,1,0,1,1,1,0,0,0,1,1,0,1,1,0,0,0,1,0,1,Gastroenteritis
0,1,0,1,0,1,1,0,1,1,0,0,0,0,1,0,0,1,0,0,0,1,0,1,0,0,Migraine
1,0,0,0,1,0,1,1,0,0,0,0,1,1,0,0,1,0,1,0,0,1,0,0,0,1,Migraine
1,1,0,0,0,0,1,1,1,0,1,1,1,1,1,0,0,0,0,1,0,0,0,1,0,1,Appendicitis
0,0,0,0,0,0,1,1,1,1,0,0,0,0,1,1,0,0,0,1,1,0,1,1,0,1,Heart Disease
0,0,1,1,0,1,1,0,0,1,0,1,1,0,0,1,1,1,0,1,1,0,1,0,0,0,Chickenpox
0,0,0,1,0,1,0,0,0,0,0,1,0,1,0,1,1,0,0,1,0,1,0,0,1,0,Hepatitis
0,1,1,0,0,1,0,1,0,1,0,0,1,1,0,1,1,1,0,0,1,1,1,0,1,1,Common Cold
0,0,1,1,1,1,0,0,0,0,1,0,0,0,0,1,0,1,0,1,1,0,0,0,1,0,Food Poisoning
1,1,1,0,0,1,1,0,0,0,1,1,0,0,0,0,1,0,1,1,1,0,0,1,1,1,Common Cold
0,1,1,1,1,1,1,0,1,1,0,0,1,0,1,1,0,0,0,1,0,0,0,0,1,1,Influenza
0,0,0,1,1,0,0,1,0,0,0,1,1,0,1,0,1,1,1,1,0,0,1,1,1,0,Bronchitis
1,1,0,1,1,0,1,0,0,1,1,0,1,1,0,1,0,1,0,1,1,0,0,1,1,1,Arthritis
1,1,0,1,0,0,1,1,0,1,0,0,0,0,1,1,1,1,1,0,1,0,1,1,0,0,Meningitis
1,0,1,0,0,0,1,1,0,0,1,0,0,0,0,0,1,1,0,0,0,1,0,0,1,1,Heart Disease
1,1,1,0,1,0,0,1,0,0,0,0,0,1,0,0,0,1,1,1,0,0,1,1,0,1,Hepatitis
0,1,0,1,1,0,0,1,1,0,1,1,0,1,0,1,1,1,1,0,1,1,1,1,1,1,Meningitis
0,1,1,0,0,1,1,0,1,0,1,1,0,1,0,0,0,0,0,0,0,1,0,0,0,1,Chickenpox
1,0,0,0,0,1,1,0,1,0,1,0,1,0,0,1,1,1,1,0,1,1,1,1,1,1,Pneumonia
1,0,1,0,0,0,1,1,1,0,1,0,1,0,1,1,0,0,0,0,0,0,0,1,0,0,Gastroenteritis
1,0,1,0,0,1,1,0,1,1,0,1,0,1,0,1,0,1,1,0,1,0,1,0,0,0,Asthma
1,1,1,1,1,1,0,0,1,0,1,1,0,0,1,1,0,0,1,1,0,0,1,0,0,0,Common Cold
1,1,0,0,1,0,1,1,1,0,1,0,1,1,1,1,1,0,1,1,1,0,1,0,0,1,Pneumonia
0,1,1,0,1,1,0,1,1,0,0,1,1,0,1,0,1,0,1,0,1,0,0,1,1,0,Hepatitis
0,1,1,1,0,1,1,1,1,0,0,1,1,0,0,0,1,0,1,1,1,0,0,0,1,1,Meningitis
1,0,1,0,0,0,1,0,0,0,1,0,1,1,1,0,0,0,0,1,0,0,0,0,1,1,Pneumonia
0,0,0,0,1,1,0,0,0,0,1,0,0,1,1,0,1,1,0,1,1,0,0,1,1,0,Food Poisoning
1,1,1,1,0,1,0,0,0,0,1,1,0,1,0,1,0,1,1,0,1,0,1,0,1,0,Bronchitis
1,1,1,0,0,1,1,0,0,0,0,1,0,0,1,0,1,1,0,0,0,1,0,1,0,1,Influenza
0,0,0,0,0,1,0,1,1,0,1,1,1,1,1,0,1,0,1,0,1,0,0,0,0,1,Heart Disease
1,0,0,0,0,0,0,1,1,0,0,1,1,1,0,0,0,0,0,1,0,0,0,1,0,0,Appendicitis
1,1,1,1,1,0,0,1,0,0,1,1,1,1,1,0,1,0,1,0,0,1,1,1,1,1,Chickenpox
0,0,0,0,1,1,0,0,0,0,0,0,0,1,1,0,1,1,1,0,1,0,0,1,0,1,Pneumonia
1,0,0,0,0,0,1,0,1,1,1,0,1,1,0,1,0,0,0,0,0,0,0,1,1,1,Heart Disease
1,0,1,1,0,0,1,1,0,0,0,1,0,1,0,0,1,1,0,0,0,1,1,1,0,1,Pneumonia
0,1,0,0,1,1,0,1,1,1,1,1,1,1,0,0,1,1,0,1,1,0,0,0,1,1,Typhoid
0,0,1,1,1,0,0,0,1,1,0,1,0,1,1,0,0,0,1,1,1,0,1,1,1,1,Gastroenteritis
1,0,1,1,0,1,0,1,0,0,0,0,1,1,0,1,1,0,0,0,0,1,1,1,0,1,Influenza
1,1,1,0,1,0,0,1,0,1,1,1,1,1,1,0,1,1,1,1,1,0,0,0,0,0,Influenza
1,0,1,1,1,1,0,1,0,1,1,0,0,0,1,1,1,1,1,1,0,0,0,0,0,1,Malaria
0,0,0,1,0,0,1,1,0,1,1,0,1,1,0,0,1,1,1,0,1,1,1,0,1,1,Hepatitis
1,1,0,1,1,0,0,1,1,0,0,0,0,1,1,0,0,0,1,0,0,0,1,1,1,1,Food Poisoning
0,0,1,1,0,1,1,0,0,1,1,0,0,1,0,0,0,1,0,1,1,0,0,1,1,0,Food Poisoning
0,1,1,1,1,0,0,1,0,0,0,0,1,0,0,1,1,1,0,1,0,1,0,1,0,1,Chickenpox
0,1,0,1,1,1,0,1,1,1,1,0,0,1,0,0,0,1,0,1,0,1,0,0,1,1,Common Cold
0,1,0,0,0,0,1,1,0,0,1,1,0,0,0,1,0,0,0,1,1,0,0,0,1,1,Migraine
1,0,0,1,1,1,1,1,0,0,1,1,1,1,1,1,0,0,1,0,1,0,0,1,0,1,Appendicitis
0,1,0,0,1,0,0,0,1,1,1,1,1,1,0,0,1,1,1,1,1,1,0,1,1,1,Chickenpox
1,1,1,0,1,0,0,0,1,1,1,0,0,1,0,0,0,0,0,0,0,1,0,0,0,1,Influenza
1,0,1,1,0,1,1,1,0,1,1,0,1,1,0,0,0,0,0,1,0,0,1,0,0,1,Tuberculosis
1,1,1,0,0,0,0,1,1,0,1,0,0,1,1,0,0,1,1,0,1,1,1,0,0,1,Food Poisoning
1,1,1,0,0,1,1,1,0,0,0,0,0,1,0,1,1,0,0,0,1,0,0,1,0,1,UTI
0,0,1,0,1,1,0,1,0,1,0,0,0,0,0,0,0,1,0,0,0,0,0,1,0,1,Malaria
0,0,1,1,0,1,1,1,0,0,0,0,0,1,1,1,1,0,1,0,1,0,1,1,0,1,Hepatitis
0,1,1,1,1,1,0,1,0,0,1,0,1,0,0,0,0,1,0,1,1,0,0,0,0,1,COVID-19
1,0,1,0,1,1,0,1,1,0,1,0,0,1,0,1,1,1,1,0,0,1,0,0,0,1,Malaria
0,0,0,1,0,0,1,1,0,1,0,0,1,1,1,0,1,1,1,0,0,1,0,0,1,1,Chickenpox
0,0,1,0,1,0,0,0,0,0,0,1,0,0,1,0,0,0,0,0,1,0,1,0,0,1,Meningitis
1,0,0,0,0,1,1,1,0,0,0,1,1,1,1,0,1,1,1,1,0,0,1,0,0,1,UTI
1,0,0,0,1,0,0,1,0,1,1,1,1,0,1,0,0,1,0,0,0,0,0,0,1,1,Tuberculosis
0,0,0,1,0,0,0,0,0,0,0,1,0,0,0,1,0,1,1,0,0,0,1,0,1,0,Food Poisoning
0,1,1,1,1,1,0,0,0,1,1,1,1,0,0,0,1,1,1,1,0,0,0,0,1,1,Food Poisoning
1,1,1,0,0,1,0,1,1,0,0,0,1,1,1,1,0,1,1,0,1,0,0,0,1,0,UTI
1,0,1,1,1,0,0,0,0,1,1,1,1,0,1,1,1,0,1,1,0,1,1,0,0,0,Common Cold
0,0,1,0,0,1,0,1,1,0,0,1,0,0,1,1,1,0,0,1,1,0,1,0,0,1,Influenza
1,0,1,0,0,1,1,1,0,1,0,1,0,0,1,0,1,1,1,0,0,0,1,1,1,1,Malaria
0,1,0,0,0,0,1,0,1,1,1,1,1,0,0,0,0,1,1,1,0,0,1,0,0,0,Conjunctivitis
0,1,0,0,0,0,1,1,0,0,1,0,1,0,1,0,1,0,1,0,1,0,0,1,1,1,Malaria
0,1,0,0,0,1,1,1,1,1,0,1,0,1,1,1,0,1,1,1,1,1,0,0,0,1,Common Cold
1,1,1,1,1,1,1,1,0,0,1,1,0,0,1,0,1,0,0,0,0,0,1,0,0,0,Asthma
0,1,1,1,1,0,1,1,1,1,1,0,0,1,0,1,1,0,0,1,1,0,1,1,1,1,Arthritis
1,0,0,1,1,0,0,1,0,0,1,0,0,1,0,1,1,0,0,1,1,0,0,1,0,1,Arthritis
1,0,1,1,0,0,1,1,1,0,0,0,0,0,1,1,0,1,0,0,1,1,0,1,0,1,Food Poisoning
0,0,1,1,0,0,0,1,0,1,1,0,1,1,1,0,1,0,0,1,0,1,1,1,0,1,Arthritis
0,0,1,0,0,0,1,1,0,0,0,0,0,1,0,1,0,1,0,0,1,1,1,1,1,0,Pneumonia
0,0,1,0,0,1,1,0,0,1,0,0,0,1,0,1,1,1,0,1,1,0,1,0,1,0,Arthritis
1,0,0,0,0,1,1,1,1,0,0,0,1,0,1,0,0,1,0,0,0,0,1,1,0,0,UTI
0,0,0,0,0,1,1,0,1,1,0,0,1,0,0,1,0,0,0,1,1,1,0,0,1,0,Bronchitis
1,1,0,0,0,0,0,1,0,1,0,0,1,1,0,1,1,0,0,1,0,0,0,1,1,0,Migraine
0,0,1,0,1,1,1,1,1,1,0,1,0,1,0,1,1,0,1,1,1,0,1,0,0,0,Hepatitis
1,1,0,0,0,1,0,0,1,0,1,1,0,1,1,1,0,1,0,1,0,0,1,1,1,1,Gastroenteritis
1,0,0,0,1,0,0,1,1,1,1,1,1,0,0,1,1,1,0,1,0,1,0,1,1,1,Hepatitis
0,1,1,1,0,1,0,0,1,0,1,0,1,1,0,1,0,1,0,0,0,0,1,1,1,0,Bronchitis
0,0,1,1,1,0,1,0,1,0,1,1,0,1,0,1,1,1,0,1,1,0,0,1,0,1,Migraine
0,0,1,0,1,1,1,0,1,1,1,0,1,1,1,0,0,1,0,1,0,1,1,1,1,1,Bronchitis
0,0,0,1,1,0,1,1,1,0,1,0,1,1,0,1,1,1,1,1,0,1,1,0,1,0,Arthritis
1,1,0,1,0,0,1,0,0,0,0,1,0,1,1,0,0,0,1,0,1,0,0,0,1,1,Asthma
0,0,0,1,1,1,0,0,1,0,1,0,0,1,1,1,1,0,0,0,0,1,1,1,0,0,Tuberculosis
1,1,0,0,1,0,1,0,1,0,1,0,0,0,1,0,0,0,1,1,1,1,0,0,0,1,Hepatitis
1,0,1,1,1,1,1,0,0,1,1,0,0,1,1,1,1,1,0,0,0,0,0,1,0,1,Heart Disease
0,1,1,1,1,0,0,1,0,0,1,0,0,1,1,1,0,0,1,1,1,0,0,0,1,1,Chickenpox
1,1,1,1,0,1,0,1,0,0,1,1,1,1,1,0,1,0,1,1,1,1,0,0,0,1,Typhoid
1,1,0,1,0,1,1,0,0,1,1,1,0,1,0,1,0,1,1,0,1,1,0,0,0,0,Food Poisoning
0,1,0,1,1,1,0,1,1,1,1,0,0,0,0,1,1,1,0,0,0,1,0,0,0,1,UTI
1,0,0,0,0,1,1,1,1,1,1,0,1,1,1,0,1,1,1,0,0,1,1,0,1,0,Food Poisoning
0,1,1,0,0,0,1,1,1,0,0,1,1,0,1,0,0,0,0,0,1,0,0,1,1,0,Appendicitis
0,1,0,1,0,0,0,0,1,1,1,0,0,0,1,1,1,0,1,1,1,0,0,0,0,1,Appendicitis
0,0,1,1,0,1,1,0,0,1,0,1,1,0,1,1,0,0,0,1,1,1,1,1,1,0,Migraine
0,1,1,1,0,1,0,0,1,0,1,1,0,1,1,0,1,0,1,1,0,0,0,0,1,0,Heart Disease
1,0,0,1,0,1,0,0,1,1,0,0,0,0,0,0,0,0,1,1,1,0,1,1,0,1,Conjunctivitis
1,0,1,1,0,1,1,1,1,1,1,1,0,1,0,0,1,1,0,0,0,0,0,1,1,0,Heart Disease
0,1,1,0,1,0,0,1,0,1,1,1,1,0,1,1,0,0,0,1,1,0,0,0,1,1,COVID-19
0,0,1,1,0,0,1,0,0,0,0,0,1,0,0,1,1,1,0,0,0,0,1,1,0,1,Influenza
0,0,1,1,0,0,0,1,0,1,0,1,0,1,1,0,0,1,1,1,1,1,0,1,0,1,Bronchitis
0,1,0,0,0,1,0,0,0,0,0,1,1,1,1,0,0,1,0,0,0,0,0,0,0,0,Meningitis
0,1,1,1,1,1,1,0,0,1,1,1,1,1,1,0,0,1,0,0,1,0,0,0,0,1,Heart Disease
1,1,0,1,1,0,0,0,0,1,1,0,0,0,1,0,0,0,1,0,1,1,0,0,0,1,Tuberculosis
0,0,0,0,1,0,1,0,1,1,0,0,0,0,0,1,0,0,0,0,1,1,1,1,0,0,Tuberculosis
0,1,1,0,1,1,1,0,0,0,0,0,0,1,0,0,0,1,1,1,0,0,0,1,0,1,Appendicitis
1,1,1,1,1,0,0,0,0,0,0,1,0,0,0,1,0,0,1,1,1,1,1,0,1,1,Bronchitis
0,1,1,0,1,0,0,1,1,0,0,0,1,0,1,0,0,0,1,1,1,1,1,1,0,0,Meningitis
1,1,0,1,1,0,1,1,1,0,1,1,1,0,0,1,1,1,1,0,0,0,1,1,0,0,Influenza
0,0,1,0,1,0,1,0,1,0,1,0,1,0,1,0,0,1,1,1,1,0,0,1,0,1,Heart Disease
1,0,0,0,1,1,0,0,1,1,1,0,0,1,0,0,0,0,0,1,0,0,1,1,1,0,Gastroenteritis
1,0,0,1,0,1,0,0,0,1,0,1,1,1,1,1,1,0,1,0,0,0,0,1,1,1,Tuberculosis
1,1,0,0,1,0,1,1,1,0,1,1,0,0,0,0,1,1,1,0,1,1,0,1,1,1,Migraine
1,1,0,1,0,1,1,0,0,1,1,1,1,1,1,0,0,0,0,1,1,0,1,0,0,1,Arthritis
0,0,0,0,0,1,1,1,0,1,0,0,1,0,0,1,0,0,1,1,0,0,0,0,1,0,Arthritis
0,1,0,0,1,1,0,0,0,1,1,0,0,0,0,0,0,1,1,0,1,0,1,1,0,0,Typhoid
1,1,0,0,1,1,1,1,1,1,1,1,1,0,1,1,1,0,1,0,0,0,1,1,1,1,Pneumonia
0,0,0,1,1,1,1,1,0,1,1,1,0,1,1,0,0,1,1,1,0,1,0,0,0,1,Influenza
1,0,0,1,1,1,1,1,0,0,1,0,1,0,1,0,0,0,1,0,0,0,1,0,0,0,Conjunctivitis
1,0,0,1,1,0,1,0,0,1,0,1,0,0,1,0,0,1,0,1,0,0,0,0,0,1,Influenza
0,1,0,1,1,1,1,1,1,1,1,0,1,1,1,0,1,0,0,0,1,1,0,0,0,0,Conjunctivitis
1,1,0,0,1,0,0,1,0,1,0,1,0,1,1,0,0,0,1,1,1,0,1,0,1,1,Tuberculosis
1,1,0,0,1,1,0,0,1,0,0,0,1,1,1,1,0,1,1,0,1,1,1,0,1,1,Typhoid
1,0,0,1,1,1,1,0,1,1,0,1,0,0,0,1,1,1,0,0,0,1,0,0,1,0,Food Poisoning
1,1,0,1,0,0,0,0,1,1,1,0,0,0,1,0,0,1,0,1,0,0,1,1,0,1,COVID-19
0,1,1,1,1,1,1,0,1,1,1,0,1,1,0,0,1,1,1,0,1,0,1,1,0,1,Conjunctivitis
1,0,1,0,1,1,0,1,1,0,0,1,1,1,1,1,1,0,0,0,0,1,0,0,1,1,Asthma
1,0,0,1,0,1,1,0,0,1,0,0,0,0,0,0,0,0,0,1,0,0,1,1,0,0,Meningitis
1,0,0,1,0,0,1,1,1,0,1,1,0,0,0,0,1,1,0,0,1,0,0,1,1,0,Hepatitis
1,0,1,1,1,0,1,0,0,0,1,1,1,1,1,1,1,0,1,0,1,1,1,1,0,0,Typhoid
1,0,0,1,1,0,0,1,0,0,1,0,0,0,1,0,1,0,0,0,1,0,0,1,0,0,Influenza
1,1,1,1,0,1,1,0,1,0,1,0,1,1,0,0,0,0,1,0,0,1,0,0,1,1,Food Poisoning
1,1,1,0,1,1,0,0,1,1,0,0,0,0,1,1,1,1,0,0,1,0,1,1,0,1,Migraine
0,1,1,0,1,1,0,1,0,0,0,0,1,1,1,0,1,1,0,1,1,1,0,1,0,0,Typhoid
1,0,0,0,1,1,1,1,1,0,0,1,1,0,1,1,1,0,1,0,1,1,1,1,0,1,COVID-19
0,0,0,0,1,0,1,1,1,1,0,1,0,0,1,0,0,1,0,1,1,0,0,1,1,1,Conjunctivitis
0,0,0,0,1,0,1,0,1,0,0,1,0,0,1,1,1,1,1,0,1,1,1,1,1,0,UTI
0,0,0,1,0,0,1,0,0,0,1,0,0,1,1,0,0,0,1,0,0,0,1,0,0,1,Asthma
1,1,0,0,0,1,0,1,1,1,1,0,0,0,1,0,1,0,0,1,1,0,0,0,1,0,Conjunctivitis
0,1,0,0,0,1,1,0,1,0,0,1,0,0,0,0,0,0,0,1,0,1,0,1,1,1,Food Poisoning
1,0,0,1,1,1,0,0,0,0,0,0,1,0,0,1,1,1,0,0,0,1,0,1,0,1,Bronchitis
1,0,1,1,1,0,0,1,1,1,1,0,1,0,0,1,0,1,1,1,1,1,0,0,0,0,Pneumonia
1,1,0,0,1,0,1,0,1,0,1,0,1,0,1,0,0,1,1,0,0,1,1,1,1,0,Hepatitis
1,0,1,1,0,0,0,0,0,1,1,0,0,1,1,0,0,0,0,1,1,0,0,1,1,0,COVID-19
1,0,0,0,1,0,0,1,1,1,0,0,1,1,0,1,1,1,0,0,0,1,1,0,1,1,Gastroenteritis
1,0,0,1,1,0,1,0,1,1,0,0,0,1,1,0,0,1,1,0,0,1,1,0,0,0,Gastroenteritis
1,0,1,0,0,1,0,1,1,0,0,1,1,1,1,1,0,0,1,1,0,0,1,1,1,0,Conjunctivitis
0,0,0,0,0,1,1,0,0,1,0,1,1,1,0,1,0,1,1,1,1,1,1,1,1,1,Meningitis
1,0,0,1,1,0,1,0,1,0,0,1,0,1,0,1,1,1,1,1,0,1,1,1,1,0,Pneumonia
0,1,0,0,0,0,0,0,0,1,0,1,1,1,1,0,1,0,0,1,0,0,0,0,0,1,Influenza
0,0,0,1,0,1,1,1,0,1,0,1,0,1,0,1,1,1,1,1,0,0,1,1,0,0,Hepatitis
1,0,1,1,1,0,0,1,1,0,0,1,0,1,0,0,1,1,0,0,0,1,0,0,1,1,Food Poisoning
1,0,0,0,0,0,1,0,0,0,0,0,1,0,0,1,1,0,0,0,1,0,1,1,0,1,Bronchitis
0,0,1,0,1,1,1,0,1,1,0,0,1,1,0,1,0,1,0,1,0,0,0,0,0,1,Typhoid
0,1,0,0,0,1,1,0,0,0,1,1,1,0,1,1,1,1,1,0,1,1,1,0,0,0,Meningitis
1,1,0,0,0,0,0,0,0,0,1,1,0,1,1,0,0,1,1,0,0,1,1,1,1,1,Chickenpox
0,0,0,1,0,1,1,1,1,1,1,0,1,0,1,0,0,1,1,1,0,1,0,0,1,1,COVID-19
1,0,1,1,0,1,1,0,0,0,0,0,1,0,1,0,1,1,0,0,1,0,1,0,1,1,Asthma
1,0,0,1,1,1,0,0,1,1,0,1,0,1,1,0,1,1,0,1,0,1,1,0,0,1,Pneumonia
1,1,1,1,0,0,1,1,1,0,1,0,0,0,0,1,0,1,0,0,0,1,1,1,0,0,Common Cold
0,0,1,0,0,0,1,0,1,0,0,1,0,0,1,1,1,0,0,0,1,1,0,0,0,1,Heart Disease
1,1,0,1,1,0,0,1,1,0,1,1,1,1,0,0,0,1,0,1,0,1,1,1,0,1,Common Cold
1,1,1,1,0,1,1,1,0,0,1,1,1,0,1,1,1,0,0,1,1,1,0,0,0,1,Heart Disease
1,0,0,1,1,0,1,1,0,0,1,0,1,0,1,1,1,0,0,1,1,0,1,1,0,1,Dengue
0,0,1,0,1,0,0,1,1,0,1,0,1,0,1,0,0,0,0,1,1,0,0,1,1,1,Dengue
1,0,0,1,0,1,0,1,0,0,1,1,1,0,1,0,0,0,1,0,0,0,1,1,1,0,Malaria
1,0,1,0,0,0,1,0,0,1,0,1,0,0,0,1,0,1,1,0,1,0,1,1,0,0,Influenza
0,0,0,1,1,0,1,1,1,0,1,1,0,1,1,0,0,0,1,0,0,1,0,1,0,1,COVID-19
0,0,1,0,1,0,0,0,1,1,1,1,0,0,1,0,1,0,0,0,1,0,0,0,1,1,Tuberculosis
1,0,0,0,0,1,1,1,0,1,0,0,0,1,1,1,0,1,0,1,1,1,0,1,1,0,Chickenpox
1,0,0,1,0,0,0,1,1,0,1,0,0,0,0,0,0,0,1,0,1,0,1,1,1,0,Hepatitis
0,0,1,1,0,0,0,1,1,0,0,0,0,1,0,1,0,1,1,1,0,1,0,0,1,0,COVID-19
1,1,0,0,1,1,1,1,0,1,1,1,1,0,1,1,1,0,0,0,1,0,0,0,1,0,Hepatitis
0,0,1,0,1,1,0,0,0,1,0,0,1,0,1,1,0,1,1,0,1,0,0,1,1,1,Chickenpox
1,1,0,1,0,0,1,1,1,1,1,1,1,1,1,0,0,0,0,1,1,0,0,0,0,0,UTI
0,0,1,1,1,0,1,0,1,1,1,0,1,0,1,1,1,1,1,0,1,0,1,1,1,0,Chickenpox
0,1,0,1,1,0,1,1,1,0,0,1,0,1,1,0,0,0,1,1,0,0,1,0,0,1,Influenza
0,0,0,0,1,1,1,1,0,0,0,1,0,0,0,1,0,1,1,1,0,0,0,1,1,1,Common Cold
1,0,1,1,0,0,1,1,0,0,1,1,0,1,1,1,0,0,0,0,1,1,1,1,1,1,Appendicitis
1,0,0,0,0,1,1,0,1,0,1,0,0,1,0,0,0,1,1,1,0,0,0,1,0,1,Heart Disease
0,0,1,0,1,0,1,0,1,1,0,0,1,0,0,0,0,0,0,0,1,1,0,1,1,1,Tuberculosis
1,0,1,0,0,1,1,0,0,1,0,1,0,0,1,0,1,1,1,1,0,1,0,0,1,1,Gastroenteritis
0,1,0,0,1,0,1,0,0,0,0,0,1,0,1,1,0,1,1,0,0,1,1,0,0,1,Malaria
1,1,0,1,0,0,1,1,0,0,0,1,1,1,0,1,1,1,1,1,0,1,0,0,0,1,Arthritis
0,0,1,0,0,1,1,1,1,0,0,0,0,0,1,0,1,1,1,1,0,1,1,1,1,0,Meningitis
0,1,1,1,1,1,1,1,1,1,0,1,0,1,1,1,1,1,0,1,0,1,0,1,1,1,Malaria
1,0,1,1,1,1,1,0,1,1,0,1,1,0,0,0,0,1,1,1,0,1,1,1,0,1,Dengue
1,1,0,0,0,1,0,1,1,0,1,0,1,1,1,0,1,0,1,0,0,0,1,0,0,0,Meningitis
0,1,1,1,1,1,1,1,1,1,1,0,1,1,1,0,1,0,1,0,1,0,0,0,1,1,Bronchitis
1,1,0,0,1,1,1,1,1,1,1,1,1,1,0,0,1,1,1,0,0,0,1,1,0,0,Dengue
0,0,1,1,0,0,0,0,0,0,0,1,1,0,1,0,1,1,1,0,0,0,0,1,0,1,Heart Disease
1,1,1,1,1,1,1,1,1,0,1,0,1,0,0,1,0,1,1,0,1,0,1,0,0,0,Appendicitis
1,1,1,0,0,0,1,1,0,0,1,1,0,1,0,1,1,0,0,0,0,1,1,0,0,0,Dengue
0,0,0,1,1,0,0,1,1,0,1,1,1,1,1,1,1,1,1,1,1,0,1,0,0,0,Migraine
0,1,1,1,1,1,1,1,0,1,0,0,0,0,0,0,1,0,0,1,0,0,0,1,1,0,Meningitis
1,0,0,1,1,0,1,1,0,1,1,1,0,0,1,0,1,0,0,0,1,0,1,1,0,0,Tuberculosis
1,0,1,1,0,0,0,0,1,1,0,1,1,0,1,0,0,1,0,1,0,1,1,1,1,1,UTI
0,0,0,1,1,0,1,1,0,1,0,0,1,1,0,0,1,1,1,0,0,1,0,0,0,1,UTI
1,1,0,1,1,0,1,0,1,0,1,1,1,1,1,1,1,1,1,1,0,0,0,0,1,0,Arthritis
0,1,1,0,1,0,1,0,0,0,1,1,1,0,0,0,1,0,0,0,1,1,1,0,0,1,Typhoid
0,0,0,1,0,1,0,1,1,1,1,1,1,0,0,0,0,1,1,0,0,1,0,0,1,1,Typhoid
1,0,1,0,0,0,1,0,0,1,0,1,0,0,1,1,1,1,0,1,1,0,0,1,1,1,Meningitis
1,1,1,0,0,0,0,0,1,0,1,1,1,0,1,0,0,1,0,1,1,1,0,1,0,0,Asthma
0,1,0,1,1,1,0,1,1,0,0,1,0,1,1,0,0,1,1,1,0,0,1,0,1,0,Gastroenteritis
1,1,0,1,0,1,1,1,0,1,0,0,1,0,0,1,0,0,1,0,1,0,0,0,1,0,Dengue
0,0,0,0,0,1,1,1,0,0,0,1,0,1,0,1,0,0,0,0,1,0,1,0,0,1,Typhoid
0,0,1,1,0,1,1,0,1,1,1,1,1,0,0,1,1,1,1,0,1,0,1,1,1,1,Arthritis
1,0,1,1,0,0,1,0,0,1,1,1,0,1,0,0,1,1,1,1,0,1,1,1,1,0,Common Cold
1,1,1,0,0,1,0,1,0,0,1,0,0,0,1,0,0,1,1,1,0,1,1,1,0,1,Heart Disease
1,1,0,1,0,0,0,1,0,0,0,0,1,1,1,1,1,0,1,0,1,0,0,0,1,0,Common Cold
1,0,1,1,1,1,1,0,1,0,0,1,0,0,0,0,1,1,1,1,1,1,1,1,0,1,Appendicitis
1,1,0,1,1,0,0,1,0,1,0,1,1,0,1,1,0,0,1,0,1,1,0,1,0,0,Hepatitis
1,1,0,1,1,0,0,0,1,1,1,0,0,1,0,0,1,1,1,0,1,1,0,1,1,0,Hepatitis
1,0,0,1,0,0,1,0,0,0,0,1,1,1,0,1,0,1,1,1,0,1,1,1,1,1,Migraine
0,0,0,1,0,1,0,0,1,0,1,0,1,1,0,0,1,0,0,1,0,0,1,1,1,0,Conjunctivitis
0,0,0,0,1,1,1,1,1,0,0,1,1,0,1,1,0,0,0,1,1,0,1,1,1,0,COVID-19
0,0,0,0,0,1,0,1,0,0,1,0,0,0,0,0,0,1,0,1,0,1,1,0,0,1,Migraine
0,1,0,0,1,0,1,0,0,0,1,1,1,1,0,1,0,0,1,0,1,0,1,0,1,0,Malaria
1,1,1,1,1,0,0,1,1,0,0,1,1,0,1,1,0,1,1,0,1,0,1,1,0,1,Migraine
0,0,1,1,0,0,1,0,1,0,0,0,0,0,1,0,1,0,1,0,1,1,1,0,1,1,Heart Disease
1,1,1,1,1,1,1,1,1,0,0,1,1,0,1,1,0,0,1,0,1,0,0,1,0,0,Common Cold
1,1,1,1,0,0,1,0,0,1,1,1,1,1,0,1,1,1,0,0,1,1,1,1,1,0,Dengue
1,0,1,1,1,1,1,0,1,1,0,1,0,0,1,0,0,1,1,1,1,0,1,0,0,1,Heart Disease
0,1,0,0,0,1,0,1,1,0,1,0,1,1,0,0,0,0,1,0,0,0,1,1,0,0,Malaria
0,1,1,0,1,1,0,0,0,1,1,0,1,1,0,0,0,1,1,0,1,0,1,1,0,0,Heart Disease
0,1,1,1,0,0,0,1,0,0,0,1,1,1,1,1,0,1,0,0,1,1,1,1,1,1,Hepatitis
1,0,1,1,1,1,0,1,1,0,1,0,0,0,1,0,1,0,0,0,1,1,1,1,1,1,Migraine
0,0,0,0,0,0,0,1,1,0,1,1,0,1,0,1,0,1,0,0,0,1,1,1,1,1,Influenza
1,0,1,0,1,0,1,0,1,1,0,0,0,1,1,0,1,1,0,0,1,1,1,1,1,0,UTI
1,0,0,0,0,1,0,0,1,0,1,1,1,0,0,0,0,1,1,0,1,0,1,0,1,1,Pneumonia
1,1,0,0,0,1,0,1,1,1,1,1,1,1,0,0,0,1,0,0,0,1,0,0,0,1,Meningitis
0,0,0,0,1,1,1,0,1,0,1,1,1,0,1,1,0,1,1,1,0,0,1,1,1,0,Asthma
1,0,1,1,0,0,0,0,0,0,0,1,0,0,1,1,1,1,0,1,0,1,0,0,0,1,Asthma
1,1,0,0,1,1,1,0,0,0,1,1,0,0,0,1,1,1,0,0,0,0,1,1,1,0,Heart Disease
1,1,1,1,1,1,0,1,0,0,1,1,1,1,0,0,1,0,1,0,0,1,0,1,1,0,Gastroenteritis
1,1,1,0,0,0,1,0,0,1,0,1,1,0,0,1,1,1,1,1,1,1,0,0,1,1,Appendicitis
0,0,0,1,1,1,0,1,1,0,0,1,0,1,0,1,0,1,0,1,0,1,1,1,0,1,Hepatitis
0,0,0,0,0,1,0,0,1,0,1,1,0,1,1,0,1,0,1,0,0,1,1,0,0,0,Hepatitis
1,0,1,0,1,1,0,1,0,0,0,0,0,0,0,0,1,1,0,0,1,0,1,0,0,0,UTI
0,0,0,0,0,0,0,0,0,1,0,0,1,1,1,1,1,1,0,1,0,1,0,1,0,0,Asthma
0,1,0,0,0,0,1,0,1,0,1,1,1,0,1,1,1,0,1,0,0,0,1,1,0,1,Dengue
0,0,0,1,1,0,0,0,1,1,0,0,0,1,0,0,1,1,0,0,0,1,0,0,1,1,UTI
1,1,0,0,1,1,0,0,1,0,0,1,1,1,1,0,0,1,1,0,1,1,0,0,1,0,Pneumonia
0,1,1,1,0,1,0,0,1,0,1,0,1,0,0,1,1,0,0,1,0,0,1,1,0,0,Influenza
0,1,0,1,1,0,1,1,1,0,1,1,0,1,0,0,0,1,0,0,1,1,1,0,1,0,Migraine
1,1,0,0,0,1,1,0,1,0,1,0,0,1,1,0,0,1,0,0,0,0,1,0,0,1,Conjunctivitis
1,0,1,1,0,1,0,0,0,0,1,1,1,1,1,1,1,0,0,0,1,1,0,1,1,1,Arthritis
0,1,0,0,0,0,0,1,0,0,0,0,0,1,0,1,0,0,0,0,1,0,1,1,1,1,Influenza
1,0,1,0,1,1,0,0,1,1,0,1,0,0,1,0,1,0,1,0,1,1,1,1,0,1,Meningitis
1,0,0,1,0,0,0,1,0,1,1,1,1,1,0,1,1,1,0,1,1,1,0,1,0,0,Conjunctivitis
1,1,0,1,0,0,1,0,0,0,0,1,0,0,0,1,1,0,1,0,1,0,1,1,0,0,Appendicitis
1,1,0,1,0,1,1,0,1,0,0,1,0,0,1,1,1,1,0,0,1,0,1,1,1,0,Arthritis
1,0,1,0,1,0,1,0,0,0,1,1,0,0,0,1,0,1,1,0,1,0,0,1,1,0,Common Cold
1,0,0,1,1,0,0,0,0,1,1,1,0,0,1,1,0,1,1,0,1,0,1,0,0,1,Food Poisoning
1,0,1,1,0,1,1,1,1,1,0,1,0,0,0,1,1,0,0,0,0,1,1,1,1,1,Arthritis
1,0,0,0,0,1,0,1,0,1,1,1,1,1,0,1,0,0,1,1,1,0,1,0,1,1,Appendicitis
1,0,1,1,1,0,0,1,1,1,0,1,0,1,0,0,1,1,1,0,0,1,0,0,0,0,Gastroenteritis
0,0,1,1,1,0,0,0,0,1,1,1,0,1,0,1,1,1,0,1,1,0,0,0,1,1,Dengue
1,0,1,1,0,0,1,0,1,0,0,0,1,1,0,0,0,1,1,0,0,1,0,1,1,0,Malaria
0,1,1,1,1,0,0,1,0,1,1,0,1,0,1,1,1,1,0,0,0,1,1,1,1,1,Meningitis
1,1,1,0,1,0,0,1,1,1,1,0,0,0,1,1,1,0,0,1,0,1,0,1,1,1,COVID-19
1,1,0,0,0,1,1,1,0,1,1,1,1,0,1,0,1,0,0,0,1,1,0,1,0,1,COVID-19
0,0,1,1,0,1,0,1,1,1,1,1,0,0,1,1,1,1,0,0,0,0,0,0,1,0,Malaria
1,0,1,1,0,1,0,1,0,0,0,0,1,1,1,1,1,1,1,1,1,1,0,0,1,0,Gastroenteritis
0,0,0,1,1,1,0,1,0,1,0,1,1,1,0,1,1,0,0,0,1,0,0,1,0,1,Migraine
0,1,0,1,0,1,0,0,0,0,0,0,0,0,1,0,0,1,1,1,1,1,0,0,1,0,Tuberculosis
0,1,0,0,1,0,1,0,1,1,1,0,1,0,0,0,1,0,0,0,0,1,0,0,0,1,Heart Disease
0,0,1,1,1,1,0,0,0,1,1,0,1,1,0,1,0,0,0,0,0,1,0,0,1,1,Malaria
1,0,0,1,1,0,1,1,0,0,0,1,1,0,0,0,1,0,1,1,1,0,0,0,0,0,Arthritis
0,0,1,1,1,1,1,0,1,0,0,0,1,0,0,0,1,1,0,0,1,1,1,1,0,1,Heart Disease
0,1,0,1,0,0,1,1,0,1,0,1,0,0,0,1,1,1,1,0,1,0,1,1,0,0,Food Poisoning
1,1,0,1,0,0,0,1,0,1,1,1,1,1,1,1,0,1,0,1,0,1,1,1,0,1,Bronchitis
0,0,1,0,0,1,1,1,0,1,0,1,1,0,0,1,0,1,1,1,0,0,1,0,1,0,Arthritis
0,0,0,0,1,0,1,1,1,0,0,0,0,1,1,1,1,0,1,1,1,0,0,0,0,0,Chickenpox
0,1,1,0,0,1,1,1,0,1,1,0,1,1,0,0,1,1,0,1,0,1,0,0,1,0,Hepatitis
1,1,0,0,1,1,0,1,0,0,1,1,0,0,0,1,1,0,0,1,0,1,1,1,1,1,Migraine
1,1,1,1,1,0,0,1,1,0,1,0,1,0,0,1,0,1,1,0,1,0,0,0,1,0,Malaria
0,1,0,0,1,0,1,1,1,0,1,0,1,1,0,0,0,1,1,1,1,1,1,1,0,1,Asthma
0,1,1,1,1,0,0,1,1,1,0,0,0,1,0,1,0,1,0,1,0,0,0,0,0,0,UTI
0,0,1,1,1,0,1,0,1,1,0,1,1,1,1,1,1,0,0,1,1,1,0,0,0,1,Influenza
0,0,0,1,1,1,0,1,0,0,0,0,0,1,1,0,0,0,1,1,1,0,0,0,1,0,Tuberculosis
1,0,1,0,0,0,0,0,0,1,0,0,0,0,0,0,1,0,1,1,1,0,0,1,0,0,Typhoid
1,1,1,1,0,0,1,0,1,0,1,1,0,1,1,0,1,1,1,1,0,0,0,0,0,0,Migraine
0,1,1,1,0,0,0,1,0,1,1,1,1,1,0,1,1,1,1,0,0,1,0,0,1,0,Dengue
1,0,1,0,0,0,1,0,1,0,0,0,1,0,0,0,0,0,1,1,1,1,1,0,1,1,Gastroenteritis
0,1,0,0,0,0,1,1,1,1,0,0,1,1,0,0,1,1,1,0,0,1,1,1,1,1,Arthritis
0,0,1,1,0,1,1,0,0,1,0,1,1,0,0,1,1,1,1,0,0,0,0,1,1,0,Tuberculosis
0,0,0,0,1,0,1,0,1,1,1,0,0,0,0,0,1,1,1,0,0,0,0,0,1,1,Dengue
1,0,0,1,0,0,1,1,0,0,1,1,1,0,1,1,0,0,1,1,1,0,1,0,1,1,Common Cold
1,0,0,1,1,0,0,1,0,1,0,0,0,0,1,0,1,1,1,0,0,1,1,0,1,0,Appendicitis
1,0,0,0,1,0,0,0,1,1,0,1,0,0,0,0,0,0,0,1,1,1,0,0,1,0,Migraine
0,0,0,0,0,1,1,0,0,0,1,1,0,0,1,1,1,0,1,1,0,0,1,1,1,1,Chickenpox
1,0,0,0,0,1,0,1,0,1,1,0,1,0,1,1,1,0,1,1,0,0,0,0,1,0,Malaria
1,1,0,1,1,1,1,0,1,1,0,0,1,0,0,1,0,0,1,0,1,1,1,1,0,1,Arthritis
1,1,0,1,1,0,0,1,0,0,1,0,0,0,0,1,1,0,1,1,0,0,0,0,0,1,Tuberculosis
0,1,1,1,0,1,0,0,0,0,1,1,0,1,1,1,0,1,0,0,1,0,1,0,0,0,Migraine
1,1,0,0,1,0,1,0,1,1,1,1,0,0,1,1,0,0,1,0,1,0,1,0,0,0,Tuberculosis
1,0,1,0,1,1,1,0,0,1,0,1,0,0,1,0,0,1,0,1,1,1,1,1,0,1,Arthritis
1,1,0,0,1,0,0,1,1,1,0,0,0,0,0,0,0,0,1,0,0,0,1,1,1,0,Hepatitis
1,1,1,0,1,1,1,0,1,0,0,0,1,0,0,1,1,0,0,1,0,1,0,1,0,1,Conjunctivitis
0,0,1,1,0,0,0,0,0,0,0,0,1,1,1,0,0,0,1,1,1,1,0,1,1,0,Influenza
1,0,0,1,1,1,0,0,0,0,1,1,0,1,0,1,0,0,0,1,1,1,1,1,0,0,Heart Disease
1,0,1,0,1,0,0,1,0,0,0,1,0,1,0,1,0,0,0,0,1,0,1,0,0,0,Arthritis
0,0,0,0,1,1,0,1,0,1,0,0,0,1,1,0,1,0,1,1,0,0,0,0,1,1,Malaria
1,1,1,0,0,0,0,1,1,1,0,0,1,1,0,1,1,0,0,0,0,0,0,1,0,1,Conjunctivitis
0,0,0,1,1,0,0,1,0,0,0,1,0,1,1,1,1,1,0,1,1,0,1,1,0,1,Meningitis
1,1,1,0,1,1,1,1,0,0,1,0,1,1,0,0,0,0,0,1,1,0,1,1,0,1,Tuberculosis
1,0,0,0,0,0,0,1,0,0,1,1,1,1,1,0,1,0,1,0,1,1,0,0,0,0,Appendicitis
1,1,0,1,1,1,1,1,0,0,0,1,0,0,0,1,1,1,1,1,0,0,0,0,0,1,Appendicitis
0,1,1,1,1,0,1,0,0,1,1,1,0,0,0,0,0,0,0,0,0,0,1,0,1,0,Food Poisoning
1,0,0,0,0,1,1,0,1,0,1,0,1,0,0,0,1,0,1,0,0,0,0,0,1,1,Food Poisoning
1,0,1,1,0,1,0,0,0,0,1,0,1,0,0,0,1,0,1,0,1,1,0,1,0,1,Pneumonia
0,1,1,1,0,0,0,0,0,0,1,0,1,1,1,0,1,1,0,0,1,1,1,1,1,1,Pneumonia
0,0,1,0,0,1,1,1,0,1,1,1,0,1,1,1,0,1,0,0,0,0,0,1,1,0,Heart Disease
1,1,0,1,0,0,1,0,0,0,1,1,0,0,1,0,0,1,0,0,0,1,0,0,1,1,Conjunctivitis
1,1,1,1,1,0,0,0,1,1,1,0,0,1,1,1,1,0,1,0,0,0,1,1,1,0,Hepatitis
0,1,0,1,1,0,1,1,0,1,1,0,0,0,1,1,0,0,0,1,0,1,1,1,0,0,Heart Disease
0,0,1,0,0,1,0,0,0,0,1,0,0,1,0,1,1,0,1,1,1,1,1,0,0,0,Arthritis
1,1,1,1,0,1,0,1,1,1,0,1,0,1,0,0,1,0,1,1,0,0,1,0,1,0,Conjunctivitis
0,0,0,1,1,1,0,1,1,1,0,1,0,0,1,1,0,1,1,0,0,0,1,1,1,1,Chickenpox
0,1,0,1,1,0,0,0,0,0,0,0,0,1,0,0,1,0,0,0,0,1,0,0,1,0,Hepatitis
1,1,0,1,0,0,0,1,1,1,0,0,0,0,1,0,0,1,1,1,1,1,0,0,1,1,Conjunctivitis
1,0,0,1,1,1,1,1,1,1,1,1,0,0,0,1,0,0,1,1,0,1,0,0,0,1,Asthma
0,1,0,1,1,1,1,0,0,1,0,1,0,1,0,1,0,1,0,1,1,0,0,0,1,0,Meningitis
1,1,1,0,1,1,1,1,0,0,0,1,0,1,0,1,0,0,0,1,1,0,1,0,1,0,Chickenpox
0,1,0,0,1,0,1,0,1,1,1,0,1,1,0,0,0,1,1,0,0,0,1,0,0,0,UTI
0,0,1,1,1,1,0,0,0,1,0,1,1,0,0,0,0,0,1,0,0,0,1,0,0,0,Common Cold
1,1,1,1,1,0,0,1,1,1,1,0,1,0,1,1,0,0,1,0,0,0,1,1,1,0,Chickenpox
1,1,0,1,1,1,0,0,0,0,1,1,0,1,1,1,0,1,1,0,0,0,0,0,0,0,Malaria
0,1,0,0,0,0,1,1,0,0,1,0,1,0,1,0,0,0,0,0,0,1,0,0,0,1,Typhoid
0,1,1,0,1,1,1,0,1,0,1,1,1,0,0,0,0,1,1,1,1,1,0,0,1,1,Asthma
1,1,1,0,0,0,0,0,1,0,0,0,0,1,1,1,0,1,0,1,1,1,0,1,0,0,Arthritis
0,0,1,1,0,0,0,0,0,1,1,1,1,1,0,1,1,0,0,1,0,1,1,0,1,1,Malaria
0,1,0,0,0,0,0,0,0,0,1,0,0,0,1,1,1,0,0,0,0,0,1,0,0,1,Meningitis
0,1,0,0,1,0,1,0,0,1,1,0,1,0,0,0,0,0,0,1,1,0,1,0,1,1,Appendicitis
1,1,0,0,0,1,0,1,0,1,1,1,0,1,0,0,0,0,1,0,1,1,1,1,0,1,Arthritis
0,0,1,0,0,0,1,0,1,1,0,1,1,1,1,0,0,1,1,0,0,0,0,1,1,0,Malaria
1,1,0,1,1,0,1,1,1,1,0,1,1,0,0,1,0,0,1,1,0,1,1,0,1,0,Arthritis
1,1,1,1,1,1,0,1,1,0,0,0,0,1,1,0,0,0,1,0,1,0,1,0,0,0,Pneumonia
1,1,0,1,1,0,1,1,1,1,0,1,1,1,0,1,0,1,1,1,1,1,0,0,0,1,COVID-19
1,1,0,0,0,1,1,0,0,0,1,0,1,1,0,0,0,1,1,1,0,0,1,1,1,0,UTI
0,0,0,0,1,0,0,1,1,1,1,1,1,1,0,0,0,0,0,0,1,1,0,1,0,0,Conjunctivitis
1,1,1,0,0,0,1,0,1,1,0,1,1,0,1,1,0,0,1,0,1,0,1,1,1,1,Common Cold
1,1,0,1,0,0,1,0,1,0,1,1,1,1,1,1,0,1,0,0,1,0,1,1,1,1,Chickenpox
0,0,1,1,0,1,1,0,1,0,1,1,1,1,0,1,1,1,1,0,0,1,1,0,0,0,Bronchitis
0,1,1,0,1,1,1,0,0,0,0,1,0,0,1,1,1,1,1,1,1,0,0,0,1,1,Typhoid
1,0,1,1,1,0,1,0,0,0,0,1,1,1,0,1,1,0,0,0,1,1,0,0,1,1,Pneumonia
0,1,1,1,0,0,1,0,1,0,1,1,0,0,0,0,0,0,1,0,0,0,1,0,1,1,Malaria
0,1,1,0,1,1,0,1,0,0,1,1,1,1,0,1,1,1,0,0,1,1,0,1,1,0,COVID-19
1,0,0,0,1,0,0,1,1,1,1,1,1,1,0,0,1,0,0,0,1,1,0,1,0,0,Migraine
1,1,1,0,1,0,1,1,1,0,1,1,1,1,0,0,1,0,1,1,0,0,1,0,1,1,Tuberculosis
0,0,0,0,0,0,0,0,1,1,0,1,1,0,0,1,0,1,0,0,1,1,1,0,0,1,Appendicitis
0,1,1,0,1,0,0,0,1,0,1,0,1,0,1,0,1,0,0,0,0,1,1,1,1,1,Hepatitis
1,1,1,0,0,1,0,1,1,0,0,0,0,0,0,0,0,1,1,1,0,0,1,1,0,1,Gastroenteritis
0,0,0,1,1,0,0,1,1,1,0,0,1,1,0,0,0,0,1,1,0,1,0,1,1,1,Tuberculosis
1,0,1,0,0,0,1,1,1,0,1,1,0,0,0,1,0,0,1,0,1,1,1,1,1,0,Food Poisoning
0,0,1,1,0,0,1,1,0,0,1,0,0,0,1,0,1,1,1,0,1,1,1,1,1,0,Asthma
0,1,0,0,1,0,1,0,1,0,1,1,1,1,0,0,1,0,1,1,0,0,0,0,1,1,Chickenpox
0,0,0,0,0,1,1,1,0,0,1,1,0,1,0,0,0,0,0,0,1,0,1,0,0,1,Migraine
1,1,0,0,0,0,1,1,0,1,0,0,0,0,1,1,0,0,0,0,0,0,1,1,0,0,UTI
1,0,0,0,0,1,0,1,0,0,1,0,0,0,0,1,1,0,1,1,0,0,1,0,1,0,Heart Disease
1,1,0,1,0,1,1,0,1,1,1,1,1,0,1,1,1,0,1,1,0,1,1,0,0,0,Dengue
1,1,0,0,0,0,0,1,0,1,1,0,0,0,0,0,0,1,1,1,0,1,0,0,0,1,Malaria
1,1,0,0,1,1,0,0,1,1,1,0,1,0,1,1,0,0,0,1,0,1,0,0,0,0,Heart Disease
0,1,1,1,1,1,1,1,0,1,0,1,0,0,1,0,1,0,1,1,0,1,1,1,1,1,Tuberculosis
0,1,1,0,1,1,0,1,0,1,1,1,1,1,0,1,0,0,1,1,1,1,0,0,0,1,Heart Disease
1,1,0,1,1,0,1,1,0,0,0,0,0,0,0,1,1,1,0,0,0,1,0,0,0,0,Heart Disease
0,0,0,1,1,1,0,0,1,1,1,0,1,0,1,0,1,0,0,1,0,0,0,1,0,0,Food Poisoning
0,1,1,0,0,1,1,1,1,0,1,0,0,1,1,1,0,0,0,1,0,1,0,0,1,1,Appendicitis
0,1,0,0,1,0,0,1,0,1,1,1,0,1,1,1,1,0,0,0,0,1,0,0,0,0,Food Poisoning
1,0,0,1,1,1,0,1,1,1,1,0,1,1,0,1,1,1,0,0,0,1,1,0,1,1,Hepatitis
0,1,1,0,0,1,1,0,1,0,1,1,1,1,0,0,1,0,1,0,1,1,0,1,0,1,Migraine
0,0,1,1,0,0,1,0,0,0,0,0,1,1,1,0,1,0,0,1,1,1,1,1,1,1,Common Cold
1,0,0,0,0,0,0,0,0,1,0,1,1,1,0,0,1,0,0,0,1,0,1,0,0,1,Influenza
1,1,1,0,1,0,1,1,0,0,1,0,1,1,0,1,1,0,0,0,1,0,1,0,1,0,Malaria
1,1,1,0,0,1,0,1,0,0,1,0,0,0,0,0,0,0,0,1,1,0,1,0,0,1,Dengue
1,1,1,0,1,1,1,1,1,0,0,1,1,0,1,0,1,0,1,0,0,1,0,1,0,1,Influenza
0,0,1,1,1,1,1,0,1,1,1,1,0,1,0,0,0,1,0,0,1,1,0,1,1,0,Typhoid
0,1,1,1,1,0,1,0,1,0,0,1,0,0,1,1,1,1,0,1,1,1,1,1,1,0,Meningitis
0,0,1,1,0,0,1,0,0,1,1,1,0,0,1,1,0,0,0,0,1,1,0,0,1,0,Malaria
0,1,1,0,0,0,0,0,0,0,0,0,0,0,0,0,1,1,0,0,0,0,1,1,0,1,Meningitis
1,1,1,0,0,0,1,1,0,0,0,1,0,0,0,1,1,1,0,1,1,0,1,0,1,0,Heart Disease
1,0,0,1,1,1,0,0,0,0,0,0,0,0,1,0,1,1,1,1,0,0,0,0,1,0,Pneumonia
0,1,1,0,0,1,0,0,1,0,0,1,0,1,0,0,1,1,0,1,0,0,1,0,0,0,Hepatitis
0,1,0,0,0,1,0,1,0,0,0,0,1,1,1,1,1,0,1,0,0,0,1,0,1,1,Migraine
0,1,1,0,0,1,0,0,0,0,1,0,0,0,0,1,1,0,1,1,0,1,0,0,0,1,Typhoid
0,0,1,1,0,1,0,1,1,0,1,1,0,0,1,1,0,1,0,0,1,1,0,0,0,1,Heart Disease
0,1,1,0,1,0,1,0,0,1,0,0,0,1,0,1,1,1,0,1,1,0,1,1,1,1,Tuberculosis
1,1,1,1,0,0,1,0,0,0,1,0,0,1,1,0,0,1,0,1,0,0,1,1,1,0,Meningitis
1,1,1,0,1,1,1,0,1,1,1,0,0,1,1,1,1,1,1,1,0,0,1,0,0,1,Pneumonia
1,0,1,1,0,0,1,0,1,0,0,0,0,1,1,1,0,1,1,1,0,1,0,0,1,0,Gastroenteritis
1,1,1,0,0,1,1,1,0,1,1,0,1,1,1,0,1,0,0,0,1,0,1,1,1,1,Hepatitis
0,1,0,1,1,0,0,0,0,1,0,0,1,0,0,1,1,0,1,0,1,0,0,0,1,1,Hepatitis
1,0,1,0,0,1,0,0,0,0,1,1,0,0,0,0,1,0,1,1,1,0,0,0,1,1,Tuberculosis
0,0,0,1,1,1,0,1,1,1,1,0,0,0,0,0,0,1,1,1,0,0,0,1,0,1,Bronchitis
1,1,1,1,0,0,1,0,0,1,0,1,1,0,1,1,0,1,1,1,0,0,1,0,1,0,Asthma
1,1,0,0,1,0,1,0,0,1,1,0,1,1,1,0,1,0,0,0,0,0,1,0,1,0,Appendicitis
1,1,0,1,0,1,0,1,1,0,1,0,1,1,0,1,0,1,0,1,1,0,1,0,0,0,Influenza
1,1,1,1,0,1,1,1,0,1,0,1,1,1,0,0,1,0,1,1,0,0,0,1,1,0,Arthritis
1,1,1,1,1,1,0,0,0,1,0,0,1,0,1,1,1,0,1,0,0,0,0,0,1,0,Gastroenteritis
1,1,0,0,0,1,1,1,0,1,0,1,0,0,0,1,1,1,1,1,0,1,0,1,0,1,Dengue
1,0,1,1,1,0,1,1,1,1,0,0,0,1,0,1,1,1,0,1,1,1,0,0,1,1,Common Cold
1,1,0,0,0,0,0,0,1,1,1,0,1,0,0,1,0,1,1,1,0,1,0,0,0,1,UTI
1,0,0,1,0,0,0,1,1,0,1,1,0,1,1,0,0,1,1,0,1,0,0,0,0,0,Hepatitis
0,1,1,1,0,0,1,0,0,0,0,0,0,1,0,0,1,0,0,1,0,1,1,0,0,0,Chickenpox
0,1,0,0,1,0,0,0,1,1,1,0,0,0,0,0,0,1,0,1,0,1,0,0,0,1,Dengue
1,1,0,1,0,1,1,0,0,0,0,0,0,0,0,1,0,0,1,0,0,1,0,1,1,0,Food Poisoning
0,1,1,1,0,1,0,1,1,0,0,0,1,0,0,1,1,1,1,1,1,0,0,0,1,0,Arthritis
0,0,0,1,1,1,1,1,0,1,0,0,1,0,0,1,1,1,0,1,0,1,0,0,1,0,Asthma
1,1,0,0,0,1,0,0,0,0,1,1,1,0,0,0,0,0,1,1,0,1,1,1,0,1,Typhoid
1,1,0,1,1,1,0,1,0,1,0,0,1,1,0,1,1,0,1,1,0,1,1,0,1,0,Dengue
0,1,0,1,0,0,0,0,0,0,0,1,0,1,1,1,0,1,0,0,0,0,1,0,0,0,Chickenpox
0,1,0,0,1,0,0,1,1,0,1,1,0,0,0,1,1,1,1,0,0,0,0,0,1,0,Dengue
0,1,1,1,1,0,1,0,0,1,1,1,0,0,0,1,1,0,0,1,0,0,1,0,0,1,Meningitis
0,0,1,0,1,0,1,0,1,1,0,1,0,0,1,1,1,1,1,0,1,1,1,1,0,0,Meningitis
0,0,1,1,1,0,1,0,1,0,1,0,1,1,1,1,1,0,0,0,0,0,0,0,1,1,Tuberculosis
0,1,0,1,0,0,0,1,1,1,1,1,0,0,0,1,1,0,0,1,1,1,0,1,1,0,Heart Disease
1,1,1,0,0,0,0,0,0,0,0,1,1,0,1,0,1,0,1,1,0,0,0,0,0,0,Food Poisoning
1,0,1,1,1,1,0,1,1,0,1,0,0,0,0,0,0,1,1,0,1,0,1,0,0,0,Pneumonia
0,1,1,0,0,1,1,0,1,0,0,1,1,1,0,0,1,0,1,1,1,0,0,0,0,1,Appendicitis
0,0,0,0,0,1,1,0,1,0,0,1,1,0,1,1,0,1,1,0,1,1,1,0,0,1,Bronchitis
0,0,0,1,1,0,0,1,0,1,1,1,0,0,0,0,1,1,0,0,1,1,1,1,0,1,Influenza
0,0,0,0,1,1,1,0,0,1,1,1,0,1,0,1,1,1,1,1,1,0,0,0,0,1,Tuberculosis
0,0,1,1,1,1,1,0,1,0,0,0,0,1,1,1,1,1,0,0,0,0,1,1,1,1,Pneumonia
0,0,0,0,1,1,1,0,1,1,0,0,1,0,1,1,0,0,1,1,0,0,0,1,1,0,Pneumonia
0,0,1,0,1,1,1,1,0,0,0,1,0,0,0,1,0,0,0,0,1,0,1,1,1,0,Gastroenteritis
0,1,1,0,0,0,0,0,0,0,0,1,0,0,0,0,1,0,0,0,1,0,0,0,1,0,Typhoid
1,0,0,1,1,0,0,0,1,1,1,0,0,1,0,0,0,0,1,0,1,1,1,0,0,0,Hepatitis
0,1,0,1,0,0,0,1,1,0,1,1,1,1,0,1,1,0,1,0,1,1,1,0,1,1,Malaria
0,0,1,1,1,1,0,1,1,0,0,1,1,1,0,1,1,1,1,1,1,0,0,0,1,0,Gastroenteritis
1,1,0,0,1,0,1,0,1,1,0,0,0,0,1,1,0,0,0,1,1,1,1,0,1,1,UTI
0,1,0,1,0,1,0,1,0,0,1,0,1,0,0,1,0,1,0,1,1,1,1,0,0,0,Dengue
0,1,0,0,0,0,0,1,0,1,1,1,1,1,0,0,1,0,0,0,0,1,1,0,0,0,Hepatitis
0,0,1,1,0,1,1,1,1,1,0,1,0,0,0,1,1,1,1,1,0,1,0,1,1,0,Conjunctivitis
1,0,0,1,0,1,0,1,0,1,1,0,0,1,1,1,0,0,1,0,1,0,0,0,1,1,Hepatitis
1,0,0,1,1,1,1,1,0,0,1,1,0,1,0,0,0,0,1,0,0,1,0,1,0,0,Bronchitis
0,1,1,1,1,1,1,1,0,0,1,1,1,0,0,0,1,1,0,0,0,0,0,0,0,1,Meningitis
1,1,0,1,1,0,1,1,0,0,1,0,0,0,0,1,1,1,1,1,1,1,1,1,0,0,Arthritis
0,0,1,0,1,1,1,1,1,1,1,1,1,0,0,0,0,0,0,1,0,0,1,1,0,0,Heart Disease
0,1,1,0,0,0,1,1,1,0,1,0,0,1,1,0,1,1,1,1,0,0,1,1,0,1,Asthma
1,1,1,0,0,1,1,0,1,1,1,1,1,0,1,0,1,0,0,1,0,0,1,1,0,1,Dengue
0,1,0,0,1,1,0,1,1,1,0,1,0,0,1,0,0,1,1,1,0,1,1,1,1,1,Hepatitis
1,1,0,0,1,1,0,0,1,1,1,0,1,0,0,1,0,0,0,0,1,1,0,0,0,1,UTI
1,1,1,1,0,1,1,0,1,1,0,1,0,1,0,1,1,1,0,1,0,1,1,0,1,1,Typhoid
0,1,1,0,1,0,1,0,1,0,0,1,0,1,0,0,0,0,0,1,1,1,0,1,0,1,Malaria
0,1,0,0,0,0,0,1,0,1,0,0,0,1,1,1,0,0,1,1,1,1,0,1,0,1,Food Poisoning
1,1,0,0,1,1,0,0,1,1,0,1,0,1,1,0,0,1,0,1,0,0,0,0,1,1,Tuberculosis
1,1,1,0,1,1,0,0,1,1,0,1,1,1,0,1,0,1,0,0,1,1,0,1,1,0,Conjunctivitis
0,1,0,0,0,1,0,1,1,0,0,1,0,1,0,0,1,0,1,0,0,1,1,0,0,0,COVID-19
1,0,1,0,0,0,0,0,1,0,0,0,1,0,1,0,0,0,0,1,0,1,0,0,0,0,Asthma
0,0,0,0,0,1,1,1,0,0,0,0,1,0,1,0,1,0,1,0,1,1,0,0,0,0,Food Poisoning
0,1,0,1,0,0,1,0,1,1,1,0,1,1,1,1,0,1,0,1,1,0,1,1,0,0,COVID-19
0,1,1,1,0,0,1,0,0,1,1,0,0,0,1,0,0,1,0,1,0,0,1,0,1,1,Typhoid
0,0,0,0,1,1,1,1,1,0,0,0,0,0,1,1,0,0,0,1,1,1,0,1,1,0,Food Poisoning
0,0,1,1,1,1,0,1,0,1,0,0,0,1,0,1,1,0,0,0,1,1,1,1,1,0,Asthma
1,0,1,1,0,1,0,1,0,1,0,1,0,1,0,1,0,0,0,0,0,0,0,1,1,1,Tuberculosis
1,0,1,1,1,1,1,1,1,1,0,1,0,1,1,1,1,0,0,1,1,0,0,1,1,0,Asthma
1,0,0,0,0,0,1,0,0,1,0,0,1,1,1,0,0,0,1,1,0,1,1,0,0,0,Malaria
0,1,0,0,1,1,1,0,0,1,0,0,0,1,0,0,1,0,1,0,0,0,1,0,1,1,Appendicitis
1,0,0,1,0,1,0,0,1,0,1,0,0,0,1,0,0,1,0,0,0,1,0,1,1,1,UTI
0,0,1,0,0,0,0,0,0,1,1,1,0,1,1,1,1,0,0,0,1,1,1,0,0,1,Influenza
0,0,0,0,1,1,0,1,1,1,1,1,0,0,0,0,0,1,1,1,1,1,0,0,0,0,Meningitis
1,0,1,0,1,1,0,1,0,0,0,1,0,1,1,0,0,0,0,1,0,1,1,1,0,1,Common Cold
0,1,0,0,1,1,0,0,0,0,1,0,0,1,0,1,0,1,1,0,1,1,0,1,1,1,Arthritis
0,1,0,1,1,0,0,0,1,0,1,1,1,0,1,0,0,1,0,1,1,0,0,1,0,1,Migraine
0,1,0,0,1,0,0,1,1,0,1,0,0,0,1,0,0,1,0,1,1,1,0,1,1,1,Common Cold
0,0,1,1,1,1,0,0,1,0,1,0,1,0,1,0,0,1,1,0,0,0,1,1,0,1,Hepatitis
1,1,0,1,0,0,1,0,1,1,0,0,0,1,1,1,0,0,0,1,0,0,1,0,0,0,Common Cold
1,1,0,1,1,0,0,1,1,1,0,0,0,1,1,0,0,1,0,1,1,1,1,0,1,0,Hepatitis
0,1,0,0,0,0,0,1,0,1,0,1,0,1,1,0,0,0,0,0,0,1,1,0,1,0,Bronchitis
0,1,0,0,0,0,1,0,0,0,1,0,0,0,0,0,0,0,1,1,0,0,0,1,1,1,Typhoid
1,0,0,1,0,1,1,1,1,1,1,1,1,1,1,0,0,1,1,1,1,1,0,1,1,0,Pneumonia
0,1,0,0,0,0,0,0,1,1,0,0,1,1,0,1,1,1,1,0,0,1,0,1,1,1,Dengue
0,1,0,0,0,1,0,1,0,1,0,1,1,0,1,0,1,1,1,0,0,1,1,0,0,0,Influenza
0,0,1,0,0,0,0,0,0,1,0,1,1,1,0,0,1,1,1,1,1,0,1,1,1,1,Appendicitis
1,1,0,0,1,1,0,1,1,1,0,0,0,1,0,0,1,1,1,1,1,1,0,0,0,0,Influenza
1,0,1,0,0,0,0,0,0,1,1,1,0,1,0,0,1,1,1,0,0,0,0,0,0,0,Pneumonia
1,1,1,1,0,0,1,0,0,1,0,0,1,0,1,0,0,1,1,0,0,1,1,0,0,1,Conjunctivitis
0,1,1,1,1,0,1,1,0,1,0,1,0,0,1,0,1,0,0,0,0,1,0,0,1,0,Arthritis
1,1,1,0,1,1,1,1,1,0,1,1,1,0,0,0,0,0,0,1,0,1,0,0,1,0,Tuberculosis
1,0,1,1,1,0,1,1,0,0,0,0,1,0,1,1,0,1,1,1,1,1,1,0,1,1,Tuberculosis
1,1,1,1,1,1,0,1,0,0,0,1,0,0,1,0,1,1,0,0,1,1,0,1,0,0,Hepatitis
0,1,1,1,0,1,0,1,1,0,0,0,0,0,1,1,0,0,1,0,0,1,1,0,1,0,Chickenpox
1,1,1,0,1,0,0,0,0,1,1,1,1,0,0,0,0,1,0,0,0,1,0,1,1,0,COVID-19
1,1,0,1,1,0,0,1,0,1,0,0,1,1,1,0,1,0,1,0,1,1,1,1,1,1,Hepatitis
1,0,1,1,0,0,1,0,1,0,0,1,1,0,1,0,1,1,0,1,0,1,1,0,0,0,Appendicitis
1,0,0,1,0,0,1,1,1,1,0,1,0,0,0,1,1,0,1,1,0,0,1,0,1,1,Chickenpox
0,1,1,1,1,1,1,1,0,0,1,0,1,1,1,1,1,0,1,0,0,1,0,1,0,1,Appendicitis
1,0,0,0,0,0,1,0,0,0,1,1,0,0,1,0,1,1,1,1,0,1,0,1,1,1,Appendicitis
0,0,1,1,0,0,1,0,1,1,0,1,0,0,0,1,0,1,1,1,1,1,1,0,0,1,Hepatitis
1,0,0,1,1,1,1,1,1,0,1,0,0,0,1,0,0,1,1,1,1,0,0,1,0,0,Asthma
1,1,1,1,0,0,0,1,1,1,1,0,0,0,1,1,1,0,1,1,1,1,1,1,0,1,Malaria
1,1,1,1,0,1,0,0,1,0,0,0,1,1,0,1,1,1,0,0,0,0,1,1,0,1,Arthritis
0,0,1,1,0,0,0,0,1,1,0,0,0,0,0,1,0,1,0,1,1,1,1,1,1,0,UTI
0,1,0,0,0,0,0,0,0,1,0,1,0,0,0,1,1,0,0,0,0,1,0,0,0,0,Conjunctivitis
1,0,1,1,0,0,1,0,1,0,1,0,1,1,1,0,0,0,0,0,1,0,1,1,1,1,Gastroenteritis
0,1,0,1,0,1,1,0,0,0,0,1,1,1,1,1,0,1,0,1,0,0,0,1,1,0,COVID-19
0,1,1,0,0,0,0,1,1,1,1,1,0,1,1,0,1,1,0,0,1,0,0,0,1,1,Arthritis
1,0,1,1,0,1,0,1,0,1,0,1,1,0,0,1,1,1,1,0,0,1,1,1,1,1,Meningitis
1,1,0,1,1,1,0,0,1,0,0,0,1,1,0,1,1,0,0,0,1,0,0,1,1,0,Dengue
0,1,1,1,1,1,1,0,0,0,1,1,0,0,0,1,1,0,1,0,1,1,1,1,1,1,Gastroenteritis
1,0,0,0,0,0,1,0,1,0,1,0,0,1,0,0,1,1,1,1,1,1,0,1,1,0,Migraine
1,0,0,1,1,1,0,1,0,0,0,1,1,0,0,1,1,1,1,1,1,0,0,1,1,1,Hepatitis
0,1,0,1,0,0,0,0,0,1,1,0,0,1,0,1,1,0,1,0,0,0,1,0,1,1,Malaria
0,1,1,0,1,1,1,1,1,1,1,0,0,0,0,0,1,0,0,0,1,1,0,0,1,0,Gastroenteritis
1,0,0,1,0,1,0,1,1,1,0,1,0,0,0,1,1,1,1,1,0,1,1,1,0,1,Common Cold
0,0,1,0,1,1,1,0,1,1,0,1,1,1,1,0,1,1,0,0,1,0,0,1,1,1,Asthma
0,1,1,1,1,0,1,1,0,1,0,1,0,1,1,1,1,1,0,1,1,1,0,1,0,1,Gastroenteritis
1,1,1,1,1,1,1,0,1,0,1,1,1,0,0,1,1,0,1,1,1,1,1,1,1,1,COVID-19
0,1,1,0,1,1,1,0,1,1,0,0,1,1,0,0,1,1,0,0,0,1,1,1,0,0,Gastroenteritis
0,0,1,1,0,0,1,0,1,0,1,0,1,1,1,0,1,0,1,1,1,0,0,0,1,1,Arthritis
1,1,1,0,1,1,1,0,1,0,1,0,1,1,0,1,1,1,0,1,0,0,1,1,0,1,Typhoid
1,1,1,1,0,1,1,0,0,0,1,1,1,1,1,0,1,0,0,1,1,1,0,0,0,0,Tuberculosis
0,1,1,1,1,1,0,1,1,0,0,0,1,0,0,0,1,0,1,0,1,0,0,1,1,1,Asthma
1,1,1,1,1,1,0,0,1,0,1,1,1,0,0,0,0,0,0,1,1,0,1,1,1,0,Typhoid
1,1,1,0,0,1,0,0,1,1,1,1,1,0,1,1,1,0,0,0,0,0,1,1,1,0,Arthritis
0,0,0,1,1,1,1,1,1,0,0,1,0,1,0,1,0,1,1,1,1,1,1,1,1,0,COVID-19
0,1,0,0,1,0,1,1,1,1,0,0,1,0,0,0,0,0,0,1,1,1,0,1,1,0,Food Poisoning
1,0,0,1,1,0,0,0,1,0,0,0,1,0,1,0,0,0,0,1,1,1,0,0,1,1,Conjunctivitis
0,1,0,0,1,1,0,1,0,0,0,1,1,1,0,0,0,0,0,1,1,0,1,1,1,0,Common Cold
0,0,0,0,0,1,1,0,1,0,0,1,1,0,1,1,1,1,1,0,0,0,0,1,0,1,Pneumonia
1,0,1,1,1,0,1,0,0,0,1,1,1,1,1,0,0,0,0,0,0,1,0,0,1,0,Hepatitis
0,1,1,1,1,0,1,1,1,0,0,1,1,0,0,0,0,0,0,1,1,0,1,0,0,1,Dengue
0,0,1,1,1,1,1,1,0,1,1,1,1,1,0,1,0,1,0,1,0,1,0,0,1,1,Asthma
1,1,0,0,0,0,0,1,0,1,0,1,1,0,1,1,0,1,0,1,0,0,1,1,1,0,Appendicitis
1,1,0,0,1,1,0,1,1,0,1,1,1,1,1,1,0,1,1,0,0,1,0,1,1,1,Bronchitis
0,0,0,0,1,0,0,0,1,1,0,0,0,0,1,0,1,1,0,1,1,1,0,0,1,1,UTI
1,1,0,1,1,0,1,1,0,0,0,0,1,0,1,0,0,1,1,1,0,1,0,1,1,0,Influenza
1,1,0,0,1,0,1,1,0,1,1,1,0,0,1,1,0,1,0,1,0,0,1,0,0,1,Food Poisoning
1,1,1,1,1,1,1,1,1,0,1,1,1,0,0,0,0,0,1,1,1,1,1,0,0,0,Pneumonia
0,0,0,1,0,0,1,1,1,0,0,0,0,1,1,0,1,1,1,1,1,1,1,1,0,0,Conjunctivitis
0,1,1,1,0,0,0,1,1,1,1,1,0,1,1,1,1,1,0,0,1,1,0,1,0,0,Heart Disease
1,0,1,1,0,1,0,0,1,1,0,1,1,0,0,0,0,0,0,0,0,0,1,0,0,1,Typhoid
1,0,1,1,0,0,0,1,1,1,1,0,0,0,1,0,1,1,0,0,1,0,0,0,1,0,Heart Disease
1,0,0,1,0,1,1,1,0,0,1,0,0,1,0,0,0,1,1,1,0,0,0,1,1,1,Gastroenteritis
1,0,0,1,1,1,0,0,1,0,1,0,0,1,0,0,1,0,1,0,1,1,0,1,0,0,Migraine
0,0,0,0,1,0,1,1,0,0,1,1,1,1,1,0,0,0,1,0,0,1,0,1,0,0,Pneumonia
1,0,0,0,1,0,0,0,0,1,0,1,1,0,1,1,1,0,1,0,0,1,0,1,0,0,Conjunctivitis
0,1,1,0,0,0,0,1,1,1,1,0,0,1,1,0,0,0,1,0,0,1,0,1,0,1,Tuberculosis
0,1,1,0,0,0,0,0,1,1,1,0,1,1,1,1,1,1,1,1,1,0,0,0,0,0,Bronchitis
1,0,1,0,0,0,0,1,0,1,1,1,0,0,0,1,0,0,1,1,1,1,0,1,1,1,Heart Disease
1,1,0,1,0,1,1,0,1,1,0,1,0,1,0,0,1,1,0,1,0,1,0,1,1,0,Conjunctivitis
1,1,1,1,0,1,0,1,1,0,0,0,0,0,0,1,0,0,1,0,1,1,1,1,1,1,Tuberculosis
1,0,0,1,0,0,0,1,1,0,1,0,1,1,1,1,1,0,1,0,1,1,0,1,0,0,Migraine
1,0,1,0,1,1,1,1,0,0,1,1,1,1,0,1,1,0,1,0,1,0,0,1,0,1,Appendicitis
1,0,1,0,0,0,1,0,0,0,0,1,1,1,1,0,0,0,1,0,0,1,1,0,1,0,Asthma
1,1,0,0,0,0,1,1,0,0,0,1,0,1,0,1,1,1,0,0,0,0,0,0,0,1,Pneumonia
0,1,1,0,0,0,1,1,1,0,0,1,0,0,0,0,0,1,1,1,0,1,1,1,1,1,Tuberculosis
1,0,0,0,0,1,1,1,1,0,1,1,1,0,1,0,0,0,0,0,1,0,1,1,0,0,Food Poisoning
0,1,0,0,0,0,1,0,1,0,0,1,1,0,0,0,0,1,1,1,1,1,1,1,0,0,Typhoid
1,0,1,0,1,1,1,0,0,0,0,0,1,1,0,0,0,1,0,0,1,0,1,1,1,0,Dengue
0,0,0,1,0,0,1,0,0,1,0,1,0,1,0,1,0,0,1,1,1,1,0,0,1,0,Tuberculosis
1,1,0,1,1,0,0,0,1,1,0,1,0,0,1,0,0,1,0,1,0,1,0,1,1,1,Arthritis
1,0,1,0,0,1,0,1,1,0,1,1,1,1,0,0,1,1,0,1,0,0,1,0,0,0,Food Poisoning
1,0,0,0,0,1,0,0,1,1,0,1,0,1,0,1,0,0,0,0,0,1,1,1,1,1,UTI
0,1,1,1,0,0,1,0,0,0,1,0,1,1,0,0,1,1,1,1,1,0,1,1,1,0,Common Cold
0,0,1,0,1,1,1,0,1,0,0,1,1,1,0,0,0,0,0,1,0,1,0,1,1,0,Bronchitis
0,1,1,1,0,1,1,0,1,0,1,1,0,0,1,0,0,0,1,1,0,1,0,0,1,0,Pneumonia
0,0,0,1,0,1,1,1,1,1,0,0,1,1,1,1,1,0,0,0,1,1,0,1,0,1,Meningitis
0,1,0,0,1,0,1,0,0,1,1,0,0,1,0,0,1,0,0,1,0,0,0,1,0,0,Typhoid
1,1,1,0,0,0,1,0,1,1,1,1,0,1,0,1,1,1,0,0,0,0,1,0,1,1,Arthritis
0,1,1,1,0,0,0,0,0,0,0,0,0,1,0,1,1,0,0,1,0,0,0,0,0,0,Bronchitis
1,1,1,0,1,1,1,1,1,0,1,1,0,0,0,1,1,0,0,1,0,1,0,0,1,0,Appendicitis
0,0,0,0,0,1,0,0,0,1,0,1,1,0,0,0,0,0,1,0,1,0,1,0,0,0,Dengue
0,0,0,1,0,1,1,0,1,1,0,0,1,1,0,1,1,1,1,0,0,0,0,1,0,1,Appendicitis
1,0,0,1,0,0,1,0,1,1,0,1,0,1,1,1,1,1,1,1,1,1,0,1,1,1,Appendicitis
0,0,1,1,1,1,1,0,1,1,0,0,0,0,0,1,0,0,0,1,0,0,0,1,1,1,Dengue
1,1,1,1,0,0,1,1,1,0,1,0,0,0,0,0,1,1,1,0,1,0,1,1,1,1,Influenza
1,0,1,0,0,1,1,0,0,1,1,1,1,0,1,0,0,0,0,1,1,0,0,1,0,1,Common Cold
1,1,1,0,0,1,1,1,0,0,0,0,1,1,1,1,1,1,0,0,0,0,0,1,1,0,Asthma
1,0,0,0,0,1,1,0,0,0,0,1,1,0,0,0,0,0,0,1,1,1,0,1,1,0,Bronchitis
1,1,0,0,0,0,1,1,0,1,1,0,1,1,1,1,0,1,0,1,1,1,1,0,1,0,Appendicitis
0,1,1,1,0,0,0,0,1,0,1,1,1,0,1,1,0,0,0,1,0,0,0,1,1,1,Malaria
0,0,0,0,0,0,0,0,0,0,0,1,1,1,0,1,0,0,0,1,0,0,1,1,0,0,UTI
0,1,1,1,0,1,1,1,1,0,1,0,1,0,1,1,0,0,0,0,0,0,1,1,0,1,Asthma
0,1,1,0,1,1,1,1,1,1,0,0,1,0,1,1,1,1,0,0,0,0,0,0,0,1,Typhoid
0,0,1,0,1,0,0,1,0,0,1,0,1,0,1,1,1,1,0,0,1,1,1,1,1,1,Tuberculosis
0,0,1,1,1,0,1,0,1,1,1,0,1,1,1,1,1,0,0,1,0,0,0,1,0,0,Arthritis
1,1,1,0,0,0,1,0,1,1,0,0,1,0,0,1,1,1,0,0,1,1,0,0,1,1,Meningitis
1,0,1,1,0,0,0,1,1,0,0,1,0,0,1,0,1,0,1,1,0,0,1,0,1,0,Migraine
0,1,0,0,0,0,1,1,0,0,0,0,1,0,1,0,1,1,0,0,1,0,1,1,1,1,Migraine
0,0,0,0,0,1,1,1,0,1,1,1,1,0,1,0,1,0,0,1,0,1,1,0,1,0,Meningitis
0,0,1,0,1,1,1,1,0,1,1,1,1,0,0,0,0,1,1,1,0,0,0,0,1,1,Migraine
0,0,1,0,0,0,1,0,1,1,0,0,0,1,1,0,1,1,0,0,0,1,1,0,0,0,Influenza
0,0,1,0,1,1,0,1,0,1,1,1,0,1,0,1,0,0,1,0,1,1,0,0,0,1,Heart Disease
1,0,0,1,1,1,1,0,0,0,0,1,0,0,1,0,0,1,0,0,0,0,0,0,1,1,Asthma
0,0,0,1,1,0,0,0,1,0,1,1,1,1,0,1,0,0,1,1,1,1,1,0,1,0,Meningitis
0,0,1,1,0,1,1,1,0,0,1,1,0,0,1,0,0,1,0,1,0,1,1,1,0,0,Typhoid
1,1,0,0,0,0,1,1,1,0,0,1,0,0,0,1,1,1,1,1,0,1,1,0,0,0,UTI
0,0,0,1,0,1,0,1,1,0,1,0,1,1,0,0,0,0,0,1,0,1,1,1,0,0,Hepatitis
0,0,0,1,0,0,0,0,0,1,1,1,1,0,0,0,0,1,1,0,1,0,0,0,1,0,Conjunctivitis
1,0,1,1,0,1,0,1,1,1,1,0,1,0,0,1,0,1,0,1,1,1,0,1,0,1,Arthritis
1,0,1,0,1,1,0,1,0,1,1,1,1,1,1,1,1,1,0,1,0,1,1,0,1,0,Tuberculosis
1,1,1,1,1,1,1,0,1,1,1,0,1,1,1,0,1,1,0,1,1,1,0,0,0,1,Hepatitis
1,1,0,1,1,1,0,1,1,1,1,0,1,1,1,0,1,0,1,1,0,0,0,1,1,0,Hepatitis
0,1,1,0,0,0,1,0,1,0,1,1,0,1,1,1,1,0,1,0,1,0,1,1,1,0,Hepatitis
1,0,0,1,0,0,1,0,1,0,1,0,0,0,1,1,0,1,0,0,1,1,0,0,1,0,Common Cold
0,1,1,1,0,0,0,0,0,0,0,1,0,0,0,1,0,0,1,1,1,0,1,1,0,1,COVID-19
1,1,1,1,1,0,0,0,1,1,0,1,0,0,0,0,0,1,0,0,1,0,1,1,0,1,COVID-19
0,1,1,0,0,0,0,1,0,0,1,0,1,1,0,0,0,0,0,1,1,0,0,1,0,1,Migraine
1,1,1,0,1,0,1,0,1,1,0,1,0,1,1,1,0,0,0,1,0,0,1,0,1,1,UTI
1,1,1,1,0,1,1,0,1,1,1,1,1,1,1,0,0,0,0,0,1,0,1,0,1,1,Asthma
0,0,0,0,0,1,0,0,1,0,0,1,1,0,0,0,1,0,0,0,0,0,1,1,0,0,Conjunctivitis
1,1,1,1,1,1,0,0,1,1,1,1,1,0,1,0,0,1,0,1,0,1,0,0,0,1,Meningitis
0,0,1,1,1,0,1,1,0,0,1,0,0,0,1,1,0,0,1,1,1,1,1,0,0,0,Dengue
1,1,1,1,1,1,1,0,1,1,1,1,0,0,0,0,1,0,0,0,1,0,0,1,1,1,Food Poisoning
0,1,1,0,1,0,1,1,0,0,1,1,0,0,1,0,1,1,0,0,0,1,1,0,0,0,Bronchitis
1,0,1,1,1,0,0,1,0,0,0,0,1,0,1,1,1,1,1,1,1,1,1,0,1,1,Conjunctivitis
1,0,0,1,1,0,0,0,0,0,0,1,1,1,1,0,0,0,1,1,1,1,1,1,1,0,Conjunctivitis
0,1,1,0,0,0,0,1,0,0,1,0,0,0,0,0,1,0,0,0,0,0,1,1,0,1,Asthma
0,0,0,1,0,1,1,0,0,0,0,0,0,0,0,1,1,1,0,1,0,1,1,1,1,0,Malaria
1,0,1,1,0,0,1,1,1,0,1,1,0,0,1,1,0,1,1,0,1,1,0,0,1,0,Malaria
1,0,0,0,0,1,1,1,0,0,1,1,0,0,0,1,1,0,1,1,0,0,0,0,1,1,Bronchitis
1,0,0,1,0,0,1,1,1,0,0,0,1,0,1,1,1,0,0,0,1,1,0,0,1,1,Dengue
1,1,0,0,1,0,1,0,0,0,0,0,1,0,0,0,0,0,0,1,0,0,1,0,1,0,Appendicitis
1,1,0,0,1,1,1,0,0,0,1,0,1,1,1,1,1,0,0,1,0,1,1,1,1,0,Typhoid
0,1,1,0,0,1,1,1,0,0,1,1,1,1,0,1,1,1,0,1,1,0,1,1,0,1,Dengue
0,1,0,0,0,1,1,0,0,1,0,1,1,0,1,0,1,1,1,1,1,0,1,0,0,1,Chickenpox
1,1,1,1,1,1,1,1,0,0,1,0,0,1,0,0,0,0,1,1,0,0,1,0,0,1,Common Cold
1,0,0,0,0,1,1,1,1,1,1,1,1,1,0,0,1,0,1,0,1,0,1,1,0,1,COVID-19
1,1,1,1,0,0,0,0,0,1,0,1,0,1,1,1,0,0,1,0,0,1,0,1,0,1,Gastroenteritis
0,0,1,0,1,0,0,1,0,0,1,1,0,1,1,1,0,1,0,0,0,0,1,0,1,1,Meningitis
1,0,1,1,1,1,0,1,1,1,0,1,0,1,0,1,0,1,0,1,0,1,1,1,1,1,Gastroenteritis
0,0,0,0,0,0,0,0,1,0,0,0,0,1,1,0,1,0,1,1,1,0,0,1,0,0,Heart Disease
0,1,0,1,0,0,1,1,1,0,1,0,0,0,1,1,1,0,1,1,1,0,0,1,1,1,Common Cold
0,0,0,0,1,0,0,1,1,0,0,1,1,0,1,1,1,1,1,1,1,1,1,0,0,1,Dengue
0,1,1,0,0,1,0,1,1,0,0,1,1,1,1,1,1,1,0,0,1,1,0,0,1,1,Food Poisoning
1,1,0,1,1,1,1,0,1,0,1,1,0,1,0,1,1,1,0,1,1,0,1,0,1,1,UTI
0,0,1,1,1,0,0,0,0,1,1,1,0,1,0,1,1,1,0,0,1,1,0,0,0,1,Chickenpox
0,1,1,1,0,1,1,0,0,0,1,1,1,0,1,0,1,1,0,0,0,0,0,1,1,1,Bronchitis
1,1,1,0,1,0,1,0,1,0,1,1,1,1,0,1,1,0,1,0,0,1,0,1,0,0,Tuberculosis
0,1,1,0,1,0,0,1,1,0,0,0,0,1,1,0,1,0,1,0,1,1,0,0,1,1,Migraine
0,1,1,0,0,0,0,1,1,1,1,0,1,1,1,1,0,1,1,1,0,1,1,1,0,0,Pneumonia
0,1,0,0,0,0,1,0,1,0,1,0,1,1,1,1,0,1,1,0,1,1,0,0,1,0,Appendicitis
1,0,1,0,0,0,0,0,0,0,0,1,0,1,0,1,0,0,1,1,0,1,0,1,0,1,Common Cold
0,0,0,1,1,0,0,1,1,1,0,0,1,1,1,1,0,0,1,1,1,1,0,1,1,0,Meningitis
1,1,0,1,1,0,1,1,1,1,0,1,1,1,0,0,0,0,1,1,0,1,0,0,1,1,Heart Disease
0,0,1,1,1,1,1,1,1,1,1,1,0,0,1,0,0,0,0,1,1,1,0,0,1,0,Chickenpox
0,1,0,0,1,0,0,0,0,1,0,0,1,0,0,1,0,0,1,0,0,0,0,0,1,0,Conjunctivitis
0,0,1,0,1,0,0,1,1,1,0,0,0,1,1,0,0,1,0,0,0,1,0,0,1,0,Gastroenteritis
1,1,0,0,0,0,0,0,1,1,0,1,1,1,0,0,0,0,0,1,0,1,0,0,1,1,Gastroenteritis
1,0,1,0,0,1,0,0,0,1,1,1,0,1,0,0,0,1,0,1,0,1,1,1,0,1,Pneumonia
0,0,1,0,0,0,0,1,1,0,0,0,1,1,0,1,1,0,1,0,1,1,0,1,0,1,Appendicitis
1,1,1,0,1,0,0,1,1,0,1,0,0,0,0,1,1,0,1,1,1,1,1,0,1,1,Dengue
1,0,0,1,1,0,1,1,0,1,0,1,0,0,1,0,0,0,0,0,1,1,1,1,0,0,Gastroenteritis
1,0,0,1,1,1,1,1,1,0,0,1,0,1,0,0,1,0,0,1,1,1,0,0,1,1,Chickenpox
1,1,0,1,1,0,1,0,1,1,0,0,0,1,0,0,1,1,0,1,0,0,0,1,1,0,UTI
0,0,0,0,1,0,0,0,0,1,1,1,0,0,0,1,0,0,0,0,0,0,0,0,1,1,Pneumonia
1,1,1,0,0,0,1,1,0,0,1,0,1,1,1,0,1,1,0,0,1,1,0,0,1,0,Tuberculosis
0,1,0,1,0,0,1,1,0,0,0,0,0,0,0,0,0,0,1,0,1,0,1,0,1,1,Appendicitis
0,0,1,0,0,0,0,0,0,0,0,0,1,1,1,0,1,1,0,1,1,0,1,0,1,1,Malaria
1,0,1,1,1,0,1,0,0,1,1,0,1,1,1,1,0,1,1,0,1,0,1,0,0,0,Heart Disease
1,0,1,1,1,1,1,1,0,0,0,1,1,0,0,1,1,1,0,1,1,1,0,1,0,1,Bronchitis
0,0,1,0,0,0,1,0,1,1,1,1,1,1,1,1,0,1,0,1,0,1,1,1,1,1,Food Poisoning
0,0,1,0,0,0,0,0,1,0,1,1,1,0,0,0,0,0,0,0,0,0,1,0,0,0,Chickenpox
0,1,0,0,1,0,0,0,1,0,1,0,1,0,0,1,1,0,1,0,0,0,1,0,0,1,Typhoid
0,1,0,1,0,1,0,0,0,0,0,1,1,1,1,0,0,0,1,0,1,0,1,1,0,1,Dengue
0,1,0,0,1,1,1,1,1,1,0,0,0,0,0,0,0,0,1,0,1,0,1,0,1,1,Typhoid
0,0,0,0,1,0,1,0,0,0,0,0,0,0,0,0,1,0,1,0,1,0,1,1,0,1,Bronchitis
1,1,0,0,1,1,0,1,1,1,1,1,1,0,0,0,0,1,1,1,0,0,1,1,0,1,COVID-19
0,1,0,0,1,0,0,1,0,0,0,1,1,0,0,0,1,0,1,1,0,0,0,1,0,1,Hepatitis
0,1,1,1,0,0,1,0,0,0,1,1,0,0,0,0,0,0,0,0,1,0,0,0,1,0,Gastroenteritis
0,1,0,1,0,1,0,0,1,0,1,1,0,0,1,1,0,0,0,0,1,1,1,1,0,1,Bronchitis
1,0,1,1,0,1,1,0,1,0,0,1,1,0,0,0,1,0,1,0,1,0,1,1,1,1,Food Poisoning
1,1,1,1,0,0,0,0,1,1,1,1,0,0,0,1,0,1,1,0,0,1,1,1,1,0,Gastroenteritis
1,0,0,1,0,0,1,0,1,0,1,1,1,1,1,1,1,0,1,1,0,1,1,1,1,1,Tuberculosis
0,1,1,0,0,0,1,1,0,1,0,0,1,0,0,0,1,1,0,0,1,1,1,0,1,1,Heart Disease
0,0,1,1,1,1,1,0,1,0,1,1,1,0,1,0,0,0,0,0,0,1,1,0,1,1,Heart Disease
1,0,1,0,1,1,0,0,1,0,1,0,1,0,0,1,1,0,0,1,1,1,0,0,0,1,Malaria
0,1,0,1,0,1,0,1,0,1,0,0,0,1,1,1,1,1,0,0,1,0,1,0,0,1,Meningitis
0,0,1,0,0,0,0,1,1,0,1,0,0,1,1,0,1,0,0,0,1,1,0,1,1,1,COVID-19
0,0,0,1,0,1,1,0,1,0,0,1,0,1,1,1,1,1,1,0,0,0,1,0,0,1,Malaria
1,1,1,1,1,1,0,1,1,1,0,0,0,1,0,0,0,0,1,1,1,1,0,1,1,0,Asthma
1,0,0,0,0,1,0,0,1,1,0,0,0,0,1,1,0,1,1,0,0,1,1,0,1,1,Pneumonia
1,0,0,0,0,0,0,1,1,0,1,1,0,1,1,0,1,0,0,1,1,0,0,1,1,0,Tuberculosis
1,1,0,1,1,1,1,1,0,0,0,1,1,1,1,1,1,1,0,0,0,1,0,0,0,0,Gastroenteritis
1,0,1,1,0,1,0,1,1,1,0,1,1,1,1,1,1,1,1,0,1,1,1,1,0,0,COVID-19
0,0,0,0,0,0,1,1,0,1,0,1,0,1,1,0,0,1,1,0,0,0,0,0,1,0,Malaria
1,1,1,0,0,0,0,1,0,1,0,1,0,1,1,1,0,1,1,1,0,0,1,1,1,0,Dengue
1,1,1,0,0,1,1,0,0,0,0,1,1,0,1,0,1,1,1,1,1,1,0,0,1,1,Common Cold
0,0,1,0,0,1,0,1,1,0,1,1,1,0,0,1,0,0,0,1,1,0,0,1,0,0,Meningitis
0,0,1,0,0,0,0,1,0,0,1,0,0,1,0,1,0,1,0,1,1,0,0,0,0,0,Malaria
1,0,1,0,1,1,1,0,0,1,0,0,1,0,0,1,0,1,1,1,0,1,0,0,0,1,Chickenpox
1,1,0,1,1,1,0,0,0,1,1,0,1,0,1,1,1,1,1,0,0,0,0,1,0,1,Food Poisoning
0,0,1,0,0,0,0,1,0,0,0,1,1,0,0,1,0,1,0,0,1,0,1,0,0,0,Arthritis
0,1,0,0,1,0,0,0,1,0,1,1,0,1,1,0,1,0,0,0,1,1,1,0,0,1,Tuberculosis
0,0,0,0,0,0,0,0,0,1,0,0,0,0,1,0,1,0,0,0,0,1,1,1,1,1,Migraine
0,0,1,0,0,0,0,1,0,0,1,0,1,1,0,1,0,0,0,1,0,1,1,1,1,0,Chickenpox
1,1,0,1,0,0,0,0,0,1,0,1,0,1,0,0,1,1,1,0,1,0,1,0,1,0,UTI
1,1,1,0,1,0,1,0,1,0,1,0,1,1,0,0,0,1,1,1,0,1,0,0,0,0,Tuberculosis
1,0,0,1,1,1,0,1,1,0,1,0,0,0,0,0,0,1,0,1,0,1,1,0,0,1,Tuberculosis
1,1,0,0,0,0,0,0,0,1,0,0,1,1,0,0,1,1,0,0,0,1,1,0,1,0,Chickenpox
0,1,1,1,0,1,1,1,0,1,0,1,1,0,1,1,0,0,0,1,0,1,0,1,1,1,Tuberculosis
0,0,1,0,1,1,0,1,0,0,1,0,0,0,1,1,1,1,0,1,1,0,0,0,0,0,Typhoid
1,1,0,1,0,0,1,1,1,1,1,0,1,0,1,0,0,1,0,0,0,1,0,1,1,1,Arthritis
1,1,1,1,1,0,1,1,0,1,1,1,0,1,0,1,0,0,0,1,1,0,1,0,0,0,Influenza
0,1,1,1,0,1,1,1,0,0,1,0,0,1,1,1,1,1,1,0,1,1,0,0,1,1,Appendicitis
1,1,0,0,0,1,1,1,1,1,1,1,1,1,1,1,0,0,1,0,1,1,1,0,1,1,Pneumonia
0,0,0,0,1,1,0,1,0,0,1,0,1,0,1,1,1,0,1,1,1,1,1,0,0,1,Meningitis
1,1,0,1,0,0,1,1,1,1,1,1,1,0,1,0,1,1,0,0,1,1,0,0,0,1,Appendicitis
1,0,1,1,0,1,0,0,0,1,0,0,0,0,1,1,1,0,1,1,1,1,1,0,1,0,Pneumonia
0,1,1,1,1,1,1,1,0,0,0,1,0,1,0,0,1,1,0,0,1,0,1,1,1,1,Common Cold
0,0,1,1,0,0,1,1,1,1,0,0,0,1,1,0,0,0,1,0,1,1,0,1,0,1,Conjunctivitis
0,0,1,0,1,1,0,0,1,0,1,1,1,0,1,1,1,1,0,0,0,0,0,1,0,0,Influenza
1,1,1,0,1,1,0,0,1,0,1,0,0,1,1,0,1,1,0,0,1,1,0,1,1,1,Dengue
0,1,0,1,0,0,1,0,1,1,1,1,1,1,1,1,0,1,1,1,1,0,1,1,0,1,Influenza
0,0,1,1,0,0,0,1,0,0,0,1,1,0,0,0,1,0,1,1,1,0,0,0,1,0,Food Poisoning
1,1,1,0,0,1,0,0,1,1,0,1,1,1,0,0,1,0,1,1,1,1,1,1,1,1,Typhoid
0,0,0,1,0,1,0,1,1,1,1,0,1,0,0,0,0,1,1,0,1,0,1,1,0,0,Influenza
1,1,0,0,1,1,0,1,1,1,1,0,0,0,0,1,1,0,1,1,0,0,1,1,0,1,Food Poisoning
1,1,0,1,0,1,1,0,1,1,0,0,0,1,1,1,0,1,1,1,1,0,0,0,1,1,COVID-19
1,1,0,0,1,1,1,0,0,1,1,0,1,0,0,0,1,1,0,1,0,0,0,1,1,1,Conjunctivitis
0,0,0,0,0,0,1,0,1,1,1,0,1,1,0,1,1,1,1,1,0,1,1,0,1,1,Food Poisoning
1,1,1,0,1,1,1,1,0,0,0,1,0,0,0,1,1,1,0,0,1,0,0,1,0,0,Food Poisoning
0,0,0,0,0,0,1,0,1,0,0,0,1,1,1,1,1,1,0,1,1,0,1,0,0,0,Asthma
1,1,1,0,0,1,0,1,1,1,0,1,0,1,0,0,1,0,1,1,0,0,1,1,1,0,Hepatitis
0,1,1,0,0,0,1,0,1,0,0,0,0,0,0,1,0,0,1,0,1,1,1,0,0,1,UTI
1,1,0,1,1,0,0,1,1,1,1,0,0,0,1,0,0,1,0,0,0,1,1,1,1,1,Heart Disease
0,0,1,1,0,0,1,0,1,0,1,1,1,1,1,0,0,0,0,1,1,1,0,1,1,0,Food Poisoning
0,0,0,1,1,0,0,1,1,0,1,1,0,0,1,0,0,0,1,0,1,1,1,0,1,1,Dengue
0,0,1,1,0,1,1,1,0,0,0,0,1,0,1,0,0,0,0,0,0,0,0,0,1,0,Gastroenteritis
1,1,1,0,0,1,1,1,1,0,1,1,1,1,1,0,1,0,1,0,0,0,0,0,0,1,Conjunctivitis
0,1,1,1,0,1,1,1,1,1,1,1,1,0,0,1,1,0,0,0,0,1,1,0,0,0,Influenza
1,0,0,1,1,0,0,0,0,0,1,0,1,1,1,1,0,1,0,0,0,0,1,1,1,0,COVID-19
0,0,1,1,1,0,0,0,1,1,0,1,0,1,0,1,0,1,1,0,1,1,0,0,0,1,Migraine
0,0,1,1,0,1,0,1,1,1,1,1,1,0,1,0,1,0,0,0,1,0,1,0,0,1,Pneumonia
1,0,0,0,0,1,1,1,1,1,0,0,0,0,0,0,0,0,1,0,1,0,0,0,1,0,Malaria
0,0,1,0,0,1,0,0,1,0,1,1,1,0,0,1,1,1,1,1,0,1,1,1,0,0,Asthma
1,1,0,1,1,0,0,1,1,1,0,0,1,1,0,1,1,1,0,0,0,0,0,0,0,1,Bronchitis
1,1,1,1,1,0,1,1,1,1,1,1,1,0,0,1,0,1,1,0,1,0,0,1,0,1,Conjunctivitis
0,1,1,0,0,1,1,1,1,0,1,1,1,1,0,1,0,0,1,1,1,0,0,0,0,1,Appendicitis
1,0,0,1,1,1,0,1,0,1,1,1,1,1,0,1,0,1,0,0,0,1,1,0,1,1,Bronchitis
0,0,1,0,0,0,0,0,1,1,0,1,0,1,0,1,1,0,1,0,1,1,1,1,0,0,Meningitis
0,0,0,1,1,0,1,1,1,1,0,0,0,1,0,1,0,0,0,1,0,1,0,1,1,0,Influenza
1,1,0,1,0,0,1,1,1,0,1,0,1,0,1,1,1,1,1,1,0,1,0,0,1,1,Influenza
0,1,0,1,0,0,0,0,1,1,1,0,0,1,0,0,1,1,0,0,1,0,0,1,0,0,Malaria
1,1,0,0,1,0,1,0,1,0,0,0,0,1,1,0,0,0,0,1,1,1,1,0,0,1,Food Poisoning
0,1,1,0,0,0,1,1,1,1,1,1,0,0,0,1,0,1,1,0,0,1,0,0,0,0,Appendicitis
0,0,0,1,1,1,1,1,1,0,1,1,1,0,1,1,0,1,0,0,1,1,0,1,0,1,Hepatitis
1,1,0,0,0,1,1,0,0,1,0,0,1,0,0,0,1,1,1,0,0,0,1,0,1,0,Food Poisoning
0,0,0,1,1,1,0,0,1,0,0,1,1,1,0,0,0,0,1,1,1,0,1,0,1,1,Gastroenteritis
0,0,1,1,1,1,0,0,0,0,1,1,0,0,1,0,0,0,0,0,0,1,1,1,0,0,Tuberculosis
1,1,1,0,0,0,0,1,1,1,1,1,0,1,0,1,1,1,0,1,0,0,1,0,0,1,Conjunctivitis
0,0,1,1,0,1,1,1,0,1,1,0,1,0,0,0,1,0,0,0,1,1,1,0,1,1,Hepatitis
1,1,0,1,0,0,0,1,0,1,1,1,0,0,1,1,1,0,1,1,1,0,1,0,1,1,Gastroenteritis
1,0,1,0,1,0,1,0,1,1,1,0,1,0,1,0,1,0,0,0,1,1,0,0,1,0,Meningitis
0,1,0,0,1,1,1,0,0,0,1,1,0,0,1,0,0,0,1,0,0,0,1,0,0,1,Meningitis
0,1,1,1,1,0,0,1,0,1,1,0,0,1,1,1,1,0,0,0,0,1,0,1,1,1,UTI
1,1,1,0,1,1,1,1,1,0,0,1,0,1,1,1,0,1,1,0,0,0,0,0,1,0,Influenza
0,1,1,0,0,1,1,0,0,1,0,1,1,0,0,0,0,1,1,1,0,1,0,1,1,1,UTI
0,1,0,0,0,1,0,0,0,1,1,1,1,1,1,1,1,1,0,1,0,0,1,0,1,1,Chickenpox
1,0,0,0,1,1,0,0,0,1,1,0,0,0,1,0,1,1,0,1,1,0,1,1,0,0,Food Poisoning
0,1,0,0,1,0,1,1,1,0,0,1,0,0,0,1,1,1,1,0,1,0,0,1,0,1,Appendicitis
0,1,0,0,1,1,1,0,0,0,1,0,1,0,1,1,1,1,0,1,0,0,1,0,1,0,Asthma
1,1,1,0,0,1,0,1,1,0,1,1,1,0,1,1,0,1,1,0,1,0,1,0,0,0,Meningitis
0,1,0,1,1,0,1,1,0,1,1,0,1,1,1,0,1,0,0,1,1,1,0,1,1,1,Meningitis
0,0,0,1,0,1,1,1,0,1,1,0,0,0,0,1,0,0,0,0,1,0,1,0,0,0,Food Poisoning
1,0,1,0,1,0,0,0,1,1,1,1,1,1,0,1,0,1,0,0,0,1,0,1,1,0,Conjunctivitis
1,1,1,1,1,1,1,0,1,0,0,1,1,0,1,0,0,1,1,1,1,1,0,1,0,1,Arthritis
1,1,1,1,1,1,1,0,1,0,0,0,1,1,1,1,0,1,1,1,1,0,0,1,1,1,Influenza
1,1,1,1,0,0,1,0,1,1,0,1,0,1,0,0,0,0,1,0,0,0,0,1,1,1,Arthritis
0,1,0,1,1,0,1,0,0,1,0,1,1,1,0,0,1,1,0,1,1,1,0,0,0,0,Typhoid
0,1,0,1,1,0,0,1,1,0,1,0,1,0,0,1,0,0,0,0,0,0,1,1,1,1,Appendicitis
0,0,0,0,0,1,0,0,1,1,0,1,1,1,0,1,0,1,1,1,1,1,0,1,1,1,Arthritis
0,0,1,1,1,1,0,0,1,1,1,1,1,1,1,0,1,0,0,0,1,0,1,0,1,1,Malaria
1,0,0,0,0,0,0,0,0,0,1,0,1,1,1,1,1,0,0,0,1,0,0,0,1,0,Tuberculosis
0,0,1,1,1,0,1,0,0,1,1,1,1,1,1,1,1,1,0,0,1,0,0,0,1,1,Heart Disease
1,0,1,1,1,1,1,1,1,1,0,0,1,0,1,1,1,0,1,0,0,1,0,0,1,0,Chickenpox
1,1,0,1,1,1,0,1,0,1,0,1,0,0,0,1,0,0,0,0,0,0,1,1,0,0,UTI
1,0,1,0,0,0,1,1,1,0,0,0,1,1,1,1,0,0,0,0,0,0,1,0,1,0,Typhoid
1,0,1,0,1,1,0,0,1,1,1,0,1,1,1,1,0,0,0,0,1,1,0,1,0,1,UTI
1,1,0,1,0,1,0,0,0,1,0,0,0,1,1,0,0,1,0,1,0,0,1,0,0,1,Arthritis
1,0,1,0,0,0,1,1,1,1,1,0,1,0,0,0,1,0,1,0,1,1,0,0,1,1,Hepatitis
0,1,0,0,0,1,1,0,0,0,1,1,1,1,0,1,0,0,1,1,1,1,0,0,0,0,Dengue
0,0,0,1,1,1,1,1,0,0,1,1,0,1,1,0,0,0,1,0,0,1,0,1,1,0,Food Poisoning
1,1,1,0,0,1,1,0,0,1,0,0,0,1,1,0,1,1,0,0,0,1,0,1,0,1,Malaria
1,1,1,1,0,0,0,0,0,1,1,0,1,0,1,1,0,0,1,1,0,0,0,1,0,1,COVID-19
1,1,1,1,1,1,1,0,0,0,1,1,1,0,0,1,1,0,0,1,1,1,1,1,0,1,COVID-19
1,1,1,1,1,1,1,1,1,0,1,1,0,1,0,1,0,0,0,1,0,1,0,1,1,1,Migraine
0,1,1,0,1,0,1,0,1,1,0,1,1,1,0,0,0,0,1,1,1,1,0,1,1,0,Common Cold
1,1,1,1,0,1,1,0,0,0,1,1,0,1,0,1,1,0,0,0,0,0,0,0,1,1,Meningitis
1,1,0,1,1,0,0,1,0,1,1,0,0,1,0,1,0,0,1,1,1,1,0,0,1,0,Tuberculosis
0,0,0,0,0,1,0,1,1,0,1,0,1,1,0,0,0,1,1,0,0,0,0,1,0,0,Influenza
0,0,0,0,1,1,0,0,1,0,1,1,1,1,1,0,0,1,1,0,1,0,1,0,1,0,Pneumonia
0,0,1,0,0,0,1,0,1,0,1,1,0,1,1,1,0,0,0,1,0,0,0,0,1,0,Food Poisoning
0,1,1,0,0,0,1,1,0,0,1,0,0,1,1,0,1,1,0,1,1,0,1,1,0,1,Malaria
0,1,1,0,1,0,0,1,1,1,1,1,0,0,1,0,1,1,1,0,1,0,1,1,1,0,Asthma
0,1,1,1,1,1,0,1,1,1,1,0,1,1,1,1,0,1,1,1,1,1,1,1,1,0,Food Poisoning
1,1,1,1,1,0,0,0,1,1,1,1,0,1,1,0,0,0,0,1,0,1,1,1,0,0,Dengue
0,1,1,1,1,1,0,0,0,1,0,1,1,0,1,0,0,1,1,1,0,1,0,0,0,0,Appendicitis
0,1,1,1,1,1,0,1,0,1,1,0,0,1,0,0,0,0,0,1,0,0,0,1,1,1,Asthma
1,1,1,1,0,0,0,1,0,0,0,1,0,1,0,0,1,0,0,0,0,1,0,1,0,0,Migraine
1,0,1,0,0,1,0,0,1,1,0,0,0,0,1,0,0,1,0,0,1,0,0,0,0,0,Food Poisoning
0,0,0,0,0,0,0,0,0,0,0,0,1,1,0,0,0,0,1,0,1,1,1,1,1,0,Dengue
0,0,0,0,1,1,1,1,1,0,1,1,0,1,1,1,0,0,0,1,1,0,1,1,0,0,Heart Disease
0,1,1,0,0,1,1,0,1,1,1,1,1,0,0,1,1,1,0,1,1,0,1,1,0,0,Gastroenteritis
1,1,0,1,0,0,0,1,1,1,1,0,1,1,1,1,0,1,1,0,0,1,1,1,0,1,Hepatitis
0,1,1,1,1,0,1,1,0,1,1,1,0,0,1,0,1,0,1,0,1,0,0,0,1,0,Asthma
1,0,1,0,1,0,1,1,0,1,1,1,1,1,1,0,0,0,0,1,1,1,0,1,1,1,Migraine
0,0,1,1,1,1,1,1,1,0,1,0,0,0,0,1,0,1,0,0,0,1,1,0,0,1,COVID-19
1,1,1,1,0,0,1,0,0,1,0,1,0,0,1,1,1,1,0,1,1,0,1,0,1,1,Pneumonia
1,1,1,1,0,0,0,1,0,1,1,1,0,1,1,1,1,1,0,1,1,1,1,0,0,1,Influenza
0,0,1,1,1,1,1,0,0,0,1,1,1,0,1,1,0,1,0,1,0,0,0,0,0,0,Asthma
1,0,1,1,1,1,0,1,1,0,0,1,1,0,1,1,1,0,1,1,0,1,0,0,0,1,Common Cold
1,1,1,1,0,1,0,0,1,1,1,0,1,1,1,0,1,1,1,1,1,0,0,1,0,1,Gastroenteritis
0,0,1,1,0,0,0,0,1,1,1,0,1,0,0,0,0,1,0,0,1,1,0,1,0,0,Meningitis
0,0,0,0,0,1,0,0,1,0,0,1,1,0,1,1,1,1,1,0,0,1,0,1,0,0,COVID-19
1,0,0,0,1,1,0,1,1,0,1,0,1,0,0,1,1,1,1,0,0,0,0,1,1,0,Bronchitis
1,1,0,1,1,1,0,0,1,0,1,0,1,1,1,1,1,0,0,0,1,0,0,1,1,0,Meningitis
0,0,1,1,0,0,0,0,0,1,0,0,0,1,1,1,0,0,1,0,0,1,0,0,1,1,Asthma
0,0,1,0,0,0,1,0,1,1,1,1,0,0,1,0,1,0,1,1,1,0,0,1,1,0,Dengue
0,1,0,1,0,0,1,1,1,1,0,1,1,1,1,0,1,1,1,1,1,1,0,1,1,0,Migraine
1,0,1,1,0,1,1,0,1,1,0,1,1,0,0,0,0,0,1,1,0,1,0,0,1,0,Arthritis
0,0,1,1,0,0,0,1,0,0,0,1,0,1,0,1,0,1,1,1,0,0,1,1,0,0,Meningitis
1,0,0,1,1,1,0,1,1,1,1,0,0,0,0,1,0,1,0,1,1,0,0,0,1,0,UTI
0,1,0,1,0,0,1,1,0,0,1,1,1,1,1,1,0,0,0,0,1,0,0,0,1,0,Influenza
1,0,0,1,1,1,1,1,1,1,1,0,0,1,0,0,0,0,0,0,0,0,1,0,1,1,Conjunctivitis
0,0,0,0,1,1,1,0,0,0,0,0,1,0,1,1,0,0,0,1,0,1,0,1,1,1,Food Poisoning
1,0,1,0,1,0,0,1,0,1,0,0,1,1,0,1,0,0,0,0,0,0,0,0,1,1,Conjunctivitis
0,1,1,0,1,0,1,1,1,0,0,1,0,1,1,1,1,0,0,1,0,1,0,1,0,1,Bronchitis
1,1,0,1,0,1,1,0,0,1,0,1,1,0,0,1,0,0,1,0,1,1,0,0,1,1,COVID-19
1,1,0,0,1,1,1,0,1,1,1,0,0,1,0,1,1,1,1,0,0,1,1,1,1,1,Heart Disease
0,1,0,0,0,0,1,1,0,0,1,1,0,1,0,1,1,1,0,0,0,0,1,1,0,0,Typhoid
0,0,1,0,1,0,0,0,1,0,1,0,0,1,1,0,1,1,1,0,1,1,0,0,0,1,Migraine
1,1,1,1,1,1,1,1,0,0,0,0,0,1,0,1,1,1,1,1,0,0,1,1,0,0,Migraine
1,1,1,1,1,1,1,0,0,1,1,1,1,1,1,1,0,1,0,1,1,1,1,1,0,0,UTI
0,0,1,0,0,0,0,0,0,1,1,1,1,1,0,1,1,1,1,0,1,0,0,0,1,0,UTI
0,0,0,1,0,1,0,0,1,0,1,0,1,0,0,1,1,0,1,0,0,1,0,0,1,1,Tuberculosis
1,1,0,1,0,0,1,1,0,1,1,1,1,1,1,1,1,1,0,1,0,0,0,1,1,1,Gastroenteritis
1,0,0,0,1,1,1,0,0,1,0,0,1,0,0,0,1,1,1,0,1,1,1,1,1,1,Dengue
1,1,1,1,0,0,1,1,0,0,1,1,0,1,1,0,1,1,1,0,1,0,0,1,1,0,Pneumonia
0,0,0,0,1,0,1,0,1,0,0,0,0,0,0,1,0,1,0,1,0,0,1,1,0,0,UTI
1,0,0,0,0,0,0,1,1,0,1,1,1,0,0,1,0,1,0,0,1,1,1,0,1,1,Hepatitis
1,0,1,1,1,0,0,0,0,0,1,0,0,1,1,0,0,1,0,1,1,0,0,1,1,1,Appendicitis
0,1,1,0,0,1,0,0,1,0,0,1,0,0,0,1,0,1,0,1,1,1,0,1,0,1,Appendicitis
1,0,1,0,1,0,1,1,1,0,0,1,1,0,1,0,1,1,1,0,1,0,0,0,0,1,Meningitis
0,1,0,1,0,0,0,0,0,0,1,0,1,0,0,0,0,0,0,1,1,1,0,1,0,1,Pneumonia
1,0,0,1,0,0,1,1,0,1,1,1,0,0,1,0,1,0,1,0,1,0,1,0,1,0,Gastroenteritis
0,0,1,0,0,0,0,1,1,1,0,1,1,0,0,0,1,1,0,1,1,1,1,1,1,0,Pneumonia
1,0,1,1,1,0,1,0,1,0,1,0,0,0,0,0,0,0,1,1,0,1,0,1,0,0,COVID-19
0,1,0,0,1,1,0,1,0,1,1,0,1,1,0,0,1,1,0,0,1,1,1,1,1,0,Malaria
1,1,1,1,0,0,1,0,1,0,0,1,0,0,1,0,0,1,1,0,1,1,0,1,1,1,Tuberculosis
1,0,0,0,1,1,1,0,0,1,0,0,0,1,1,1,1,1,1,0,0,1,1,0,0,1,Arthritis
1,0,0,0,0,0,1,0,1,1,1,1,1,1,0,0,1,0,0,1,1,1,1,0,1,0,Dengue
1,0,1,1,0,0,1,1,1,1,1,1,1,0,0,0,1,1,0,1,0,1,1,1,0,0,Malaria
1,0,0,0,0,0,1,1,1,1,1,1,1,0,1,1,1,1,0,1,0,0,1,1,0,0,Hepatitis
0,1,0,0,1,0,0,0,0,0,0,0,0,0,0,0,0,0,0,1,0,0,1,0,1,1,Meningitis
1,0,0,1,0,0,1,1,1,0,0,0,0,0,0,1,0,1,0,1,0,1,0,1,0,1,Asthma
0,1,1,1,0,1,0,0,1,1,0,0,0,0,0,0,0,1,0,1,0,1,1,1,1,1,Pneumonia
1,0,1,0,0,0,1,1,1,1,0,1,0,1,0,1,0,1,1,1,0,0,0,1,1,0,COVID-19
0,0,0,0,1,1,0,0,1,0,0,0,1,0,0,0,0,0,0,1,0,0,0,0,0,1,Meningitis
0,1,1,1,1,1,1,0,1,0,0,1,0,1,0,1,1,0,0,0,0,0,1,1,0,1,Influenza
1,1,0,0,0,0,1,1,1,1,0,1,1,1,1,0,1,0,1,1,1,0,1,0,1,0,Bronchitis
1,1,0,0,0,0,0,1,1,0,1,0,1,0,1,1,1,1,1,0,0,1,1,1,0,0,Dengue
0,1,1,1,1,0,0,1,0,1,0,0,0,1,0,1,1,1,0,0,0,0,1,0,1,1,Conjunctivitis
1,0,0,0,1,0,1,0,1,0,0,1,1,1,0,1,1,0,0,1,1,1,1,0,1,1,Meningitis
1,0,0,1,1,1,0,0,1,0,1,1,0,1,1,1,0,1,1,1,0,0,0,1,1,0,Chickenpox
0,0,0,0,1,1,1,1,1,0,1,0,0,0,0,1,1,1,1,0,0,1,0,1,1,1,Food Poisoning
0,1,1,0,1,0,0,1,1,1,0,1,0,1,0,1,1,0,0,1,0,1,1,0,0,1,Hepatitis
0,0,0,0,1,1,1,0,1,0,0,1,0,0,0,1,0,0,0,1,0,1,1,1,1,1,Appendicitis
1,0,1,0,1,1,1,1,0,0,0,1,1,1,1,0,0,0,1,0,0,1,0,1,0,0,Chickenpox
1,1,0,0,0,1,0,1,1,0,0,0,0,1,1,1,1,0,1,0,0,0,1,1,1,1,Typhoid
0,0,0,0,1,0,0,0,0,0,1,1,0,0,0,0,0,1,1,0,0,0,1,0,0,0,Hepatitis
0,0,0,1,0,0,1,0,0,0,1,1,1,1,1,0,1,1,0,0,1,0,0,1,0,0,COVID-19
1,0,0,0,0,1,0,0,1,0,1,1,0,1,0,1,0,1,0,1,1,1,0,0,1,0,Conjunctivitis
0,1,1,1,1,0,0,0,0,0,0,0,0,1,0,0,0,0,0,1,1,0,0,1,1,0,Conjunctivitis
1,1,1,0,0,0,0,1,1,1,0,1,0,1,1,1,1,0,0,1,1,0,0,1,0,1,Dengue
0,1,1,0,1,0,0,1,1,0,1,1,0,1,1,0,0,0,1,1,1,0,1,0,1,0,Migraine
1,0,0,0,0,0,0,1,1,0,0,0,0,1,0,1,0,1,1,0,0,1,1,1,0,0,Gastroenteritis
1,1,1,1,0,0,0,1,1,0,1,0,1,1,0,1,0,0,0,0,0,0,0,0,0,0,Hepatitis
1,1,1,1,0,0,0,1,1,1,1,0,0,0,0,0,0,0,1,0,0,1,1,0,0,0,Appendicitis
1,1,1,1,0,1,1,0,0,1,1,1,0,0,1,1,1,1,0,1,0,0,1,0,1,1,Dengue
0,1,0,0,1,1,1,1,0,1,1,0,1,1,1,1,1,0,0,1,0,1,0,0,0,1,Gastroenteritis
1,0,1,1,1,1,1,1,0,1,1,1,1,1,0,0,1,1,0,0,1,1,0,1,1,1,Bronchitis
0,1,0,0,1,1,0,1,1,1,1,0,0,0,1,0,1,0,1,1,0,0,1,0,1,1,UTI
1,0,0,1,0,0,1,0,0,1,1,0,1,1,1,1,1,1,0,1,0,0,0,1,1,0,Influenza
1,0,0,1,0,0,0,0,1,0,1,1,1,0,1,1,0,0,1,1,1,0,1,1,1,0,Arthritis
0,1,1,1,1,1,0,0,1,0,1,0,1,0,1,1,0,1,1,0,0,1,0,1,1,0,UTI
0,0,0,0,0,0,1,0,0,1,1,0,0,0,1,1,0,0,0,0,0,0,0,0,1,1,Pneumonia
1,1,0,0,1,0,0,1,0,0,1,1,1,1,0,0,0,1,1,1,1,0,1,0,1,1,Food Poisoning
1,1,0,0,0,0,0,1,1,0,0,0,0,1,0,1,1,1,1,0,0,1,1,0,1,1,Tuberculosis
1,1,0,1,0,0,0,0,1,0,0,1,0,1,1,1,1,1,1,1,1,0,0,1,1,1,Chickenpox
1,1,0,0,1,1,0,1,1,0,1,1,1,1,1,1,1,1,0,1,1,1,1,1,0,0,Food Poisoning
0,1,0,1,1,1,1,0,0,0,0,0,0,0,0,0,1,1,1,1,0,1,1,1,0,1,Pneumonia
1,1,0,1,0,1,1,0,0,1,1,0,1,0,0,1,1,0,0,1,1,0,0,1,0,0,Food Poisoning
0,0,0,1,0,0,1,0,1,1,1,1,1,1,0,0,1,1,0,0,1,0,0,0,1,0,Common Cold
0,0,0,0,1,1,0,0,1,1,1,1,1,0,1,0,1,1,0,0,0,0,1,1,1,1,Food Poisoning
0,1,0,1,1,0,0,1,0,1,0,1,1,1,1,0,0,0,0,1,0,1,1,1,1,0,Typhoid
0,1,0,1,0,1,0,1,0,0,1,0,1,0,1,0,0,0,0,0,1,0,0,0,0,0,Common Cold
0,1,1,0,1,1,0,1,1,0,1,0,0,0,1,0,0,1,0,1,1,0,1,1,0,0,Bronchitis
1,1,1,0,1,1,1,0,1,1,0,1,1,1,1,0,0,1,1,0,0,1,0,1,1,0,Typhoid
1,1,1,1,0,1,1,1,1,0,0,1,1,0,0,1,0,0,1,0,1,1,1,0,1,1,Gastroenteritis
0,0,0,0,0,1,0,1,0,1,1,1,0,1,1,0,0,0,0,1,0,1,1,0,1,1,Chickenpox
0,0,0,0,1,0,0,0,1,1,0,0,0,0,1,0,1,1,0,0,1,1,0,1,0,0,Influenza
0,1,0,1,0,0,0,0,1,0,1,0,0,1,0,0,1,0,1,1,0,0,0,1,0,1,Hepatitis
1,1,0,0,1,0,0,0,1,1,1,1,1,0,1,0,1,1,0,1,0,1,0,1,1,1,Dengue
0,1,0,1,0,0,1,0,1,1,1,1,0,1,0,1,0,1,1,0,1,0,0,1,0,0,Tuberculosis
1,0,1,0,1,1,1,1,0,1,0,1,1,1,0,0,0,1,1,0,0,1,1,1,0,0,Heart Disease
0,1,0,1,1,0,0,0,1,0,0,1,0,1,1,1,0,1,0,1,0,0,1,0,1,1,Malaria
1,0,1,1,1,0,1,1,0,0,1,0,1,1,0,1,1,0,1,1,1,0,1,0,0,0,Typhoid
1,0,0,0,0,0,0,0,0,0,1,0,0,1,0,0,0,1,0,0,1,0,0,0,1,1,Common Cold
0,0,1,1,0,1,0,0,0,0,1,1,1,1,0,1,0,1,0,0,0,0,0,1,0,1,Tuberculosis
0,0,1,0,1,0,0,1,1,0,1,0,0,0,0,1,0,1,1,0,1,0,1,0,0,0,Chickenpox
0,1,1,0,1,1,0,0,1,1,1,1,1,1,0,1,1,0,1,0,1,1,1,0,1,0,Food Poisoning
1,0,0,0,1,0,1,0,0,0,0,1,1,1,0,1,0,1,1,1,1,1,0,0,1,0,Dengue
1,1,0,1,1,1,1,1,0,0,0,1,0,1,0,0,0,1,1,1,1,0,0,0,1,1,Common Cold
1,0,1,1,0,0,0,0,1,1,0,1,1,0,1,1,0,0,1,1,0,0,1,0,1,0,Food Poisoning
1,0,1,0,0,1,1,0,0,1,1,0,1,0,1,0,0,1,1,1,1,1,0,0,1,0,Appendicitis
1,1,1,1,1,0,0,0,0,1,1,1,0,1,1,0,0,0,0,1,1,0,0,0,1,0,Migraine
0,0,1,1,0,0,1,1,1,1,1,0,1,1,0,0,1,0,1,1,1,0,1,1,0,0,Meningitis
0,1,0,0,1,1,1,0,1,0,1,0,1,0,0,1,1,1,1,1,1,0,1,1,1,0,Appendicitis
1,0,1,0,0,1,1,0,1,1,0,0,1,0,0,0,0,0,0,1,0,1,0,0,0,1,Conjunctivitis
0,1,1,1,1,0,0,0,0,0,0,0,1,1,1,1,1,0,0,0,1,1,1,1,0,1,Chickenpox
1,1,1,0,0,1,1,1,1,1,1,0,1,1,0,1,0,1,0,0,0,1,1,0,0,1,Pneumonia
1,0,0,1,1,0,0,1,0,0,0,0,1,0,1,0,1,0,1,1,1,1,0,1,1,1,COVID-19
0,1,0,1,1,0,1,0,0,1,1,0,0,0,0,1,0,1,0,1,1,1,1,0,0,0,Influenza
1,1,1,0,0,1,1,0,0,1,0,1,1,0,0,0,1,1,0,0,0,1,1,0,0,1,COVID-19
0,0,1,0,0,0,1,1,1,0,1,0,1,1,0,1,1,1,1,0,1,0,0,0,1,0,Chickenpox
0,0,1,1,0,0,0,1,0,1,0,0,0,1,1,1,0,0,1,1,0,1,1,0,0,1,Common Cold
1,0,0,1,0,1,1,0,1,0,0,0,1,0,1,1,0,0,0,0,1,1,0,0,0,0,Tuberculosis
1,0,1,1,0,1,1,0,1,0,1,1,0,1,1,1,0,1,1,0,0,0,1,1,1,0,COVID-19
0,0,1,1,1,0,0,1,0,1,0,0,0,0,1,0,0,0,1,1,1,1,1,0,0,1,Chickenpox
1,1,1,0,0,0,0,1,1,1,0,0,1,0,0,1,1,0,0,1,1,1,1,1,1,0,Gastroenteritis
0,1,0,1,1,1,0,1,1,1,1,0,0,1,0,0,0,1,0,0,0,0,1,1,1,1,Conjunctivitis
1,1,1,0,1,0,1,0,1,0,0,0,0,1,0,1,0,1,1,0,0,0,1,1,0,1,Chickenpox
1,1,1,0,1,0,0,1,0,0,1,0,1,0,1,1,0,0,1,0,0,0,0,0,1,0,Pneumonia
1,1,1,1,0,1,0,0,0,1,1,0,1,0,0,0,1,0,0,1,0,0,0,1,1,0,Hepatitis
1,0,1,1,1,0,1,0,1,1,1,1,0,1,1,1,1,1,0,0,1,1,0,0,0,0,Dengue
1,1,0,0,1,0,0,0,1,0,0,0,0,0,0,1,0,1,1,0,1,1,1,1,1,0,Appendicitis
1,0,0,0,1,0,1,0,0,1,1,1,0,1,0,0,1,0,0,1,1,1,1,1,1,1,Conjunctivitis
0,0,1,0,0,1,1,1,0,1,0,1,0,0,0,0,1,0,0,1,1,1,1,1,0,1,UTI
1,1,0,0,0,0,1,1,1,0,1,0,0,1,1,0,0,1,1,1,0,0,1,1,1,1,COVID-19
1,0,1,1,0,0,1,0,0,1,0,0,0,1,1,0,0,0,1,1,1,0,0,0,1,1,Heart Disease
0,0,1,0,0,1,0,0,1,1,1,0,1,1,0,1,1,0,0,1,1,1,1,1,1,1,Malaria
0,1,0,1,1,1,0,1,1,0,1,1,1,1,0,1,0,1,1,1,0,0,0,1,0,0,Heart Disease
1,0,1,0,1,1,1,0,1,0,1,0,0,1,1,1,1,0,0,0,1,0,1,1,0,0,Migraine
1,0,0,1,1,1,1,0,1,0,0,1,1,1,1,1,0,0,0,1,1,0,0,0,0,1,Asthma
1,0,0,1,1,0,0,0,1,1,1,0,1,0,1,0,1,1,0,1,0,1,0,0,0,1,Bronchitis
1,0,0,1,1,1,0,1,0,1,0,0,0,0,1,0,1,0,1,0,1,0,0,1,0,1,Meningitis
0,1,0,0,0,1,0,0,0,1,0,1,0,0,0,1,1,0,1,1,0,1,1,1,0,0,Malaria
1,1,1,0,1,0,0,1,1,0,1,0,0,0,1,1,1,0,0,0,0,1,1,1,0,0,Pneumonia
1,1,1,0,1,1,0,1,0,1,1,1,1,1,1,0,0,1,1,0,0,1,1,0,0,0,Influenza
0,1,0,1,0,0,1,1,1,0,0,0,1,0,1,0,1,0,0,0,1,1,0,0,1,1,Malaria
0,1,1,1,0,1,1,1,1,1,1,0,1,1,1,1,1,0,1,0,1,0,1,0,0,1,Tuberculosis
0,1,1,0,1,1,0,0,1,0,0,0,0,0,0,0,0,0,0,0,0,1,1,0,1,1,Influenza
0,0,0,0,0,0,0,1,0,0,1,0,1,0,1,0,1,0,1,0,1,1,1,0,1,1,Arthritis
1,1,0,1,1,0,1,0,0,0,0,1,0,1,0,1,1,0,1,0,0,1,1,1,0,0,Bronchitis
1,1,1,1,0,0,0,1,1,0,0,1,0,1,1,0,0,1,0,0,0,1,0,0,0,1,COVID-19
0,1,0,0,1,1,0,1,1,1,0,0,0,1,1,0,1,0,0,0,1,1,1,1,0,1,Appendicitis
0,0,1,1,1,0,1,1,0,1,1,1,1,0,1,0,1,0,0,0,0,1,0,0,0,0,Migraine
0,0,1,1,1,1,1,1,1,1,1,1,1,1,1,1,1,0,1,1,0,0,0,1,0,0,Migraine
1,0,1,1,0,1,1,0,0,1,0,1,1,0,1,0,0,0,1,0,0,0,0,1,0,1,Arthritis
0,1,0,1,0,0,1,0,1,1,0,1,0,0,0,0,0,1,0,1,0,0,0,0,0,0,Migraine
0,1,1,1,0,0,1,1,1,1,0,1,0,0,1,0,1,0,0,0,0,1,1,0,1,1,Malaria
1,1,1,0,1,1,0,0,1,1,1,0,1,1,0,1,0,1,0,0,0,1,0,1,1,1,UTI
0,0,0,0,0,0,0,1,1,0,0,1,0,0,1,1,0,0,0,0,1,1,0,1,0,0,Tuberculosis
1,0,0,0,0,0,1,1,0,1,1,0,0,0,0,1,0,1,1,1,0,0,0,1,1,1,COVID-19
1,0,0,0,0,0,0,1,0,1,1,1,0,1,1,0,0,0,0,1,1,1,1,0,0,0,Tuberculosis
0,1,1,1,1,0,1,1,0,0,0,0,0,1,1,0,0,1,1,1,0,1,0,1,1,0,Food Poisoning
1,1,0,1,1,0,1,0,1,1,0,0,1,0,1,0,1,0,1,1,0,0,1,0,1,1,Migraine
0,1,1,1,1,1,0,0,1,1,1,0,1,0,1,0,1,1,0,0,1,1,0,1,1,0,Common Cold
1,1,1,0,1,1,1,1,0,1,0,0,0,0,1,0,0,1,1,1,0,0,1,1,1,0,Appendicitis
0,1,1,1,0,0,1,0,0,0,0,1,0,1,1,1,0,0,1,0,0,1,0,1,1,0,Tuberculosis
1,0,1,0,0,0,1,0,0,0,0,0,0,1,0,0,0,0,1,1,1,1,0,0,0,1,Gastroenteritis
1,1,1,1,1,1,1,0,1,1,0,1,1,0,0,1,1,0,0,0,0,1,0,0,0,0,Dengue
0,0,1,0,0,1,1,0,0,0,1,1,0,1,1,1,0,0,1,0,0,1,0,0,0,0,Migraine
1,0,1,0,1,1,0,0,0,1,0,1,0,1,1,0,0,0,1,0,1,0,1,0,1,0,Asthma
1,1,1,0,0,0,1,0,1,0,1,0,1,0,1,0,1,1,0,0,0,0,0,0,1,0,Dengue
1,1,0,0,0,0,1,1,0,1,0,1,0,1,1,1,0,1,1,1,1,0,0,0,1,0,UTI
1,0,0,0,0,0,0,1,1,0,0,0,1,0,0,1,1,1,1,0,1,0,0,1,1,1,UTI
0,1,1,0,0,1,1,1,1,0,1,0,0,0,0,1,0,1,0,0,0,1,0,0,0,0,Gastroenteritis
0,0,1,0,1,1,1,1,1,0,1,0,1,1,1,1,0,0,0,0,1,1,1,0,0,1,Heart Disease
0,1,0,1,0,1,0,1,1,0,0,1,0,0,0,1,1,0,0,0,0,1,1,0,0,1,Gastroenteritis
1,0,0,1,1,0,1,1,0,0,1,0,1,1,1,1,0,1,1,1,1,0,0,1,0,0,Typhoid
0,0,1,0,0,1,0,1,1,0,0,0,1,0,1,0,0,0,0,0,1,0,1,0,1,0,Gastroenteritis
0,1,0,0,0,1,1,0,1,1,1,0,1,1,1,1,1,0,1,0,0,0,1,0,1,1,Heart Disease
1,0,0,0,1,0,1,0,0,0,1,1,1,0,0,0,0,0,1,1,1,0,1,0,1,0,Food Poisoning
1,0,0,1,1,0,0,1,0,1,1,1,1,0,0,1,1,0,0,1,1,1,1,1,1,1,Pneumonia
0,0,1,0,1,1,1,1,1,0,0,0,1,0,1,1,0,1,0,0,1,0,1,0,0,1,Gastroenteritis
0,1,0,0,0,0,0,1,1,0,1,1,0,0,1,0,0,0,0,0,1,1,1,1,1,1,Bronchitis
1,1,1,0,1,1,0,0,1,1,1,0,0,1,1,1,1,0,1,0,0,1,1,0,0,0,Malaria
1,1,0,1,0,0,0,1,1,1,0,1,0,1,0,1,1,0,1,0,0,0,1,0,1,0,Meningitis
1,0,1,1,1,0,0,0,0,0,0,1,1,0,0,0,0,1,1,0,1,0,1,0,1,1,UTI
1,0,0,1,0,0,1,0,0,0,0,1,1,0,0,0,0,0,1,1,1,1,0,1,1,1,Typhoid
1,1,1,1,0,1,0,0,1,0,0,1,0,1,0,0,0,0,0,1,1,0,0,0,1,0,Tuberculosis
1,0,1,1,0,1,1,1,0,0,0,1,0,0,0,1,1,0,1,0,0,0,1,1,1,1,Chickenpox
0,1,0,1,1,0,0,0,0,0,1,1,1,0,1,0,0,0,1,1,1,0,1,1,1,1,Hepatitis
0,1,1,0,1,0,0,0,0,0,0,0,1,1,1,1,0,1,1,0,1,1,0,0,0,1,Typhoid
1,0,1,0,1,1,1,1,0,1,0,1,0,1,1,0,0,1,0,0,0,1,0,1,0,1,Conjunctivitis
1,1,0,0,1,1,0,0,1,0,1,1,1,0,0,1,0,1,0,0,1,0,0,1,1,0,Influenza
0,0,0,1,1,0,0,0,1,1,1,1,0,1,1,0,1,0,0,1,1,0,0,1,0,0,Appendicitis
0,0,1,0,0,1,1,1,1,0,1,0,0,1,0,0,1,0,0,1,0,0,1,0,0,1,Arthritis
0,0,1,0,1,0,0,0,1,1,1,0,0,0,0,1,0,1,1,0,1,0,0,1,0,1,Appendicitis
0,1,1,1,1,0,1,0,0,0,0,0,1,1,1,0,1,0,0,0,1,1,0,0,1,1,Meningitis
1,1,1,0,1,1,0,1,1,1,0,0,0,1,0,0,1,1,1,0,0,0,1,1,1,0,Arthritis
1,0,1,0,1,1,0,0,0,0,0,0,1,1,1,0,0,1,0,1,1,1,0,1,1,0,Pneumonia
0,1,1,0,0,0,0,1,0,0,1,1,0,1,0,1,0,0,0,1,1,0,1,1,1,1,COVID-19
0,1,1,0,0,0,1,1,1,0,0,1,0,0,1,0,1,1,0,0,0,0,0,0,0,1,Hepatitis
1,1,0,1,1,1,1,0,1,1,0,0,0,1,1,0,0,1,0,1,0,1,1,1,1,1,Gastroenteritis
0,1,0,1,0,0,1,1,1,0,1,1,0,0,0,1,1,1,1,0,1,0,0,1,0,0,Asthma
1,0,1,0,1,1,1,1,1,0,0,1,1,0,1,0,0,0,1,0,0,1,1,1,0,1,Appendicitis
0,1,1,1,0,1,1,0,1,0,0,0,0,0,1,0,0,0,0,0,1,0,1,1,1,1,Meningitis
0,0,1,1,1,1,1,1,0,1,1,0,1,1,1,1,0,1,0,1,0,0,0,1,0,0,Food Poisoning
1,1,0,0,0,0,1,0,1,0,0,1,0,0,0,1,1,0,1,1,0,0,0,0,1,1,Hepatitis
1,0,1,1,0,0,1,1,1,1,1,1,0,1,0,1,0,0,0,1,0,1,0,1,1,1,Malaria
1,0,1,1,1,0,1,0,0,1,0,0,1,1,0,1,1,0,0,0,1,0,1,0,1,0,Bronchitis
1,1,0,1,1,0,1,0,1,1,0,1,1,0,1,0,0,0,0,0,0,1,0,0,0,1,COVID-19
1,0,0,0,0,0,0,1,1,0,1,1,1,0,0,0,0,1,0,1,0,1,0,1,0,0,Gastroenteritis
0,0,1,0,1,0,0,0,0,0,1,1,1,0,0,0,1,1,0,1,1,0,1,1,0,1,COVID-19
1,0,1,0,0,1,0,0,0,0,0,0,0,1,0,0,0,1,0,1,0,0,0,1,0,1,Common Cold
1,1,0,0,1,1,0,1,1,1,0,1,0,1,0,1,0,1,1,0,1,1,1,0,0,1,Conjunctivitis
0,0,1,1,0,1,0,1,1,0,1,0,0,1,0,1,1,0,1,0,1,1,1,0,1,0,Common Cold
1,1,1,0,0,0,1,0,0,1,0,1,1,1,0,1,1,0,1,0,1,1,0,0,1,0,Common Cold
1,0,0,1,1,0,1,1,1,1,1,1,0,1,0,0,1,0,0,0,1,0,1,0,1,0,COVID-19
0,1,1,1,0,1,0,0,1,1,1,1,1,1,0,0,1,0,0,0,0,1,1,0,1,0,Appendicitis
1,1,1,0,1,1,1,1,0,0,1,1,0,0,0,1,0,1,1,1,0,0,1,0,1,1,Bronchitis
0,0,0,0,1,1,1,1,1,1,0,0,0,0,1,0,1,0,0,1,0,1,0,1,0,1,UTI
1,1,0,0,1,1,1,0,1,0,0,1,1,0,1,1,1,0,0,1,0,1,0,0,1,1,Hepatitis
0,1,1,0,0,1,0,0,1,1,0,0,1,0,1,0,1,0,1,1,1,0,0,1,0,0,Meningitis
0,1,0,0,0,0,1,0,1,0,1,0,1,0,1,0,0,1,0,0,1,0,1,0,0,1,Chickenpox
0,1,0,1,1,0,1,0,0,0,1,0,1,0,1,0,1,1,0,0,0,0,1,1,1,1,Pneumonia
0,1,0,1,1,0,0,1,1,1,1,1,1,1,0,1,0,0,0,1,1,0,0,0,1,1,Dengue
1,0,0,1,0,0,1,0,1,0,1,0,0,1,0,1,1,0,0,1,0,0,1,1,0,0,Influenza
0,0,1,0,1,1,1,1,0,1,1,1,0,1,0,0,0,0,1,0,1,1,0,0,1,0,Meningitis
1,1,0,1,0,0,0,1,0,0,1,0,1,0,0,1,0,0,0,0,0,1,0,1,0,0,UTI
0,1,1,1,1,0,1,0,1,1,0,1,0,1,1,0,1,0,1,1,0,1,1,0,0,1,Conjunctivitis
1,0,1,0,1,1,0,0,0,0,1,1,1,1,0,1,0,1,1,1,1,0,1,1,0,0,Asthma
0,0,0,1,1,0,0,0,1,1,1,1,0,0,0,1,0,0,0,0,1,1,0,1,1,0,Dengue
0,1,1,0,1,1,0,1,1,1,1,1,0,1,1,0,0,1,1,0,1,1,0,1,1,0,Conjunctivitis
1,0,1,0,0,0,1,0,1,1,1,0,1,1,1,0,1,1,1,1,0,1,1,0,1,1,Heart Disease
1,1,0,0,1,1,1,0,1,0,1,1,1,1,0,1,1,1,1,1,1,1,0,0,0,0,Pneumonia
1,1,0,1,1,1,1,1,1,0,1,1,0,1,0,0,1,1,1,1,0,1,1,0,1,1,Influenza
1,1,0,1,1,0,1,1,0,0,0,1,1,0,1,1,1,1,1,1,1,0,0,0,0,0,Gastroenteritis
0,1,1,1,0,1,1,1,1,1,0,1,0,0,1,0,1,0,1,0,0,1,1,1,1,1,Heart Disease
0,0,0,1,0,1,0,1,0,0,0,0,1,1,1,0,0,1,0,0,1,1,1,0,1,1,Arthritis
1,0,0,1,1,0,1,0,1,0,1,0,0,0,1,0,0,1,1,0,1,1,1,1,1,0,Common Cold
0,1,0,1,0,1,1,1,1,1,1,1,1,1,0,0,0,0,0,1,1,0,1,1,0,0,Asthma
0,1,1,1,1,0,0,0,0,1,1,0,0,0,0,0,0,1,0,0,1,0,0,1,1,1,Migraine
0,1,1,0,1,1,0,1,0,1,0,1,0,0,0,1,0,1,0,1,1,1,1,1,0,0,COVID-19
1,1,1,1,0,1,1,1,0,1,1,1,0,0,1,0,0,1,1,0,1,1,0,1,0,0,Arthritis
0,0,0,1,1,0,0,0,1,1,1,0,0,0,1,1,1,1,1,1,0,0,1,0,1,1,Food Poisoning
1,1,0,1,0,0,0,0,0,0,1,0,0,0,0,0,1,1,1,1,1,1,1,1,0,0,Heart Disease
0,1,1,1,1,1,1,0,1,0,1,1,0,1,1,0,0,1,1,1,0,1,0,0,1,1,Arthritis
1,0,1,0,1,1,0,0,1,1,0,1,1,1,0,0,1,1,0,0,0,0,1,1,0,0,Meningitis
0,1,1,0,1,1,0,1,1,0,0,0,1,0,1,1,1,1,0,1,0,1,0,0,1,1,Arthritis
1,0,1,0,1,0,0,1,0,1,0,0,1,0,0,0,1,1,0,1,1,1,1,0,0,0,Tuberculosis
1,0,0,0,1,1,0,0,0,1,0,1,1,1,0,0,1,1,0,1,0,0,0,1,1,0,COVID-19
0,1,0,1,0,0,0,0,0,0,0,0,0,0,1,0,0,1,1,1,0,0,0,1,0,0,Bronchitis
1,1,1,0,0,1,1,0,1,1,0,1,1,1,0,1,0,1,1,1,1,1,0,0,0,1,UTI
1,1,0,1,0,0,1,0,1,1,1,0,1,1,1,1,0,1,0,0,1,0,0,0,1,0,Heart Disease
0,1,1,1,0,1,0,0,0,0,0,1,0,0,0,1,1,1,0,1,0,0,1,1,1,0,Typhoid
0,1,0,1,1,1,0,1,0,1,1,1,0,1,0,0,1,0,0,0,0,1,0,1,1,0,Chickenpox
0,1,0,1,0,0,0,0,1,1,1,0,0,1,0,1,0,1,0,1,0,1,1,1,0,0,Hepatitis
1,0,1,0,1,0,0,0,1,0,1,0,1,1,1,0,1,1,0,0,0,0,0,0,1,1,Meningitis
0,1,1,1,1,1,1,1,0,0,1,0,0,1,0,1,0,1,0,1,1,1,0,0,1,1,UTI
0,1,0,0,0,0,1,1,0,0,1,1,1,1,0,1,1,1,1,0,0,0,1,0,1,0,Tuberculosis
0,1,1,1,1,0,1,0,1,1,0,0,1,1,0,0,0,1,1,1,0,1,0,0,1,1,Migraine
0,0,1,0,0,0,1,1,1,1,0,1,1,0,0,1,1,0,0,0,1,0,1,0,1,0,Common Cold
1,1,1,1,0,0,0,0,0,0,0,0,1,1,1,1,1,1,0,1,1,1,1,0,0,1,Heart Disease
0,1,0,1,0,0,0,1,1,1,0,1,0,0,1,1,0,1,0,1,1,1,1,0,1,0,Appendicitis
0,1,0,1,1,0,1,1,1,1,0,0,1,1,1,0,0,0,0,0,0,0,0,1,0,0,Appendicitis
0,1,0,0,0,1,0,1,0,0,1,1,0,1,1,1,1,1,1,1,1,1,1,1,1,0,Gastroenteritis
1,1,0,0,0,0,0,1,1,1,1,0,0,1,1,1,1,0,1,0,1,1,0,0,1,0,Malaria
1,1,1,0,1,1,0,0,1,1,1,0,0,1,0,0,1,1,1,0,1,1,1,0,1,0,Hepatitis
0,0,0,0,0,1,1,0,0,1,0,1,1,0,0,1,0,1,1,0,1,0,1,1,1,1,Tuberculosis
0,0,1,1,0,1,1,0,0,1,1,1,1,1,1,1,1,0,1,1,0,1,0,0,0,1,Gastroenteritis
1,0,1,0,1,0,0,0,0,0,0,0,1,1,1,0,1,0,1,1,1,0,1,1,0,1,Malaria
1,1,1,0,0,0,1,1,0,1,0,0,1,1,0,1,0,0,0,1,1,1,1,1,1,0,Appendicitis
0,1,1,0,0,0,0,0,0,0,0,1,1,1,1,0,0,1,1,0,0,0,0,1,1,1,Food Poisoning
0,1,0,0,1,0,0,0,1,1,1,1,0,1,1,1,1,1,1,1,0,1,1,0,1,1,Asthma
1,0,1,0,0,1,0,0,1,1,0,0,1,1,0,0,1,1,0,1,1,1,1,1,1,0,COVID-19
0,0,0,1,1,0,1,1,0,1,0,0,0,0,1,1,1,1,1,0,0,1,1,0,1,0,Bronchitis
0,0,0,0,1,0,0,0,1,0,1,1,0,0,0,1,1,0,1,0,1,0,1,1,1,1,Bronchitis
0,0,1,0,0,0,1,0,1,0,0,0,1,1,1,1,0,0,0,0,0,0,0,1,1,0,Bronchitis
0,1,1,0,0,1,1,0,1,1,1,1,1,0,1,0,1,1,0,0,1,1,0,0,0,0,Meningitis
0,0,1,0,1,0,1,0,0,0,0,0,1,1,1,1,0,1,1,0,1,1,1,0,1,1,Malaria
1,1,1,1,0,1,0,1,1,0,1,0,0,0,0,0,0,0,1,1,1,1,0,0,1,0,Arthritis
0,1,0,0,1,1,0,0,0,1,1,0,1,1,0,0,1,1,0,1,0,0,1,1,1,1,Meningitis
0,1,1,1,0,0,0,0,0,0,1,1,0,1,0,0,0,0,0,1,0,1,0,0,0,1,Arthritis
1,0,0,1,0,0,0,0,0,1,1,1,0,0,0,0,1,0,0,1,1,0,0,1,0,0,Chickenpox
1,0,1,0,0,0,0,0,1,0,1,0,1,1,1,1,1,0,1,0,0,0,1,0,0,1,Influenza
0,0,1,0,1,1,0,0,1,1,1,1,1,1,1,1,1,1,0,1,1,1,0,0,0,1,Dengue
0,0,1,1,0,0,1,0,1,0,1,0,1,0,1,0,0,0,1,1,1,0,1,0,0,1,Meningitis
1,1,0,0,1,1,0,0,0,0,1,0,0,1,0,0,0,1,1,1,1,0,0,0,0,0,Migraine
1,0,0,0,1,1,0,0,0,1,1,1,0,1,0,0,0,1,0,0,0,0,1,0,1,1,Hepatitis
0,0,0,0,0,0,1,1,0,1,1,1,0,1,0,0,0,1,0,0,1,1,0,1,0,0,Gastroenteritis
0,0,0,0,0,1,0,1,0,0,1,0,0,1,1,1,0,1,1,1,0,0,0,1,1,0,Food Poisoning
0,0,0,1,1,0,0,1,1,0,0,1,1,1,1,0,0,0,1,0,0,1,1,0,0,0,COVID-19
0,0,0,1,0,1,1,1,1,0,1,1,0,1,0,1,1,0,0,0,0,1,0,1,0,0,Hepatitis
1,1,0,0,0,0,0,1,0,1,0,1,0,1,1,0,1,1,0,0,0,1,0,0,0,1,Hepatitis
1,0,0,1,1,1,1,0,0,1,0,0,1,1,0,0,0,0,0,0,1,1,1,0,1,1,Common Cold
1,1,0,0,0,0,0,1,1,1,1,1,0,0,0,0,1,1,0,0,0,1,0,1,1,1,Food Poisoning
1,0,0,1,1,1,1,0,1,1,0,1,0,0,0,0,0,0,0,0,0,1,0,1,1,1,COVID-19
0,1,1,1,1,1,1,0,0,1,1,1,1,0,1,1,1,1,1,1,1,0,1,0,1,1,Common Cold
1,1,1,0,1,0,1,1,1,1,0,0,1,0,1,1,1,0,0,1,0,0,1,0,1,0,UTI
0,1,1,1,1,1,0,1,1,1,1,1,1,1,1,1,0,1,1,1,1,0,0,1,1,1,Pneumonia
1,1,1,0,0,0,1,0,0,0,0,0,1,0,1,1,1,0,0,0,1,1,0,0,1,1,Chickenpox
1,0,1,0,0,0,1,0,1,1,0,1,1,1,0,0,1,0,0,1,0,0,0,1,0,0,Tuberculosis
1,1,1,0,1,0,1,0,0,0,0,1,0,1,1,0,0,1,0,0,0,0,0,0,1,1,Migraine
1,0,0,0,0,0,0,1,0,1,0,1,1,0,0,0,1,0,0,0,0,0,1,1,1,1,Appendicitis
0,0,1,1,1,0,0,0,0,0,1,1,0,0,0,0,0,0,0,1,0,0,1,1,1,0,Pneumonia
1,1,1,1,0,1,1,1,0,0,1,1,1,1,1,0,1,0,1,0,1,1,1,0,0,1,Appendicitis
0,0,1,0,1,1,1,0,1,1,0,0,0,0,0,1,0,0,1,0,1,0,0,0,1,0,Heart Disease
0,0,0,1,0,1,1,1,1,1,1,0,0,0,0,1,0,0,1,1,0,1,0,1,0,1,Tuberculosis
0,1,0,1,0,0,0,1,0,1,1,1,0,0,0,1,1,1,0,1,0,1,1,0,0,1,Chickenpox
0,1,0,0,0,1,1,1,0,0,1,1,0,1,0,1,0,0,1,0,1,1,1,0,1,1,Meningitis
0,1,1,1,0,1,1,1,0,1,0,0,1,1,1,0,1,0,1,1,1,0,1,0,1,1,Bronchitis
1,0,1,1,1,0,0,0,1,0,0,1,0,1,0,1,0,0,0,1,1,0,0,0,1,1,Asthma
1,0,1,1,1,0,1,1,1,1,0,1,1,1,0,0,1,0,1,0,1,1,1,0,1,0,COVID-19
0,1,1,0,1,0,0,1,1,1,1,0,0,0,0,1,1,1,0,1,0,0,1,1,1,0,Pneumonia
0,1,1,0,0,0,0,0,0,1,0,1,1,1,0,0,1,1,0,0,1,1,1,0,0,1,Pneumonia
0,0,0,0,0,0,1,1,0,1,1,0,1,1,0,1,0,0,1,0,1,0,1,0,0,0,Pneumonia
1,0,1,0,1,1,0,0,1,0,1,0,1,1,0,0,1,0,0,0,0,1,0,0,0,1,Hepatitis
0,1,1,0,1,1,1,0,1,0,0,1,0,0,1,0,1,1,1,0,1,1,0,1,1,0,Arthritis
0,1,1,1,0,1,1,1,1,1,1,1,0,0,0,0,1,1,1,0,1,1,1,1,0,1,Gastroenteritis
1,0,0,1,1,0,0,1,0,0,1,0,1,1,1,0,1,1,1,0,0,0,1,1,1,0,Migraine
0,1,0,0,0,1,1,0,1,1,1,0,1,0,0,1,0,0,1,0,0,1,0,0,1,1,Arthritis
0,0,1,0,0,1,1,0,0,1,1,1,1,0,1,1,0,0,0,1,0,0,0,1,0,1,Hepatitis
1,1,1,0,1,1,0,0,0,0,0,1,0,0,1,1,0,0,0,1,1,0,0,1,1,0,Typhoid
0,1,0,1,1,0,1,1,1,0,0,0,1,0,0,1,0,1,1,0,1,0,1,1,1,0,Asthma
1,1,1,0,0,1,0,0,1,1,0,0,1,1,0,0,1,0,0,1,0,1,0,1,0,0,Migraine
1,1,0,1,1,1,1,1,1,1,0,1,1,0,0,1,0,0,0,1,1,0,0,1,1,1,COVID-19
0,1,1,0,0,0,1,0,0,0,0,0,1,1,1,0,0,1,0,1,0,0,1,1,0,0,Typhoid
0,1,1,1,0,0,1,1,1,1,1,1,0,1,1,1,0,0,0,1,1,0,1,1,0,1,Food Poisoning
1,1,1,0,0,1,0,1,1,1,0,1,1,0,0,0,1,1,0,0,0,1,0,0,0,0,Asthma
1,1,1,0,1,1,1,0,0,0,0,1,0,1,1,0,0,0,1,1,0,0,1,0,1,1,Conjunctivitis
0,0,1,1,0,1,0,0,1,0,1,0,0,0,1,0,0,0,0,0,0,1,0,1,1,1,Meningitis
0,0,0,0,1,1,1,0,1,1,0,0,1,0,0,1,1,0,0,1,0,0,0,0,1,1,Hepatitis
1,0,0,1,0,0,1,0,1,0,1,1,0,1,0,1,1,0,0,0,0,0,0,1,0,1,Gastroenteritis
0,1,1,0,1,1,1,1,1,0,1,0,0,1,1,0,1,0,0,1,1,1,0,0,0,1,Common Cold
0,0,0,0,1,1,0,0,1,1,0,0,0,1,0,1,0,0,1,0,1,0,0,1,0,1,Migraine
1,0,1,0,1,1,0,0,0,0,1,0,1,1,0,0,1,1,1,1,1,0,0,0,0,0,Influenza
0,0,1,0,0,1,0,0,1,0,1,0,0,0,0,1,1,1,0,0,1,1,1,0,1,0,Chickenpox
1,0,1,1,1,0,1,0,1,1,0,1,0,0,0,0,0,1,0,0,0,0,1,0,1,1,Gastroenteritis
0,1,1,0,1,1,1,0,1,1,0,0,1,0,0,0,0,0,1,1,1,0,1,1,0,1,COVID-19
1,1,0,0,1,0,1,1,1,0,1,1,1,0,1,1,1,0,1,1,0,1,0,0,0,1,Hepatitis
0,1,1,0,0,0,1,1,0,0,1,1,0,1,1,0,0,1,0,1,1,1,1,1,1,1,COVID-19
0,1,1,1,0,1,0,1,0,1,0,1,1,1,1,1,1,1,1,1,1,0,1,1,0,1,Common Cold
0,0,0,0,1,0,1,1,0,0,1,1,0,0,0,0,1,1,0,1,1,1,1,1,0,0,Conjunctivitis
0,0,1,0,0,0,1,0,1,0,1,1,1,0,0,1,1,0,0,0,1,0,0,1,1,1,Malaria
1,1,0,1,0,1,0,0,1,0,0,0,0,0,0,1,1,0,1,1,1,1,0,0,1,0,Conjunctivitis
1,0,1,0,1,1,0,1,0,0,1,0,1,1,1,1,0,0,0,1,1,0,0,1,0,1,COVID-19
0,1,0,1,0,0,0,0,1,1,0,1,0,1,0,0,1,1,1,0,1,0,0,0,1,1,UTI
0,0,0,0,0,1,1,1,1,1,0,1,1,1,0,0,0,0,0,1,0,1,0,1,1,0,Appendicitis
0,0,1,1,0,1,0,1,1,1,1,0,1,0,0,0,1,0,1,0,0,0,0,0,1,1,Conjunctivitis
0,1,1,0,1,1,1,1,0,0,0,0,0,0,0,1,0,0,1,0,0,0,1,0,0,1,Arthritis
1,1,1,0,1,0,1,1,1,0,0,0,1,1,1,0,1,1,1,1,0,0,1,1,0,1,Conjunctivitis
1,1,0,0,0,0,1,1,0,1,0,1,1,0,0,0,0,0,0,1,1,1,0,0,1,1,Bronchitis
1,0,0,1,1,1,0,1,0,1,1,0,0,0,0,1,0,0,0,0,0,0,0,1,0,0,Influenza
1,0,0,1,0,1,1,1,0,0,1,1,1,0,0,1,1,1,0,0,0,1,1,0,1,1,Migraine
0,0,1,0,1,0,1,1,0,0,0,0,0,1,0,0,1,0,1,0,0,0,1,1,1,1,Conjunctivitis
1,1,0,1,0,0,1,0,0,0,1,1,0,1,0,0,1,1,1,1,1,0,0,1,0,1,Typhoid
0,1,0,1,1,1,0,0,1,1,0,1,0,1,1,1,0,1,1,0,1,1,1,0,1,0,Chickenpox
1,0,1,1,0,1,0,1,0,1,1,0,1,1,1,1,1,1,0,1,0,0,1,0,1,1,Tuberculosis
1,0,0,0,1,0,0,1,1,1,1,1,1,0,1,0,1,0,1,1,0,0,0,0,1,0,Food Poisoning
1,1,1,0,1,0,1,1,0,1,1,1,0,1,0,0,1,1,1,0,0,1,0,1,0,1,Tuberculosis
0,1,1,0,1,1,0,1,1,0,1,0,1,0,1,0,1,0,1,1,0,1,1,0,0,0,Pneumonia
1,0,1,0,1,0,1,0,0,1,0,0,0,0,1,1,1,0,0,0,1,0,1,1,0,0,Arthritis
1,0,1,1,1,0,1,0,1,0,1,1,1,1,1,1,1,1,0,0,0,0,0,1,1,1,Malaria
0,0,0,0,0,1,1,1,0,0,0,1,0,0,0,0,1,0,0,1,1,0,1,1,0,1,Gastroenteritis
0,0,0,1,0,1,0,0,1,1,0,1,1,0,1,1,0,1,1,1,0,0,1,1,0,0,Appendicitis
1,1,0,0,0,1,1,1,0,0,1,0,0,0,0,1,1,0,1,0,0,0,1,0,1,1,Pneumonia
1,1,0,0,0,1,0,0,1,1,1,1,1,0,1,1,1,1,0,0,0,1,0,0,0,0,Tuberculosis
0,0,1,0,1,1,0,0,0,0,0,0,1,1,1,0,0,1,0,0,1,0,1,1,0,0,Bronchitis
1,0,1,1,1,1,0,1,1,0,1,1,1,1,1,0,0,1,0,1,1,0,0,1,0,1,Dengue
1,1,1,0,1,1,0,1,1,1,0,0,0,1,1,1,0,1,1,0,1,1,1,1,1,1,Dengue
0,1,0,0,1,0,1,0,0,1,1,1,1,0,1,0,1,1,1,0,1,1,1,1,0,1,Chickenpox
1,1,1,1,1,0,1,1,0,0,1,1,0,0,1,1,0,1,0,1,0,1,1,0,1,0,Malaria
0,0,0,0,1,0,1,1,1,1,0,1,1,0,0,1,1,0,1,1,1,0,1,1,1,0,Malaria
0,0,0,1,0,0,0,1,0,0,0,1,0,0,0,1,1,0,0,1,0,1,1,0,1,0,Meningitis
1,1,0,0,1,0,0,1,0,1,1,1,0,1,1,1,0,1,0,1,1,0,0,0,0,0,Hepatitis
1,0,0,1,1,1,0,0,1,0,0,1,1,0,1,0,1,0,0,0,1,0,0,1,1,0,Chickenpox
1,0,1,0,0,0,1,1,1,1,0,0,0,1,0,1,0,1,0,0,0,1,1,1,1,0,Bronchitis
1,0,0,1,1,1,1,1,0,1,0,1,1,0,1,1,0,1,0,0,1,0,0,0,1,0,Bronchitis
0,1,0,0,1,1,1,0,1,1,1,1,1,1,0,0,0,1,1,0,0,1,0,0,0,1,Typhoid
1,0,0,1,0,1,1,1,1,0,0,0,0,1,1,0,1,1,1,1,1,0,0,0,1,0,Conjunctivitis
1,0,0,1,1,1,0,0,0,0,0,0,1,0,0,1,1,0,1,0,0,0,0,1,0,0,Migraine
1,0,0,1,0,1,0,0,1,0,1,0,0,0,1,1,0,0,1,1,0,0,0,1,0,0,Dengue
0,1,1,0,1,0,1,1,0,1,0,0,0,0,1,0,1,1,0,1,1,1,1,0,1,1,Typhoid
1,0,1,1,0,1,0,1,1,1,0,0,0,0,1,0,1,0,0,0,1,1,0,1,0,1,Hepatitis
1,0,1,0,0,1,0,1,0,0,1,1,0,0,0,1,0,0,0,0,1,1,0,1,1,0,Tuberculosis
0,0,0,1,0,0,0,0,1,0,1,1,1,0,0,0,1,1,0,1,0,1,1,0,1,1,Heart Disease
1,0,1,1,0,0,1,0,0,0,1,0,1,0,1,0,0,0,0,1,1,0,1,1,0,1,Food Poisoning
1,0,0,1,0,1,1,0,1,1,0,0,1,0,0,1,1,1,0,1,0,0,0,0,1,1,Influenza
1,1,1,1,1,1,0,0,0,0,1,0,0,0,1,1,1,1,1,0,0,1,0,0,0,1,Gastroenteritis
1,1,1,1,1,1,1,0,0,0,1,0,1,0,1,0,1,1,1,0,0,1,0,0,1,1,Chickenpox
0,1,0,0,0,0,1,0,1,1,1,1,1,1,0,1,0,0,0,1,0,0,1,0,0,0,Meningitis
1,0,1,0,0,1,1,1,1,0,1,1,1,1,0,0,0,1,1,1,1,0,0,1,0,1,Malaria
0,0,0,1,1,0,1,1,1,0,0,0,1,1,1,1,1,1,0,0,0,0,0,1,1,1,UTI
0,1,0,0,1,0,1,1,1,1,1,0,0,0,1,1,1,0,1,0,0,1,0,1,1,1,Chickenpox
0,0,0,1,0,0,0,1,1,0,1,1,0,1,0,0,0,1,0,0,0,1,1,1,1,1,Chickenpox
0,0,0,0,0,1,0,1,1,0,1,1,1,0,0,0,0,0,1,0,0,1,1,1,1,0,Bronchitis
1,1,1,1,1,1,0,1,0,1,0,1,0,1,1,1,0,0,1,0,0,0,1,1,1,0,UTI
0,1,0,1,0,1,1,0,1,0,0,1,0,1,1,0,0,0,1,1,0,1,1,0,1,1,Malaria
1,0,0,0,1,0,1,0,1,1,0,0,1,1,1,0,1,0,1,1,0,0,0,1,1,1,Hepatitis
0,0,1,1,0,0,0,1,1,0,1,1,0,0,1,1,1,1,1,0,0,0,0,0,0,0,Dengue
1,0,1,0,0,0,1,1,1,0,0,0,1,0,1,0,0,1,0,0,1,1,0,0,0,0,Appendicitis
0,0,0,1,1,1,0,0,1,0,0,1,0,0,1,0,1,1,0,1,1,1,1,0,0,0,Conjunctivitis
0,0,0,0,1,0,1,1,0,1,1,0,0,0,0,1,0,1,0,0,0,0,1,0,1,1,Heart Disease
0,1,0,1,0,0,0,0,1,1,1,1,1,1,1,1,1,0,0,0,1,0,1,1,0,1,Chickenpox
0,0,1,0,0,1,1,1,0,1,1,1,1,0,0,1,1,1,0,0,0,1,1,0,1,0,Bronchitis
1,0,0,0,1,1,0,0,1,1,1,0,0,0,0,0,0,0,1,0,0,0,1,1,0,1,UTI
1,1,1,1,0,1,1,0,1,1,1,0,1,0,1,0,1,0,1,1,0,0,1,1,1,1,Chickenpox
1,0,1,0,1,1,0,0,1,0,1,1,0,0,1,1,1,1,0,1,1,0,0,1,0,1,COVID-19
0,0,0,0,0,1,0,1,0,0,1,0,1,1,0,0,1,1,1,1,1,1,1,1,0,1,Dengue
0,1,0,0,1,1,1,0,0,0,1,0,0,1,1,0,0,1,0,0,1,0,1,0,0,1,Arthritis
1,1,1,0,1,0,1,1,1,0,1,0,1,0,0,0,1,0,1,0,1,0,0,1,0,0,Heart Disease
0,1,1,0,0,1,1,0,1,1,0,1,1,0,0,0,0,1,0,0,0,1,1,1,1,1,Arthritis
0,0,0,0,1,0,0,1,0,1,1,0,0,0,1,0,0,0,1,1,0,1,0,0,1,0,Meningitis
1,0,0,0,1,0,1,0,1,0,1,1,0,1,1,1,0,1,1,0,1,1,1,1,0,0,Malaria
0,0,1,0,1,0,0,1,1,1,1,1,1,0,1,0,1,1,1,0,1,1,1,1,0,0,Conjunctivitis
1,1,0,0,0,0,0,0,0,1,1,0,1,0,1,0,0,1,1,1,1,0,0,1,0,1,Appendicitis
1,1,0,1,0,0,0,1,1,1,0,1,0,0,1,1,1,0,0,0,0,0,0,1,0,0,Conjunctivitis
1,1,1,1,0,0,1,0,0,1,1,0,0,1,0,0,0,0,1,1,1,0,0,0,0,0,Heart Disease
1,0,0,0,0,1,0,1,1,1,1,0,0,1,0,0,1,0,1,1,0,0,0,1,1,0,Arthritis
0,1,1,1,1,1,0,0,0,0,1,0,0,1,0,1,0,1,1,0,0,1,1,1,0,0,Chickenpox
0,1,1,0,1,1,1,1,0,1,0,0,1,0,0,0,1,1,0,1,0,1,1,0,0,0,Arthritis
1,1,0,0,0,1,1,0,1,0,1,1,0,1,0,0,1,0,1,1,1,0,0,1,1,1,UTI
0,1,0,1,1,0,0,0,0,1,0,1,1,0,1,0,0,1,1,0,1,1,1,1,0,0,Bronchitis
0,0,1,1,1,0,1,1,1,1,1,1,1,1,0,1,0,1,1,1,0,0,0,0,0,0,Migraine
0,1,0,0,0,1,1,1,1,1,0,0,1,1,0,1,1,0,0,0,1,1,0,1,1,0,Typhoid
1,1,1,0,1,0,0,0,1,0,1,0,0,1,0,1,1,0,1,1,0,1,1,0,1,1,Asthma
1,0,1,0,0,0,1,1,1,1,0,0,1,1,1,0,1,0,1,1,0,0,0,1,0,0,Pneumonia
1,0,1,1,0,1,0,1,0,0,0,1,0,1,1,0,1,1,0,0,0,0,0,0,0,1,Bronchitis
1,0,0,0,1,0,1,0,0,0,0,1,0,0,0,1,0,0,0,0,0,0,1,0,0,1,Bronchitis
1,0,1,0,0,0,1,0,0,1,0,0,1,0,0,1,1,1,1,1,1,0,0,0,1,1,Conjunctivitis
1,0,0,0,0,1,0,1,1,0,0,0,0,1,0,0,0,0,1,0,1,1,1,0,0,1,Meningitis
1,0,0,0,0,1,0,0,0,0,1,1,0,0,0,0,0,1,0,1,0,0,0,0,0,1,Heart Disease
1,0,1,0,0,0,1,0,0,1,1,1,1,0,1,0,0,0,0,0,1,0,0,1,1,1,Hepatitis
1,0,1,0,0,1,1,0,1,1,1,1,0,1,1,1,1,0,0,1,1,0,0,1,1,0,Bronchitis
0,1,1,1,1,0,0,0,1,0,0,0,0,1,1,1,0,1,0,0,0,0,1,0,0,0,Malaria
1,1,0,0,1,0,1,0,1,0,1,0,0,1,0,0,1,0,0,1,0,0,1,0,0,1,Common Cold
1,1,0,0,1,1,1,0,0,1,0,1,1,1,1,0,0,0,0,1,0,1,0,0,1,0,Heart Disease
1,1,0,1,0,0,1,0,0,0,0,1,1,1,1,0,0,0,0,0,1,0,0,1,1,1,Gastroenteritis
1,1,1,0,0,1,1,1,1,1,0,0,0,0,1,1,0,0,1,0,1,1,1,0,1,0,Chickenpox
1,0,1,1,0,0,0,1,0,1,0,1,1,0,0,1,1,1,0,0,1,1,0,0,0,1,COVID-19
0,1,1,1,0,0,1,1,0,1,0,0,0,1,1,1,0,1,1,0,1,0,1,0,1,1,Chickenpox
1,1,1,0,0,0,1,0,0,0,1,0,0,0,1,0,1,1,0,0,1,0,1,0,1,1,COVID-19
0,1,1,1,0,0,1,1,1,0,0,1,1,0,1,1,0,0,1,1,0,0,0,1,0,1,Heart Disease
0,1,0,1,0,1,0,0,1,1,1,1,0,1,1,1,1,0,0,1,1,1,0,1,0,0,Influenza
0,0,1,1,0,0,1,1,0,1,0,1,0,1,1,0,0,0,1,0,0,0,0,1,0,0,Typhoid
0,1,1,0,1,1,1,0,1,0,0,1,1,0,1,0,1,0,1,1,1,0,1,0,0,1,Gastroenteritis
0,0,1,1,0,0,0,1,0,0,1,1,0,0,0,0,0,0,1,1,1,0,1,0,1,1,Gastroenteritis
0,1,0,0,1,0,1,1,1,1,0,0,1,1,0,1,1,0,1,1,0,1,0,1,1,0,Tuberculosis
0,0,1,0,0,1,1,1,1,1,0,1,0,0,1,1,0,0,1,0,1,0,0,0,0,1,Food Poisoning
1,0,1,0,1,0,0,1,0,1,0,0,0,0,0,0,1,1,0,0,0,1,0,0,0,1,Arthritis
0,1,0,0,0,0,1,1,0,0,0,0,1,1,1,0,0,0,0,1,0,1,1,1,0,1,Migraine
1,0,1,0,1,1,1,0,0,0,0,0,0,1,1,1,0,0,0,0,1,0,0,0,0,1,Typhoid
0,1,0,1,0,1,0,1,0,1,1,1,0,0,0,1,0,1,1,0,1,0,1,1,1,1,COVID-19
1,1,1,0,1,1,1,1,0,0,1,0,0,1,0,1,1,1,0,0,1,0,0,0,0,0,Pneumonia
0,1,1,1,0,0,0,0,0,1,0,1,0,0,0,1,0,1,1,1,1,1,0,0,0,1,Meningitis
1,0,0,0,1,0,1,1,0,0,1,0,1,0,1,1,1,1,0,0,0,1,1,0,1,0,Typhoid
1,1,1,1,0,1,1,0,1,0,1,1,0,1,0,0,1,1,1,1,0,0,1,1,0,0,Malaria
1,1,1,1,0,0,1,1,1,0,1,0,0,1,0,0,1,0,1,1,1,0,0,0,0,1,Asthma
0,0,0,1,0,1,1,1,0,1,1,1,1,1,1,0,1,1,0,0,1,1,1,0,0,0,Pneumonia
1,1,0,0,1,0,0,0,1,1,0,0,1,1,0,0,0,0,1,1,1,0,0,1,0,1,Asthma
0,1,0,1,0,1,1,1,0,0,0,0,1,0,1,0,1,0,0,0,0,0,0,1,1,1,COVID-19
1,0,0,1,1,0,1,1,0,1,1,1,1,1,0,0,1,1,0,0,1,0,0,0,1,1,Gastroenteritis
0,0,0,0,1,1,0,1,1,1,0,1,0,1,0,0,0,0,0,0,0,1,1,1,0,0,Gastroenteritis
1,0,1,1,1,0,1,0,1,1,1,1,0,0,1,1,1,0,1,1,1,0,0,0,0,0,Migraine
0,0,1,0,0,1,0,1,1,1,0,1,1,1,0,1,0,0,1,0,0,0,0,1,1,1,COVID-19
1,1,0,1,0,1,1,1,1,0,0,0,0,1,1,0,1,0,1,0,0,1,0,1,0,0,Pneumonia
0,0,0,1,1,0,1,1,1,1,0,0,0,0,1,1,0,0,0,0,1,0,1,1,1,1,UTI
0,1,1,1,0,0,1,1,0,1,1,0,0,0,1,1,1,0,1,1,1,0,0,0,1,1,Meningitis
1,1,1,0,1,1,1,1,0,0,0,0,1,1,1,1,0,0,1,0,0,0,1,0,1,0,Heart Disease
1,1,1,1,0,1,1,1,1,0,1,0,0,0,0,1,1,0,0,0,0,1,0,1,0,1,Typhoid
0,1,1,0,1,1,0,0,1,0,0,1,0,0,1,1,1,0,1,0,1,1,0,0,0,0,Hepatitis
1,0,1,1,1,1,0,0,0,0,1,0,1,1,0,1,1,1,1,1,0,0,1,1,1,1,Meningitis
1,1,1,0,1,0,0,1,1,1,0,1,1,0,1,0,0,1,0,0,0,1,1,1,1,1,Common Cold
0,0,0,0,1,1,0,1,1,0,1,0,1,1,1,1,1,1,0,1,0,0,0,1,1,0,Dengue
1,0,1,1,0,0,1,0,1,1,1,0,0,1,1,1,1,0,1,1,0,0,0,1,1,0,UTI
1,1,1,1,0,1,0,0,0,0,0,0,0,1,1,1,0,1,1,1,1,1,1,0,1,1,Common Cold
1,0,1,0,1,0,0,0,0,0,0,0,1,0,0,0,0,1,0,0,0,1,0,0,0,1,Heart Disease
1,1,0,1,0,0,1,1,1,1,0,0,1,1,0,1,1,1,1,1,0,1,1,1,0,0,Migraine
0,0,0,0,0,0,1,1,1,1,0,1,1,1,1,1,0,0,1,0,1,1,0,0,1,1,UTI
1,1,1,0,0,0,1,1,1,1,1,1,0,1,0,0,0,1,1,1,0,1,0,0,0,0,Food Poisoning
0,0,0,1,1,0,0,0,1,0,1,1,1,0,0,0,0,0,0,0,1,1,1,1,1,0,Typhoid
1,0,1,1,1,1,1,0,0,1,1,0,1,1,1,0,0,0,0,0,1,0,0,0,0,1,Hepatitis
0,0,1,0,0,1,1,1,0,0,0,0,0,1,1,0,1,0,0,1,0,1,0,0,0,1,UTI
1,0,0,1,1,1,1,0,1,1,0,1,1,0,0,1,0,1,0,0,1,0,1,0,0,1,Pneumonia
0,1,0,0,0,1,1,0,0,1,1,1,1,1,0,0,1,1,0,0,0,0,1,0,0,0,Asthma
0,1,1,0,0,0,0,0,0,0,1,0,0,0,1,1,1,0,1,1,1,1,0,1,1,1,Migraine
1,0,0,0,0,0,0,0,1,1,0,1,1,1,0,0,1,0,0,0,1,1,1,1,1,1,Conjunctivitis
0,0,1,0,0,1,0,0,1,1,0,1,0,0,1,1,1,0,0,0,1,0,0,1,0,1,Tuberculosis
1,0,1,0,0,1,0,1,1,1,1,1,0,0,0,1,1,1,1,0,1,0,0,0,0,1,Common Cold
0,1,0,1,0,0,1,1,0,1,1,0,1,0,0,0,1,1,1,0,0,0,0,1,1,0,Migraine
0,0,0,0,0,1,1,1,1,1,0,0,1,1,0,0,0,0,1,1,0,0,1,0,1,0,Pneumonia
0,1,1,1,1,1,0,1,0,1,1,1,0,1,1,0,0,1,1,0,0,1,0,0,1,1,Common Cold
0,1,0,0,1,1,1,1,0,1,1,1,0,0,1,0,0,1,1,0,1,1,1,1,0,0,Pneumonia
1,0,1,0,1,1,0,0,0,0,0,0,1,1,1,0,0,1,1,1,0,0,1,1,1,0,Appendicitis
1,1,1,0,0,0,0,1,1,0,0,0,1,0,0,1,0,0,1,1,1,1,1,1,1,1,Common Cold
0,0,1,1,1,0,0,1,0,0,0,0,0,0,1,1,1,1,1,1,1,1,1,1,0,1,Conjunctivitis
0,1,1,0,1,0,0,1,1,1,1,0,1,1,1,1,0,0,0,1,1,0,0,0,1,1,Food Poisoning
1,1,0,0,1,1,1,1,0,0,0,0,0,1,1,1,0,0,1,1,1,1,0,0,1,1,Meningitis
0,0,1,1,0,1,1,0,1,1,1,1,1,1,1,1,1,0,1,1,0,0,1,0,1,1,Bronchitis
0,0,1,0,1,0,0,1,1,0,1,0,0,0,0,1,1,1,0,0,0,0,1,1,0,1,Conjunctivitis
1,1,0,1,1,0,1,1,1,0,0,0,0,0,1,0,0,0,0,1,0,1,1,0,1,0,Meningitis
0,1,1,0,0,1,1,0,1,1,0,0,0,1,1,1,0,0,1,0,1,0,1,1,0,1,Bronchitis
0,1,1,0,0,0,0,1,1,0,1,1,0,0,0,0,1,0,0,1,1,0,1,0,0,0,UTI
1,1,0,0,1,1,0,0,1,1,1,1,0,1,0,1,0,0,1,0,1,0,0,1,1,0,Meningitis
1,1,0,1,0,1,0,0,0,0,1,1,0,0,1,0,1,1,1,1,0,1,1,0,0,0,Dengue
1,0,0,1,0,1,1,1,0,0,1,0,1,0,0,1,1,1,1,0,1,0,0,0,1,0,Hepatitis
1,1,0,1,1,0,1,1,0,0,0,0,0,1,0,0,1,0,0,1,0,0,0,1,1,0,Food Poisoning
1,0,1,0,0,0,1,0,1,1,0,0,0,1,1,0,0,0,1,1,0,1,0,0,1,1,Malaria
1,0,0,0,1,1,0,1,0,1,0,1,0,0,1,0,0,1,1,1,0,0,1,0,1,1,Chickenpox
0,0,0,1,0,0,0,0,1,1,0,0,1,1,0,1,1,0,1,0,0,0,0,0,1,1,Conjunctivitis
1,1,0,0,0,0,0,0,1,0,1,1,1,1,1,1,0,0,0,1,1,0,0,0,1,1,Food Poisoning
0,0,1,0,0,0,1,0,1,1,1,1,1,0,0,1,0,1,1,0,1,0,0,1,0,1,Heart Disease
1,0,0,0,1,1,0,0,1,0,1,0,1,1,1,0,0,1,0,1,0,1,0,0,0,0,Meningitis
1,0,0,1,1,1,1,0,1,1,1,0,0,1,1,0,0,0,1,0,0,0,0,1,1,1,Influenza
1,1,1,1,0,1,1,0,0,1,0,1,0,1,0,1,0,0,0,0,0,0,0,0,1,1,Tuberculosis
1,0,0,1,0,0,0,1,0,1,0,1,0,0,0,0,0,0,1,0,0,0,0,0,0,0,Conjunctivitis
0,1,0,1,1,0,0,1,0,0,1,1,0,1,1,1,0,0,0,1,1,1,0,1,1,0,COVID-19
0,0,1,1,1,1,1,0,1,1,0,1,0,1,0,0,1,1,0,0,0,0,0,1,1,1,Bronchitis
1,0,1,0,0,1,1,0,0,1,0,0,1,1,0,1,1,0,0,1,1,1,1,1,1,1,Meningitis
1,1,1,0,1,0,1,1,0,0,1,1,1,1,0,0,1,1,0,1,1,1,1,1,0,0,Appendicitis
1,0,1,1,1,1,0,1,0,0,0,1,1,0,1,0,1,1,1,1,1,1,0,1,0,1,UTI
1,0,1,0,1,0,1,0,0,0,0,1,0,1,0,0,1,1,0,1,0,0,0,0,1,1,Arthritis
0,0,0,0,0,1,1,1,1,1,0,0,1,1,0,1,0,0,0,0,1,0,1,0,0,1,Asthma
0,1,1,1,1,0,0,1,1,0,1,0,1,1,1,1,1,1,1,1,0,1,0,0,0,0,Malaria
0,0,1,1,1,1,1,0,0,0,1,0,0,0,1,0,0,0,1,0,1,1,0,1,1,0,UTI
1,0,0,1,1,0,1,1,0,1,1,0,0,0,0,1,1,1,0,1,1,1,1,0,1,0,UTI
0,1,1,1,0,1,0,0,1,0,0,1,0,0,1,0,1,0,0,0,0,0,1,0,0,1,Malaria
1,0,1,1,1,0,1,1,0,0,1,0,1,1,0,0,0,1,0,1,1,1,1,0,0,0,Bronchitis
1,0,0,0,0,0,0,0,1,0,1,0,1,1,0,0,1,1,1,0,1,1,0,0,0,0,UTI
0,0,0,0,0,0,1,1,1,1,1,0,0,1,1,0,1,1,1,1,1,0,1,0,0,1,Chickenpox
1,1,1,0,0,0,1,1,0,0,0,0,1,1,0,1,0,0,0,0,0,0,1,1,1,0,Pneumonia
0,0,0,1,0,0,0,1,1,1,1,1,0,0,0,0,0,0,0,1,1,0,1,1,1,1,Asthma
1,1,1,0,1,1,1,0,1,1,1,1,0,0,0,1,0,1,1,0,0,0,1,1,0,0,Influenza
0,1,1,1,0,0,0,0,0,1,0,0,0,1,0,1,0,0,0,1,0,1,1,0,0,1,Asthma
0,1,1,1,1,0,1,0,1,1,1,1,1,1,1,1,1,0,1,0,1,0,0,0,1,0,Arthritis
0,0,1,0,1,1,1,1,1,0,0,1,0,1,0,1,1,1,1,1,0,0,0,1,1,1,Influenza
1,0,1,1,0,1,1,0,0,0,1,0,1,1,0,0,1,0,1,1,1,1,0,0,1,1,COVID-19
0,0,1,1,1,1,1,1,0,0,0,1,1,1,1,0,0,0,1,1,1,0,0,1,1,0,Appendicitis
1,0,1,1,0,1,1,0,1,1,0,0,0,1,0,0,1,0,0,1,0,0,1,0,0,1,Food Poisoning
1,0,0,0,1,0,0,0,1,0,0,1,0,0,0,1,0,0,0,0,1,0,0,0,1,0,Malaria
1,0,0,1,0,0,1,0,0,1,0,1,1,1,0,1,0,1,0,0,0,1,1,1,0,1,Tuberculosis
1,0,0,0,0,0,1,1,0,0,1,0,1,1,0,0,0,1,0,1,1,1,1,0,1,1,Dengue
0,1,1,1,0,0,1,1,1,0,1,0,0,0,0,1,1,0,0,1,0,0,0,0,0,0,Gastroenteritis
1,1,1,0,1,1,1,0,0,0,0,1,0,1,0,1,0,0,1,1,0,0,0,1,0,1,COVID-19
0,0,0,0,0,1,0,1,0,0,0,1,0,1,1,0,1,1,0,0,1,0,0,0,0,0,Common Cold
1,1,1,1,0,1,0,0,1,1,0,0,0,1,0,1,0,0,1,1,1,0,0,1,1,1,Meningitis
1,0,0,0,0,1,0,1,1,1,1,0,1,1,0,1,0,0,0,0,1,1,0,0,0,0,Hepatitis
1,1,1,0,1,0,0,0,0,0,1,1,0,1,1,1,1,1,0,0,0,0,0,0,0,1,COVID-19
1,0,0,0,0,0,1,0,1,1,0,1,0,0,0,1,0,1,1,0,1,0,0,0,1,1,Malaria
1,1,0,1,0,1,0,1,1,0,1,0,1,0,1,0,1,0,1,0,0,0,1,1,0,1,Heart Disease
1,0,1,0,1,1,1,0,1,1,0,1,0,1,0,0,1,0,1,0,0,0,0,1,0,0,Dengue
0,1,1,1,0,1,1,1,0,1,0,1,1,1,1,1,1,1,1,0,1,1,1,0,1,0,Typhoid
0,1,0,1,0,0,1,1,1,1,1,0,0,1,1,0,1,0,1,1,0,0,1,1,1,0,Influenza
1,0,0,1,1,0,1,1,1,0,1,1,1,1,0,0,0,0,1,0,1,0,0,0,1,0,Appendicitis
0,1,1,0,1,0,0,1,0,0,0,0,0,0,1,1,0,0,0,1,1,0,1,0,0,0,Malaria
1,0,1,1,0,1,1,1,1,1,1,0,1,1,0,1,0,1,1,1,0,0,0,0,1,0,Food Poisoning
1,0,0,0,1,1,0,0,1,1,1,1,0,1,0,0,1,1,1,1,0,1,0,0,1,0,Migraine
0,1,1,1,0,1,1,1,0,0,0,1,0,1,1,0,0,0,0,1,0,1,0,0,1,0,Arthritis
1,1,0,1,1,0,1,0,0,1,0,0,1,0,1,1,0,0,0,1,1,1,0,1,1,1,Arthritis
1,1,1,1,1,1,0,1,0,1,0,1,0,1,0,0,1,0,0,1,0,0,1,1,1,1,Appendicitis
0,0,1,0,0,1,0,0,0,0,0,1,1,0,0,1,1,1,0,0,1,0,0,0,0,1,Influenza
1,0,1,1,1,1,1,0,1,0,0,0,1,0,0,0,1,0,1,0,0,0,1,1,0,0,Hepatitis
1,1,1,0,1,0,1,1,0,1,0,0,0,0,0,0,1,1,1,1,0,1,1,0,1,0,COVID-19
0,0,1,1,0,0,1,1,1,0,1,0,0,0,0,1,1,0,0,1,0,0,0,1,1,1,Pneumonia
0,0,1,1,0,1,1,1,0,1,0,1,1,1,0,0,1,1,1,1,1,0,1,0,0,0,Heart Disease
0,1,1,0,0,1,0,0,0,0,1,1,1,0,0,0,0,0,0,0,0,1,0,1,1,0,Pneumonia
0,1,0,1,0,1,0,0,0,1,1,1,1,0,1,1,0,0,1,1,0,1,0,0,0,1,Migraine
0,0,0,1,1,1,0,0,0,0,1,0,0,0,0,0,1,1,1,1,1,0,1,1,1,1,Typhoid
1,1,1,0,1,0,1,0,0,1,0,0,1,0,0,0,1,0,1,1,0,0,1,1,0,1,Influenza
1,0,1,1,0,1,1,0,1,0,1,0,0,1,1,1,0,1,1,0,1,1,0,1,1,1,Heart Disease
0,0,1,0,0,0,0,1,1,1,1,0,1,1,0,1,1,0,0,0,0,0,0,0,1,0,Common Cold
1,0,1,0,0,1,1,1,0,0,1,1,0,1,1,0,0,1,1,0,1,0,1,1,0,0,Common Cold
0,1,1,1,1,0,0,0,0,0,0,0,1,1,1,0,0,0,0,1,1,0,1,1,1,0,Migraine
0,1,1,1,0,0,1,0,1,0,1,0,1,0,1,0,0,0,0,1,0,1,1,0,1,0,Bronchitis
1,0,1,0,0,0,0,0,0,1,0,0,0,1,1,1,0,0,0,1,1,1,1,0,0,0,Meningitis
0,0,1,1,1,1,1,0,1,0,0,1,1,1,0,1,1,0,0,0,1,1,0,0,1,0,Food Poisoning
1,1,1,0,0,1,0,1,1,0,0,1,0,1,0,0,0,1,0,1,1,0,0,0,1,0,Dengue
1,1,0,1,1,0,0,1,1,0,1,0,1,1,0,0,1,1,0,1,0,0,1,1,0,1,Gastroenteritis
1,0,0,0,1,1,1,1,0,0,1,0,0,0,0,1,0,0,0,1,0,0,0,1,1,0,Meningitis
0,1,0,0,1,0,1,1,0,1,1,0,0,1,1,1,1,1,0,0,1,1,1,1,1,0,Chickenpox
1,1,0,1,0,0,0,0,1,0,0,0,1,0,1,0,1,1,1,1,0,0,1,0,0,1,Influenza
0,1,0,1,1,0,1,1,1,0,1,0,1,1,1,1,0,0,0,1,0,0,1,1,0,0,Food Poisoning
0,1,0,1,0,1,1,0,0,0,0,1,1,1,0,0,1,0,0,1,1,1,1,0,0,1,Dengue
0,1,1,0,0,0,1,1,0,0,0,1,0,1,1,0,0,1,0,0,0,1,1,0,1,0,Chickenpox
1,0,0,0,1,0,0,0,0,1,0,1,1,0,1,1,0,1,1,0,0,0,0,0,1,1,Pneumonia
0,0,0,0,1,0,1,1,0,0,1,1,0,0,1,0,1,0,1,0,0,1,0,0,0,0,Food Poisoning
0,0,1,0,1,0,1,0,1,0,0,1,0,1,0,1,1,0,1,1,0,1,1,0,0,1,Hepatitis
0,1,0,1,1,1,1,0,1,1,0,1,0,0,0,0,0,1,0,1,0,0,1,0,1,1,Migraine
1,0,0,1,1,0,0,0,0,1,1,0,0,1,0,1,0,1,0,1,1,0,1,1,0,0,Migraine
1,1,0,1,0,0,1,0,0,1,1,0,0,1,0,1,1,1,0,0,0,1,1,1,1,1,Gastroenteritis
1,1,0,1,0,1,1,0,0,1,0,1,0,0,0,0,0,1,0,1,0,1,0,1,0,1,Hepatitis
0,1,1,1,1,0,1,1,0,0,0,1,1,1,0,1,1,1,1,0,0,0,1,1,1,0,Food Poisoning
0,0,1,1,0,1,1,1,0,1,0,1,1,1,1,0,0,1,1,1,1,1,0,0,1,0,Bronchitis
0,1,0,1,1,0,0,0,1,0,0,1,0,0,1,1,1,1,1,1,1,0,1,0,1,0,Hepatitis
1,0,1,1,1,0,1,1,0,0,1,0,0,0,1,1,1,1,0,1,0,1,1,0,1,0,Meningitis
1,0,1,0,0,1,1,1,0,1,0,0,1,0,0,1,1,0,1,1,1,1,0,0,1,1,Meningitis
0,1,1,0,0,0,0,0,0,1,0,0,0,1,0,0,1,1,1,0,0,1,1,1,0,1,Pneumonia
0,0,0,1,0,0,1,1,1,0,1,0,1,0,1,1,0,0,1,0,0,1,1,0,0,1,Chickenpox
0,1,0,0,1,0,0,0,1,0,0,0,1,0,0,1,1,0,0,1,0,0,0,0,1,0,Asthma
0,0,0,1,1,0,1,0,1,1,1,1,0,0,0,1,1,0,0,0,0,0,1,1,1,1,Malaria
0,1,0,0,1,0,0,1,1,1,1,1,0,1,1,1,1,0,0,1,0,0,1,1,0,1,Typhoid
0,1,0,1,0,0,0,1,1,0,1,0,0,0,1,0,0,1,1,1,0,0,0,1,0,1,Tuberculosis
0,0,1,0,0,0,0,0,0,1,1,1,0,1,0,0,0,1,0,0,0,1,0,0,1,1,Dengue
0,1,0,1,0,0,0,0,0,0,1,0,0,0,0,0,0,0,0,0,1,1,1,1,0,0,Tuberculosis
1,0,0,1,1,0,1,0,1,0,1,0,1,1,0,1,0,0,0,0,0,1,0,0,1,1,UTI
0,0,0,1,1,1,1,1,0,1,0,0,1,1,1,0,0,1,0,1,1,1,1,0,0,0,Asthma
0,0,0,0,0,1,1,1,0,0,1,1,1,0,1,1,0,0,1,0,0,0,1,1,0,1,Malaria
1,0,1,1,0,0,1,1,0,0,1,0,0,1,1,0,0,1,0,0,0,1,0,0,1,0,Tuberculosis
0,1,0,1,0,1,1,1,0,1,0,1,1,0,0,0,1,0,1,0,1,1,1,1,1,1,Appendicitis
0,0,0,1,0,1,0,1,1,1,0,0,0,1,1,1,0,0,1,0,1,1,1,0,1,1,Influenza
1,0,1,1,0,1,0,0,1,1,1,0,1,0,1,1,1,1,0,0,0,0,1,1,1,1,UTI
1,0,0,1,0,0,1,0,1,1,0,1,1,0,0,0,1,1,1,0,1,1,0,0,0,0,Meningitis
0,1,1,1,1,1,1,1,0,0,0,1,0,1,1,0,1,1,1,0,0,0,1,0,1,1,Influenza
1,1,1,1,1,1,0,1,1,0,0,1,0,1,0,0,0,1,1,0,0,0,1,1,1,1,Typhoid
0,1,1,1,1,0,0,0,0,0,0,0,0,0,1,1,1,1,1,0,1,1,1,1,0,1,Pneumonia
0,1,1,0,0,1,0,0,1,1,0,1,0,0,1,0,1,1,1,1,1,0,0,0,1,1,Common Cold
1,1,0,0,1,0,0,0,1,1,0,0,1,0,1,0,0,1,0,0,0,0,1,1,1,0,Food Poisoning
1,1,1,1,0,1,0,1,1,1,1,1,1,1,1,0,1,0,1,1,0,1,1,1,0,0,Influenza
0,0,1,0,0,1,1,0,0,1,1,0,0,1,1,0,1,1,1,0,1,1,1,0,0,1,Dengue
0,0,0,1,0,1,1,1,1,1,0,1,0,0,1,0,0,0,0,1,0,1,0,1,1,0,Appendicitis
1,1,0,0,1,1,0,0,0,1,1,0,0,0,0,0,1,1,1,1,1,1,1,0,1,1,Migraine
0,0,0,0,0,0,0,1,0,0,1,0,0,0,0,1,1,0,0,1,0,1,0,0,1,1,Tuberculosis
1,1,0,1,0,1,0,0,0,1,1,0,1,1,1,1,1,0,1,0,0,0,0,0,0,1,Malaria
0,1,0,0,1,1,1,0,0,1,0,0,0,1,1,1,1,1,1,0,0,0,0,1,1,1,Chickenpox
0,1,1,0,1,0,0,1,1,0,0,1,1,1,1,0,1,1,0,0,1,1,0,0,0,1,Common Cold
1,1,1,1,0,1,1,0,1,0,1,1,0,0,1,0,0,0,0,0,0,1,1,0,1,0,Common Cold
0,0,1,0,1,0,0,0,1,0,1,1,0,0,1,1,0,1,0,0,1,1,0,0,1,1,UTI
1,0,0,1,1,0,0,1,0,0,1,0,0,0,0,1,0,0,0,1,1,1,1,1,0,0,Gastroenteritis
0,0,1,0,1,0,0,0,0,1,1,0,1,1,1,1,1,0,0,0,0,1,1,1,1,0,Bronchitis
0,1,1,0,0,1,1,0,1,1,1,1,0,0,1,0,1,0,0,1,1,0,1,1,1,0,Arthritis
1,1,1,0,1,1,0,1,1,1,0,0,0,1,0,1,0,0,0,0,1,1,1,1,0,1,Common Cold
0,1,0,1,0,0,1,0,0,0,0,1,1,0,0,0,0,0,0,0,0,0,0,0,0,0,Appendicitis
0,1,0,0,1,1,0,0,1,0,1,1,0,0,0,0,0,1,0,0,1,1,0,1,0,0,Migraine
1,0,0,0,1,0,0,1,1,1,0,0,0,0,0,0,1,1,1,1,1,1,1,1,0,0,Common Cold
1,1,1,1,0,1,1,1,1,0,1,0,1,1,0,1,1,0,0,0,0,1,1,1,1,0,Malaria
1,0,1,1,1,1,1,1,1,1,1,1,1,1,0,1,1,1,0,0,1,0,0,0,0,1,Arthritis
1,0,0,1,0,0,0,1,1,0,1,1,0,1,0,1,0,1,1,0,0,1,1,0,0,1,Asthma
1,0,0,0,1,0,1,1,0,1,1,0,1,1,0,1,1,1,0,1,0,0,1,1,0,0,UTI
0,0,0,0,1,0,0,0,1,0,1,0,1,1,0,1,1,1,1,1,1,0,1,0,1,0,Dengue
1,0,0,1,0,0,0,1,1,1,0,1,0,0,1,0,0,1,0,1,1,0,1,0,0,0,Arthritis
0,1,0,1,1,0,1,0,0,1,0,1,1,1,1,1,0,1,0,1,0,0,1,0,0,0,Food Poisoning
0,1,0,1,1,0,1,0,1,0,1,1,1,1,1,0,0,0,0,0,1,0,1,1,1,1,Common Cold
1,1,1,0,1,0,0,1,1,1,0,1,0,0,0,1,1,1,0,1,1,1,0,0,1,1,Common Cold
1,0,0,1,0,1,1,1,0,0,0,1,0,1,1,1,1,0,1,0,0,0,1,0,0,0,Tuberculosis
1,0,1,0,1,0,0,1,1,0,1,1,0,1,1,0,0,0,0,0,0,1,0,1,0,0,Arthritis
1,0,0,0,1,1,1,1,0,0,1,0,1,1,1,0,0,0,0,0,1,0,0,1,0,1,Influenza
1,0,0,1,0,1,0,0,1,1,0,1,1,1,0,0,1,1,0,1,1,1,1,0,1,0,Heart Disease
0,1,1,0,0,1,0,1,1,0,1,0,1,1,0,1,1,0,0,0,0,1,1,0,1,1,Asthma
0,1,0,0,1,0,1,1,1,1,0,1,0,0,1,1,1,0,1,0,1,0,0,0,0,0,Conjunctivitis
0,0,1,1,0,1,1,1,1,0,1,1,1,0,0,1,0,0,1,0,0,0,1,1,0,1,Heart Disease
0,1,0,0,1,1,1,0,0,1,0,0,1,0,1,0,1,1,0,0,0,0,0,1,1,1,Appendicitis
0,1,0,0,1,1,1,1,1,1,0,0,1,0,1,0,0,1,0,1,1,0,0,0,0,1,Influenza
0,0,1,0,1,1,1,1,1,0,1,1,0,1,0,0,1,0,0,1,0,0,0,1,1,0,Conjunctivitis
1,0,1,1,1,0,0,1,1,0,1,0,0,0,0,1,0,1,0,0,0,1,1,1,1,1,Conjunctivitis
0,1,1,0,0,1,1,1,1,0,1,0,1,1,1,0,1,1,0,0,1,1,0,0,0,1,Conjunctivitis
0,1,0,1,1,1,0,0,0,1,1,0,1,1,1,1,1,1,0,0,1,1,0,0,1,0,Arthritis
0,0,0,1,0,1,0,0,0,0,1,0,0,0,1,0,0,1,1,0,0,0,0,0,0,0,Chickenpox
1,1,1,1,1,0,1,0,1,0,1,0,1,0,0,0,1,0,0,1,0,0,0,0,1,0,Bronchitis
1,1,0,1,1,1,0,1,0,1,1,1,1,0,0,1,1,1,0,0,0,1,0,0,0,1,Tuberculosis
1,1,0,0,1,0,1,1,0,1,0,0,0,0,0,0,1,1,1,1,0,1,1,1,0,1,Arthritis
1,1,1,1,1,1,0,0,1,0,1,0,1,0,1,0,0,1,1,0,1,1,1,1,0,0,Dengue
1,1,1,0,0,1,0,1,0,0,1,0,0,1,0,1,0,0,0,0,1,0,0,1,1,0,Arthritis
0,0,0,0,1,0,0,0,0,0,0,0,1,1,0,0,1,1,1,1,0,1,0,0,0,0,Migraine
1,1,1,1,1,1,0,1,1,0,1,0,1,0,0,0,0,1,1,1,0,1,1,1,1,1,Influenza
1,1,0,1,1,1,0,0,0,1,1,0,0,1,0,0,1,1,0,1,1,0,1,0,0,1,Tuberculosis
1,0,0,0,1,0,0,0,1,1,0,0,1,0,1,0,0,1,1,1,0,0,0,0,1,1,Malaria
0,0,1,1,0,1,1,1,0,0,0,1,1,1,0,0,0,0,1,0,0,0,1,1,1,1,Dengue
1,1,0,0,1,0,0,1,0,0,0,0,0,1,1,0,0,1,1,1,1,0,0,1,1,0,Conjunctivitis
0,1,1,0,0,0,1,0,0,1,0,1,0,1,0,0,0,1,0,1,1,0,0,1,1,0,Asthma
1,0,1,0,0,1,1,0,1,1,0,0,1,0,0,1,0,0,0,0,0,0,1,1,0,0,Meningitis
1,1,0,1,1,0,0,1,1,1,1,0,0,1,0,1,1,1,0,1,0,1,1,1,1,0,Heart Disease
1,1,0,1,0,1,0,0,1,0,1,0,1,0,1,0,0,1,1,1,1,0,1,0,1,0,Heart Disease
0,0,1,0,0,1,0,1,0,0,1,1,0,1,0,1,1,0,0,1,1,1,1,0,1,1,Migraine
1,0,0,0,0,0,1,0,1,1,1,1,1,0,1,1,1,0,1,0,1,0,0,0,0,0,Malaria
1,0,0,0,0,1,1,1,0,1,0,0,0,0,1,0,1,1,0,0,0,0,1,0,1,0,Heart Disease
1,1,0,0,1,0,0,1,1,0,1,0,1,1,1,1,1,0,0,0,1,1,0,0,0,0,Typhoid
1,0,1,0,1,1,0,0,1,1,0,1,0,1,0,0,1,0,0,0,1,1,1,0,0,0,Conjunctivitis
1,0,1,1,0,1,0,0,1,0,0,0,0,0,0,0,1,0,0,1,1,1,1,0,0,1,Meningitis
0,0,0,0,0,0,1,0,0,0,0,0,1,0,1,0,0,1,0,0,1,1,1,1,0,0,Conjunctivitis
0,1,1,0,1,1,0,1,0,1,1,1,0,1,0,0,1,0,1,0,0,1,1,0,0,0,Food Poisoning
1,0,1,1,1,1,0,1,0,0,0,1,0,1,1,1,0,1,1,1,1,1,0,0,1,0,Heart Disease
0,1,0,1,0,0,0,0,0,1,0,1,1,1,1,0,1,1,0,0,1,0,1,0,1,1,Arthritis
1,0,1,1,0,0,0,0,0,1,1,0,1,1,0,0,1,1,1,0,0,1,1,0,1,0,Tuberculosis
1,1,1,0,0,1,1,0,0,0,0,0,1,1,1,1,1,1,0,1,1,1,0,1,0,1,Dengue
1,1,1,1,1,0,1,0,1,1,0,0,1,0,1,1,1,1,1,0,0,1,1,0,0,0,COVID-19
0,1,0,1,1,1,1,1,0,1,1,0,1,0,1,1,1,0,0,0,1,1,1,0,1,1,Gastroenteritis
1,0,1,0,0,0,0,1,0,1,0,1,0,1,0,1,1,0,0,0,1,0,0,1,1,1,Bronchitis
1,1,0,1,1,1,1,0,0,0,1,0,0,1,1,1,1,0,0,1,0,0,1,0,1,0,Food Poisoning
1,1,0,1,0,0,1,1,0,0,0,1,1,1,1,0,0,0,0,1,1,0,0,0,1,0,Arthritis
1,1,1,1,0,0,0,0,1,0,0,1,0,0,0,1,1,1,0,1,1,0,0,0,1,1,Chickenpox
1,1,0,1,0,0,1,0,1,1,0,1,0,1,0,0,1,0,1,1,0,0,0,0,0,1,Appendicitis
1,1,1,1,1,1,1,1,1,1,0,0,1,0,1,0,0,1,1,0,1,0,0,0,0,1,Meningitis
1,0,0,0,1,1,1,0,0,1,1,0,0,0,1,1,0,1,0,0,0,1,1,0,0,1,Food Poisoning
0,0,1,0,1,1,1,0,0,1,0,1,0,1,1,1,1,0,0,0,1,0,1,0,0,1,Chickenpox
0,0,0,0,0,1,0,0,0,0,1,1,1,1,1,1,0,1,1,1,1,0,1,0,1,1,Influenza
0,1,0,0,0,1,0,0,1,0,1,0,1,0,0,1,1,0,1,0,0,1,1,0,0,1,Dengue
0,0,0,0,1,0,1,1,1,1,1,1,1,0,1,0,0,0,1,0,0,1,1,1,1,1,Migraine
1,0,1,1,0,0,1,0,1,0,0,1,0,1,0,0,0,1,1,1,1,0,1,1,1,0,Heart Disease
1,0,1,0,1,0,1,1,1,0,1,0,0,1,1,1,1,1,1,0,1,1,1,0,1,1,Meningitis
0,1,1,0,0,0,1,1,1,1,0,1,1,0,1,0,1,1,0,1,0,1,1,0,0,1,Asthma
1,1,0,0,0,0,1,0,1,1,1,0,0,1,1,1,0,1,0,0,1,1,1,1,0,1,Tuberculosis
1,0,0,1,0,1,0,1,0,1,1,0,0,1,0,0,1,0,0,1,0,1,0,0,1,0,Arthritis
1,0,1,0,0,0,0,0,1,0,0,0,1,0,1,1,0,0,1,0,1,1,1,0,1,1,Asthma
0,0,0,0,0,1,1,0,1,0,0,0,0,1,0,0,1,1,1,0,0,0,1,0,1,1,Hepatitis
0,0,1,0,1,0,1,0,1,0,1,1,1,1,1,1,0,1,1,1,0,1,0,1,0,1,Asthma
1,0,0,1,1,1,0,0,1,1,0,0,0,1,1,1,0,1,1,1,1,0,0,1,1,0,Arthritis
1,0,1,0,1,1,1,0,0,0,0,0,0,1,1,1,1,0,1,0,1,0,1,1,0,1,UTI
1,0,1,1,0,0,1,0,1,1,0,0,0,0,0,1,1,0,0,1,1,0,0,0,1,0,Bronchitis
1,0,0,1,1,1,0,1,1,1,0,0,0,0,0,0,1,0,0,0,0,1,1,1,0,0,Gastroenteritis
0,1,1,0,1,1,0,0,0,0,1,1,1,1,1,0,0,0,0,0,1,1,1,0,0,0,Food Poisoning
1,0,1,1,0,0,0,0,0,0,1,1,1,0,0,1,1,0,1,1,0,1,1,1,1,0,Heart Disease
1,0,0,1,1,1,0,0,0,0,1,1,0,1,0,1,1,1,1,0,1,0,1,1,1,1,Dengue
1,1,1,1,0,1,0,0,0,0,1,0,0,0,1,0,1,1,0,1,0,0,1,1,0,0,UTI
1,0,0,0,1,0,1,0,0,0,1,1,0,1,0,1,1,1,0,1,1,0,0,0,1,0,Chickenpox
0,0,1,1,0,0,0,1,0,0,1,1,1,0,1,0,1,0,1,1,0,0,1,0,0,1,Heart Disease
1,0,0,1,1,0,1,0,0,0,1,1,0,0,0,1,0,0,1,0,1,0,1,1,0,0,UTI
0,1,0,0,0,1,1,0,1,0,0,0,0,1,0,0,0,0,1,1,0,1,1,0,0,1,Appendicitis
1,1,0,0,1,1,1,1,1,0,1,0,0,1,1,1,1,1,1,0,0,0,0,1,0,1,Migraine
0,0,1,0,1,1,1,1,0,0,1,0,1,0,1,0,0,0,1,0,0,1,0,1,1,0,Common Cold
1,1,1,0,1,0,0,0,1,1,1,0,1,1,0,0,1,0,0,1,1,1,1,0,1,1,Gastroenteritis
0,1,1,0,1,0,0,0,0,1,1,1,0,1,1,1,1,0,0,1,0,0,1,0,1,1,Common Cold
1,1,0,1,1,0,0,1,1,1,1,1,1,0,0,0,0,0,1,0,1,0,0,0,1,1,Chickenpox
0,1,0,0,1,1,1,0,0,0,0,1,0,0,0,0,1,0,0,1,1,1,0,1,0,1,Food Poisoning
1,1,0,1,0,1,0,0,1,1,1,1,1,1,0,1,0,0,0,0,1,1,0,1,0,0,Common Cold
1,0,0,0,0,1,0,0,0,1,1,0,0,1,0,0,1,0,0,0,0,0,0,0,1,0,Gastroenteritis
1,1,0,1,1,1,1,0,0,1,0,1,1,0,1,0,1,0,1,0,1,1,0,0,0,0,Malaria
1,0,0,1,0,1,1,1,1,0,1,1,1,1,1,0,1,0,0,0,0,0,0,1,0,0,Malaria
0,1,1,1,0,1,1,0,1,1,0,1,0,0,0,0,1,1,1,0,1,0,1,1,1,1,Influenza
0,0,1,0,0,1,0,0,0,1,1,1,0,0,0,1,0,0,0,1,1,0,0,1,0,0,Common Cold
1,1,1,1,0,1,0,1,0,1,0,0,1,0,0,1,1,1,1,0,1,1,0,0,0,0,Influenza
0,1,0,0,0,0,1,1,0,0,0,1,0,1,0,0,1,1,1,0,0,0,1,0,0,1,Food Poisoning
1,1,0,1,1,0,1,1,1,1,0,1,0,1,0,0,1,0,0,1,1,1,1,1,1,0,Influenza
0,0,0,0,0,0,1,0,1,0,0,0,0,1,1,0,1,1,0,1,1,1,0,0,1,0,Pneumonia
0,1,1,0,1,0,0,0,1,1,1,1,0,0,1,0,1,0,0,0,1,1,1,0,0,1,Influenza
0,1,1,1,1,1,0,0,0,0,1,0,1,0,1,1,0,0,0,1,1,1,0,1,1,1,Influenza
1,0,0,1,1,1,1,1,1,0,1,0,1,0,0,0,0,1,0,1,0,1,1,1,1,1,Heart Disease
0,1,1,0,1,0,0,1,0,1,1,0,1,1,1,0,1,1,1,0,0,1,1,1,0,0,COVID-19
0,1,0,0,0,1,0,0,1,0,1,1,1,0,0,1,0,1,0,0,1,1,0,0,1,1,Malaria
0,0,0,1,0,0,0,0,1,0,1,0,1,1,1,0,1,1,1,1,0,1,1,0,0,0,Malaria
0,1,0,1,1,1,0,0,1,1,0,1,0,0,1,0,0,1,0,0,0,1,0,1,0,0,Meningitis
1,0,1,0,1,1,0,1,1,1,1,1,1,0,1,0,1,0,1,0,1,0,0,0,1,1,Arthritis
1,1,0,0,0,1,0,1,1,0,1,1,0,1,1,0,0,0,1,1,0,0,0,0,1,0,Food Poisoning
1,1,1,1,0,0,0,0,1,1,1,0,1,1,0,1,1,0,0,1,1,1,1,0,0,1,Typhoid
0,1,0,1,0,0,0,1,0,0,0,0,1,0,1,0,1,0,1,1,0,0,0,0,0,0,Conjunctivitis
0,0,0,1,0,1,0,0,1,0,1,0,1,1,0,1,1,0,1,0,1,1,0,0,0,1,Hepatitis
1,1,1,0,0,1,0,1,0,0,0,0,1,0,1,1,0,1,0,1,0,0,0,0,0,0,Pneumonia
0,1,1,0,1,0,1,1,1,1,0,1,0,1,1,0,0,1,1,0,0,1,0,1,1,0,Malaria
0,1,0,1,0,1,1,1,0,1,0,0,0,0,1,0,1,0,0,0,0,0,1,0,0,0,Influenza
0,0,1,1,0,0,1,1,0,0,1,1,1,1,1,0,1,1,0,0,0,0,1,1,1,0,Gastroenteritis
0,1,0,1,1,0,0,1,0,1,1,0,1,1,1,0,1,1,0,1,0,1,0,0,1,0,Hepatitis
0,1,0,0,1,0,0,0,0,0,1,0,0,1,0,1,1,0,1,1,1,1,0,1,1,1,Common Cold
1,0,1,1,0,1,1,0,0,0,0,1,1,1,0,0,0,0,0,0,1,0,1,1,1,1,Hepatitis
0,0,1,0,1,1,0,0,0,0,1,1,0,0,1,1,1,1,0,0,0,1,1,1,1,0,Chickenpox
1,1,1,1,1,1,1,1,0,1,1,0,1,1,0,0,0,1,1,0,0,1,0,1,1,0,Migraine
1,1,0,1,1,1,0,1,1,1,0,1,1,0,1,0,0,0,0,1,1,0,0,1,1,1,Asthma
0,0,0,0,0,1,1,0,0,1,1,0,1,1,1,1,1,1,1,1,0,1,0,1,1,1,Conjunctivitis
1,0,1,0,1,1,0,1,0,1,1,0,1,1,1,1,0,1,1,1,1,0,1,1,0,1,Influenza
1,1,1,1,0,1,0,1,1,1,1,0,1,1,1,0,1,0,1,1,1,0,0,1,0,0,Influenza
1,0,1,1,1,1,1,1,0,0,1,0,0,0,0,0,0,1,1,1,1,0,1,1,1,1,Arthritis
0,1,1,1,0,1,0,0,1,0,0,1,1,0,1,1,0,0,1,1,1,0,1,0,0,1,COVID-19
1,0,0,1,1,1,0,1,1,0,0,1,1,0,0,0,0,1,1,1,0,1,1,0,1,1,Pneumonia
0,1,1,1,0,1,1,0,0,1,0,0,0,0,0,1,0,0,0,1,0,1,0,1,1,0,Hepatitis
0,1,1,0,1,1,1,1,1,0,0,0,0,1,0,0,1,1,1,0,0,1,0,0,0,1,Heart Disease
0,0,1,1,1,0,0,0,0,0,1,1,1,1,0,0,0,0,0,0,1,0,0,0,0,1,Influenza
0,0,1,1,0,1,1,0,0,1,0,1,1,1,0,1,1,1,1,1,1,1,0,1,0,1,Hepatitis
1,0,0,1,0,0,1,1,0,1,1,0,0,1,1,1,1,0,1,1,1,0,1,0,0,0,Arthritis
0,0,1,0,0,1,1,1,1,0,1,1,1,1,0,0,0,0,0,1,0,0,1,1,0,1,Arthritis
1,0,0,0,1,1,1,1,1,1,0,0,0,1,0,0,1,1,0,1,0,1,0,1,1,1,Appendicitis
1,0,1,1,1,0,0,0,1,0,1,1,1,0,0,1,1,1,0,0,1,1,0,0,1,0,Typhoid
0,0,1,1,1,0,1,1,0,1,1,0,0,0,1,0,1,1,1,1,1,1,1,1,0,1,COVID-19
1,0,0,1,1,1,0,0,1,1,0,1,1,0,1,1,1,1,1,0,1,0,0,1,1,1,COVID-19
0,0,0,1,0,0,1,1,1,1,0,1,1,0,0,1,0,0,0,0,1,1,1,1,1,0,COVID-19
1,0,1,1,0,0,1,0,1,0,1,1,1,0,0,1,0,0,1,0,1,1,1,1,0,1,Bronchitis
1,0,0,0,1,0,1,1,1,1,1,1,0,1,0,1,0,0,1,1,0,1,0,1,0,1,Appendicitis
1,0,1,1,1,0,0,1,0,1,0,0,1,1,0,1,0,0,1,0,1,0,1,1,1,0,Gastroenteritis
1,1,0,1,0,1,0,0,0,1,0,0,0,0,1,1,1,0,0,0,0,0,0,0,1,1,Arthritis
0,1,1,0,1,1,1,0,0,0,0,0,0,0,1,0,0,0,0,0,1,0,0,1,0,0,Heart Disease
0,1,1,0,0,1,0,1,0,1,0,0,1,0,1,1,0,1,1,1,0,0,0,1,1,1,Hepatitis
1,1,1,1,1,0,1,1,0,0,1,1,0,0,1,0,0,1,0,1,0,0,0,1,0,1,UTI
0,0,0,1,1,0,1,1,1,1,1,0,1,0,1,0,1,1,0,1,0,1,1,1,1,0,Influenza
0,0,0,0,0,1,1,1,1,1,1,1,1,0,0,0,1,1,0,0,0,1,1,0,0,0,Pneumonia
1,1,0,0,0,1,1,1,0,1,1,1,0,0,0,1,1,1,1,0,1,0,0,0,0,1,Arthritis
0,1,1,0,0,1,1,0,0,1,1,0,1,0,1,0,0,0,1,1,1,1,1,0,1,1,Pneumonia
0,1,1,1,1,0,1,0,0,1,0,0,1,0,1,1,0,0,0,1,1,1,0,1,1,0,Conjunctivitis
0,1,0,0,0,1,0,1,1,1,0,1,0,0,0,1,1,1,1,0,1,1,1,0,1,1,UTI
0,1,0,1,0,1,0,1,1,1,1,0,1,1,0,0,0,0,0,1,1,1,0,0,0,0,Migraine
1,1,0,1,1,0,0,0,0,1,0,0,1,0,1,0,1,0,1,1,1,0,1,1,1,0,Arthritis
0,0,0,1,1,0,1,1,1,0,0,1,1,0,0,1,1,0,0,1,1,1,1,1,0,0,Meningitis
1,0,0,1,0,1,0,0,1,1,1,1,0,1,0,1,0,1,1,1,1,0,1,0,1,0,Asthma
1,0,1,1,1,1,1,1,1,0,0,1,1,0,1,0,1,0,1,1,0,1,0,1,1,1,Conjunctivitis
1,1,0,1,1,0,0,0,1,0,1,0,1,1,1,0,0,0,1,0,0,1,0,0,0,1,Meningitis
1,1,1,0,0,1,1,0,1,0,0,1,0,0,1,0,0,1,1,1,1,0,1,0,1,1,Common Cold
0,0,0,1,0,1,0,1,0,1,0,0,0,1,1,0,1,0,1,0,1,1,1,1,1,0,Influenza
1,0,0,0,1,1,1,0,1,1,1,0,1,1,0,0,1,1,0,0,0,0,1,1,0,1,COVID-19
1,0,1,1,1,0,0,0,1,1,1,1,0,0,0,1,1,0,0,1,1,1,1,1,1,0,Bronchitis
1,0,0,1,1,1,0,1,0,1,0,1,0,1,0,1,0,0,1,0,1,0,0,0,1,0,Migraine
0,0,1,0,0,0,0,1,0,0,0,1,0,0,1,1,1,0,0,0,0,1,0,1,1,0,Gastroenteritis
1,0,0,0,0,0,1,1,1,0,1,0,0,1,1,0,1,1,1,0,0,1,0,0,0,1,Heart Disease
0,0,1,1,1,1,0,0,0,1,0,1,0,0,0,1,1,0,1,1,0,0,0,0,0,1,Food Poisoning
0,1,1,0,1,1,1,0,1,1,1,0,0,1,1,0,0,0,0,0,1,0,0,0,0,1,Appendicitis
0,1,0,0,1,0,0,1,1,1,1,0,0,0,1,1,0,0,0,0,0,1,1,0,1,0,Hepatitis
1,1,0,0,0,0,1,1,0,1,0,0,0,0,0,1,1,1,0,0,1,0,1,0,0,0,Tuberculosis
0,1,1,1,1,1,1,0,0,0,0,1,1,1,0,0,1,0,1,1,0,1,0,0,0,1,COVID-19
1,1,0,1,1,1,1,1,0,1,1,0,1,0,0,1,0,0,0,0,0,0,1,1,1,1,Arthritis
1,1,0,1,1,0,0,0,1,0,0,0,1,1,1,1,0,0,1,0,0,0,0,0,0,1,Migraine
0,0,1,0,0,1,1,0,0,1,1,0,0,1,0,1,0,0,1,0,1,1,1,1,0,0,Malaria
1,1,0,0,0,0,0,0,1,1,1,1,1,0,1,0,0,0,1,0,1,0,0,1,0,0,Typhoid
1,1,0,0,0,1,1,1,1,1,0,0,1,1,1,0,1,0,1,1,0,0,0,0,1,1,Pneumonia
0,1,1,1,1,0,0,0,1,1,0,1,0,0,0,1,0,1,0,0,0,0,1,1,1,1,Hepatitis
0,0,1,0,1,1,1,0,0,0,0,0,1,0,1,0,0,0,0,0,1,0,0,0,0,1,Appendicitis
1,1,0,1,1,1,1,0,1,1,0,0,0,0,1,1,0,1,0,0,0,0,1,1,0,1,Arthritis
0,1,0,1,1,0,0,1,1,0,0,1,0,0,0,1,1,0,1,1,1,1,1,0,1,1,Dengue
1,1,0,1,1,0,1,0,0,0,0,1,1,0,1,0,1,1,1,1,0,0,0,0,0,1,Heart Disease
0,0,1,1,1,0,1,0,1,1,0,0,1,1,0,1,0,0,0,1,1,0,0,1,0,1,Pneumonia
1,0,0,0,0,0,0,0,0,1,1,0,1,0,0,1,0,0,0,1,1,0,0,1,0,1,Conjunctivitis
1,1,0,0,1,1,1,1,1,1,0,0,0,0,1,1,0,0,1,1,1,0,0,1,1,0,Malaria
1,1,0,0,1,0,1,0,0,0,1,0,1,0,0,1,0,1,1,1,1,1,0,0,0,0,Pneumonia
1,1,1,0,0,0,0,0,0,1,1,1,0,1,0,0,0,1,0,0,0,0,1,0,1,0,Malaria
0,1,0,1,1,0,0,0,0,0,1,0,1,0,0,1,0,0,0,0,1,0,1,1,0,0,Bronchitis
0,1,0,0,1,0,0,0,1,1,0,1,0,1,0,0,1,1,1,0,0,0,0,0,0,1,Arthritis
1,0,1,1,0,1,0,0,1,0,1,0,1,1,0,0,1,0,0,1,0,1,0,0,0,0,UTI
1,0,0,0,0,1,1,1,0,0,1,1,1,1,1,0,1,1,1,1,1,0,0,1,0,0,UTI
1,1,0,0,1,1,0,0,1,0,0,0,1,1,0,1,1,0,1,1,0,0,0,1,1,0,Food Poisoning
0,0,0,0,0,1,1,1,0,0,1,1,1,1,1,1,1,0,0,0,0,0,0,1,0,1,Gastroenteritis
1,1,0,0,1,0,0,0,0,0,1,0,0,1,0,0,0,0,1,0,1,1,0,0,0,0,COVID-19
1,0,1,1,1,1,0,1,0,0,0,1,1,0,1,1,0,1,0,0,0,0,0,0,1,1,Dengue
1,0,0,1,0,0,1,1,1,1,0,1,0,0,0,0,0,0,1,1,0,0,0,1,0,0,Hepatitis
1,0,0,0,0,0,0,1,0,1,0,1,1,1,0,0,1,1,0,0,0,1,1,1,1,1,Asthma
0,1,1,0,1,1,0,0,1,0,0,0,0,0,1,1,0,0,1,0,1,1,1,1,1,1,Common Cold
1,1,1,1,1,1,1,1,1,0,0,0,1,0,1,0,1,0,0,1,1,0,0,1,0,1,UTI
1,1,1,1,0,1,0,0,0,0,0,1,0,0,0,0,0,1,1,0,1,0,0,0,0,1,Chickenpox
0,0,0,1,0,1,0,0,1,0,1,1,1,1,0,1,0,0,0,1,1,0,1,1,0,0,Arthritis
1,1,0,1,1,0,1,1,0,1,0,0,1,1,1,0,1,0,0,0,0,0,1,0,0,0,Asthma
0,1,0,1,0,1,0,1,1,1,1,1,0,0,0,0,0,0,0,0,1,0,0,0,0,0,Appendicitis
0,1,1,1,0,0,1,0,0,1,1,0,1,1,0,1,0,1,0,1,0,1,0,0,0,0,Typhoid
1,0,0,1,0,0,1,0,1,0,0,1,0,1,1,0,1,1,1,1,0,0,0,1,0,1,Meningitis
0,1,1,1,1,0,1,1,0,1,1,1,1,1,0,1,1,1,1,1,0,1,1,0,1,1,Chickenpox
1,1,0,0,1,1,1,0,1,1,1,1,0,1,1,0,1,1,1,1,1,1,0,0,1,1,UTI
0,0,0,1,0,1,1,0,1,1,1,0,1,1,0,0,1,0,1,0,0,0,0,0,1,1,Hepatitis
0,1,1,1,1,0,0,1,1,0,0,0,0,1,1,0,0,1,1,0,0,1,1,0,0,1,Asthma
1,1,0,1,0,0,0,1,1,0,0,1,1,0,0,1,0,0,1,1,0,0,1,0,1,0,Migraine
0,0,1,1,1,0,0,1,1,1,0,1,0,0,0,0,1,1,0,0,1,0,0,0,1,1,Typhoid
1,1,1,1,1,1,1,0,0,1,1,0,0,0,0,0,0,0,0,1,1,0,0,1,0,1,Food Poisoning
1,0,0,0,0,0,1,0,0,1,1,1,0,0,1,1,0,1,1,0,1,0,0,1,1,1,COVID-19
1,1,1,0,0,0,1,0,1,1,0,1,0,1,0,0,1,0,1,0,0,1,1,0,1,0,Arthritis
0,1,1,1,1,1,0,0,0,1,1,1,0,0,0,1,0,0,0,1,0,0,1,1,1,0,Conjunctivitis
1,0,0,0,0,0,0,1,0,1,0,0,0,1,0,0,0,1,0,0,1,0,1,1,0,1,Bronchitis
0,1,1,0,0,0,1,1,0,1,0,1,0,0,0,0,1,1,1,1,1,0,0,0,1,0,Arthritis
0,0,0,0,1,0,1,1,1,0,1,1,0,1,0,0,0,1,1,0,1,0,0,0,1,0,Dengue
1,1,1,1,0,0,1,1,1,1,0,1,0,1,0,0,1,1,0,1,0,0,1,1,0,1,Typhoid
1,1,0,0,1,1,0,1,1,1,0,0,1,1,0,1,0,1,1,0,0,1,0,0,1,1,COVID-19
0,1,0,1,0,0,0,0,1,0,1,1,1,0,1,0,1,0,0,0,0,1,0,0,1,1,Chickenpox
1,1,0,0,0,0,1,1,0,1,1,1,1,1,1,1,0,0,0,0,0,0,1,1,1,1,Meningitis
1,0,1,1,0,0,0,1,0,1,1,1,0,1,0,0,1,1,1,0,1,1,1,1,0,0,Asthma
0,0,1,1,1,1,1,1,1,1,0,1,0,1,1,0,1,1,0,1,1,0,1,1,1,1,Hepatitis
1,1,1,0,1,1,1,1,1,0,1,0,1,1,0,1,1,0,1,0,0,0,0,1,0,1,Chickenpox
0,0,0,0,1,0,0,1,1,1,0,1,0,0,0,0,0,0,1,0,0,1,0,1,1,1,Chickenpox
0,1,1,1,1,1,1,0,1,1,1,1,0,0,1,0,1,0,0,1,1,0,0,1,0,1,Common Cold
0,0,0,0,0,1,0,1,0,1,1,1,0,0,1,0,0,1,1,0,0,1,1,0,0,0,Conjunctivitis
1,0,1,1,1,1,1,0,0,1,1,0,1,0,0,1,0,1,1,1,1,1,1,0,0,1,Tuberculosis
1,1,0,1,0,0,0,0,1,1,0,1,1,1,0,1,1,1,0,0,1,1,1,0,0,0,Migraine
1,0,0,1,0,0,1,0,0,1,0,0,1,1,0,1,1,1,0,1,0,1,1,1,0,0,Malaria
1,0,0,0,0,1,1,0,1,0,1,1,0,0,1,0,0,1,0,0,0,1,0,0,0,1,Hepatitis
1,0,1,0,0,0,1,0,0,1,1,1,0,1,0,0,1,0,0,1,0,1,0,1,0,0,Asthma
1,1,0,0,1,0,0,0,1,0,0,1,1,0,1,0,0,1,0,1,0,1,1,0,0,1,Conjunctivitis
0,1,0,0,0,0,0,0,0,1,0,0,0,1,0,0,1,1,1,1,1,1,0,1,1,0,Influenza
1,1,0,1,0,1,1,0,1,0,0,0,1,0,1,1,0,1,1,1,0,0,1,0,1,0,Dengue
0,0,1,0,1,0,1,1,0,1,1,1,1,1,0,1,0,1,0,1,1,0,0,0,1,0,Meningitis
1,1,0,1,1,0,0,0,1,0,0,1,1,0,1,1,1,0,1,1,0,0,0,0,0,1,UTI
0,0,0,0,0,0,0,1,1,1,1,1,0,0,0,1,1,1,1,0,0,1,1,0,0,1,Arthritis
0,0,0,0,1,0,1,0,1,0,0,0,1,1,0,1,0,0,1,1,1,0,0,0,0,0,Typhoid
0,0,1,1,1,0,0,1,0,1,0,1,1,0,0,1,0,0,1,0,0,0,0,0,0,0,Common Cold
0,0,0,0,1,0,0,1,0,0,1,1,1,1,1,0,1,1,1,1,1,0,1,0,0,1,Food Poisoning
1,0,0,1,1,0,0,0,1,0,1,0,0,1,1,1,0,1,0,1,0,0,1,1,1,1,Bronchitis
0,0,0,1,0,1,0,0,0,1,1,0,1,0,1,0,0,1,0,0,0,1,0,1,1,1,Dengue
0,0,1,1,1,1,0,1,1,1,0,0,0,0,0,0,0,0,0,0,1,1,0,0,0,0,Arthritis
0,1,0,0,1,0,1,1,1,0,0,0,0,1,0,1,1,1,0,0,0,0,1,1,0,1,Gastroenteritis
1,0,1,0,1,1,1,0,1,0,0,1,1,1,1,0,0,0,1,0,1,1,0,1,0,0,COVID-19
1,1,1,0,1,1,1,0,1,0,1,0,1,1,0,0,1,1,1,0,0,0,1,0,1,0,Tuberculosis
0,1,0,0,0,0,0,1,0,1,1,0,0,1,1,0,1,0,0,1,1,1,1,0,0,1,Tuberculosis
0,1,0,1,1,0,1,0,0,1,0,0,1,1,0,1,0,1,0,0,1,1,0,1,0,0,Influenza
1,1,1,1,1,1,1,1,0,0,1,1,1,0,0,1,0,1,1,0,0,0,1,0,0,1,UTI
1,1,1,0,0,0,0,1,1,0,0,0,0,1,1,1,0,1,0,1,0,1,0,1,1,0,Tuberculosis
1,0,0,1,0,0,0,0,1,0,1,1,1,0,1,1,1,0,1,0,1,0,0,1,0,0,Chickenpox
0,1,0,1,0,0,0,0,0,1,0,0,1,1,0,1,0,0,1,0,0,1,0,0,1,1,Malaria
1,1,0,0,1,1,0,1,1,1,1,1,1,0,0,1,0,0,1,1,1,1,1,1,0,1,Bronchitis
0,1,1,0,1,1,0,1,0,0,1,1,0,0,1,1,0,0,0,0,0,1,0,0,1,0,Arthritis
0,0,1,1,1,0,0,1,1,0,0,1,1,1,0,1,1,0,1,1,1,0,0,1,1,1,Typhoid
0,0,0,1,0,1,0,1,0,0,0,0,0,0,0,0,0,1,1,0,0,1,1,0,1,0,Hepatitis
1,0,1,1,1,1,0,1,1,0,1,0,1,0,1,1,1,1,1,0,1,1,0,0,1,1,Food Poisoning
1,1,1,0,1,0,0,1,1,0,1,0,1,1,1,0,0,0,1,0,0,0,0,0,1,1,Conjunctivitis
1,1,1,1,0,0,0,1,0,1,1,0,1,1,0,1,0,0,0,1,0,1,1,1,0,0,Conjunctivitis
1,1,1,0,1,0,1,1,1,0,1,1,0,0,1,1,0,0,1,0,0,0,1,1,0,0,UTI
1,0,0,0,0,0,1,1,1,0,1,1,0,0,0,0,0,0,1,0,0,0,0,1,1,0,Heart Disease
0,0,0,0,0,1,0,1,0,1,0,0,0,0,1,1,0,1,1,0,1,0,0,1,1,1,Tuberculosis
1,1,1,1,0,0,0,1,1,0,0,0,1,0,1,0,1,1,0,0,1,0,0,1,1,0,UTI
1,1,0,1,0,0,0,1,1,1,0,0,1,1,0,0,0,1,0,0,1,1,1,1,1,0,Asthma
1,1,0,1,0,1,1,1,0,0,0,1,0,0,1,1,0,0,1,1,0,0,1,1,1,1,Gastroenteritis
1,0,0,1,0,0,1,1,0,1,0,1,0,0,0,0,0,1,0,0,0,1,1,0,1,1,Arthritis
0,1,1,1,1,1,1,1,1,0,0,0,0,1,0,0,1,0,1,1,0,0,1,0,1,0,Migraine
0,1,1,0,1,0,1,0,0,0,0,1,1,0,1,0,0,0,1,1,1,0,1,1,1,1,Typhoid
0,1,0,1,0,1,1,1,0,1,0,1,1,0,0,1,1,1,0,0,0,0,1,1,0,1,Bronchitis
0,1,0,0,0,1,1,1,1,1,1,1,0,0,0,0,1,1,1,0,0,0,0,1,1,0,Food Poisoning
0,0,0,0,1,0,0,1,0,1,0,1,0,0,0,0,0,0,0,1,1,1,0,0,1,1,Appendicitis
1,0,0,0,0,0,1,1,0,1,1,0,1,1,1,1,0,0,1,1,1,1,0,1,1,0,Arthritis
1,1,0,1,0,0,0,0,0,1,0,0,0,0,1,0,1,1,1,0,0,0,0,1,1,1,Arthritis
0,0,0,0,0,0,0,0,0,0,0,1,1,0,0,0,1,0,1,1,1,1,0,0,1,1,Malaria
0,1,1,0,0,0,0,1,0,0,1,1,1,0,0,1,0,0,1,1,1,0,0,0,0,0,Tuberculosis
0,0,0,1,1,0,1,0,0,0,0,1,0,0,0,1,1,1,1,0,0,1,1,0,1,0,Meningitis
0,1,0,0,1,1,0,0,0,0,0,1,0,1,0,0,0,0,0,1,0,1,1,0,1,0,Appendicitis
0,0,0,0,1,1,0,0,1,0,1,0,1,0,1,0,1,1,1,1,0,0,1,1,1,1,Asthma
1,0,1,1,1,1,0,1,1,1,0,0,0,0,1,1,0,1,1,1,0,0,1,1,0,1,Influenza
0,1,0,1,0,0,1,0,0,1,0,1,1,0,0,0,0,0,0,1,0,0,0,0,1,0,Hepatitis
1,0,0,1,1,0,0,0,0,1,0,0,0,1,1,0,1,0,1,1,1,0,1,1,1,1,Tuberculosis
1,0,1,0,1,1,1,0,1,0,1,1,1,0,0,0,0,1,1,1,1,0,1,1,0,1,Hepatitis
0,1,1,1,1,1,0,0,0,1,1,1,0,1,1,1,1,0,1,1,0,1,1,0,0,1,Arthritis
0,0,0,0,0,0,1,1,1,1,0,1,0,1,0,0,0,1,0,1,0,0,1,1,1,1,Influenza
0,0,1,0,0,0,0,0,0,0,0,0,1,1,0,0,1,1,1,0,1,1,0,1,1,0,Heart Disease
0,0,0,1,1,0,0,0,1,0,1,0,0,0,0,0,1,0,1,0,1,1,1,0,1,1,Appendicitis
1,1,0,0,1,0,0,1,1,0,1,1,0,1,1,1,1,1,1,1,1,0,0,0,1,0,Malaria
0,1,0,0,1,0,0,1,0,0,1,1,1,1,1,1,0,1,1,0,0,1,1,1,1,1,Common Cold
1,1,1,0,1,0,0,1,1,1,0,0,0,1,1,1,0,0,1,1,1,1,1,1,0,1,Chickenpox
1,1,1,1,0,1,1,0,1,0,1,0,1,0,1,1,0,1,0,1,0,1,0,0,1,0,Pneumonia
0,1,0,0,0,0,0,1,1,1,0,1,1,1,0,1,0,0,0,0,1,1,1,0,0,0,Meningitis
0,1,0,0,0,0,1,1,1,0,1,1,1,1,0,0,1,1,0,1,1,0,1,0,1,1,Common Cold
1,1,1,0,0,0,0,0,0,0,0,0,1,1,0,0,1,1,0,0,0,0,0,0,0,1,Hepatitis
0,0,1,1,1,1,1,0,1,1,0,1,1,0,1,0,0,1,1,1,0,1,1,0,0,1,Meningitis
1,1,0,0,1,0,0,1,0,1,1,0,0,1,0,1,1,0,1,0,0,0,1,0,0,1,Bronchitis
0,0,0,0,1,1,1,1,1,1,1,1,0,1,1,0,1,0,1,0,0,1,1,0,1,0,Bronchitis
1,0,0,0,0,1,1,1,1,0,0,1,0,0,1,1,1,1,1,1,0,1,0,1,0,1,Appendicitis
1,1,0,0,0,1,0,0,1,0,1,1,1,1,0,0,0,1,0,0,1,0,0,0,1,1,Conjunctivitis
0,0,0,0,1,0,0,0,1,1,1,0,0,1,0,0,0,1,1,1,1,0,0,1,1,1,Tuberculosis
1,0,1,0,1,1,1,1,1,0,0,1,1,0,0,1,0,1,0,0,0,0,1,1,1,1,Pneumonia
0,0,1,0,0,1,1,1,0,0,0,0,1,1,1,1,1,0,0,1,1,0,0,1,0,1,Typhoid
0,1,1,1,0,1,1,1,1,1,1,1,0,1,1,1,0,0,0,0,1,0,0,0,0,0,Gastroenteritis
0,0,1,1,0,0,0,0,1,0,1,1,0,0,1,0,0,1,0,1,1,0,1,0,1,1,Malaria
0,0,1,1,0,0,0,0,0,0,0,0,0,0,1,1,0,1,1,0,1,0,1,1,1,1,Asthma
0,0,1,0,1,0,0,1,1,0,1,1,0,1,0,1,1,1,0,0,0,0,0,0,0,0,Heart Disease
0,0,0,0,0,1,0,1,1,0,0,1,0,0,0,0,0,1,1,1,0,1,1,0,1,1,Bronchitis
1,0,0,0,0,1,0,1,1,0,1,1,1,1,0,0,1,1,0,0,1,0,1,0,0,1,Heart Disease
1,0,0,1,0,0,1,1,1,1,0,0,1,1,0,1,0,1,0,1,1,0,0,0,0,0,Typhoid
0,0,0,1,0,0,0,1,1,1,1,0,0,0,0,0,1,0,0,0,1,1,1,0,0,0,Typhoid
1,1,1,1,0,0,1,1,0,1,1,1,0,1,1,1,0,0,0,1,1,0,0,0,0,1,Conjunctivitis
0,1,1,0,0,1,1,1,0,1,0,0,1,1,1,0,1,1,1,1,0,1,0,1,1,0,COVID-19
0,0,0,1,1,0,0,0,0,0,0,1,1,1,0,1,1,0,1,0,0,1,0,0,0,1,Influenza
0,1,0,1,0,1,0,0,1,0,1,0,0,1,0,0,0,0,1,1,0,1,1,1,1,1,Appendicitis
1,0,1,1,0,0,0,0,0,1,0,1,0,0,1,0,1,0,1,0,1,1,0,0,0,1,Conjunctivitis
0,0,1,0,1,0,1,1,0,0,1,1,1,0,1,0,1,0,1,0,0,1,1,0,0,1,Migraine
0,1,0,0,0,0,0,0,0,1,0,1,0,0,1,1,1,0,1,0,1,0,0,0,0,0,Typhoid
0,1,1,1,0,0,1,0,1,0,0,0,1,1,0,1,0,0,1,0,1,0,1,1,1,1,COVID-19
0,1,0,0,0,1,1,0,1,0,1,1,1,1,0,0,1,1,0,0,0,1,1,0,1,1,Hepatitis
0,1,1,1,0,0,0,0,1,1,0,0,0,1,1,1,0,0,1,1,0,1,0,0,0,1,Meningitis
0,0,0,0,1,1,1,0,0,1,1,0,1,1,1,0,0,0,1,1,1,1,0,1,0,0,Asthma
0,1,1,1,0,0,0,1,0,1,1,0,0,0,0,1,1,1,1,0,0,0,0,1,0,0,Appendicitis
0,1,0,0,1,1,1,0,0,1,1,1,1,1,0,0,1,0,1,1,1,0,0,0,1,0,Gastroenteritis
0,1,0,1,1,1,0,1,0,1,0,1,1,0,1,0,1,0,0,1,1,0,0,1,0,0,Dengue
0,1,0,1,0,0,0,1,0,0,0,0,0,0,0,1,0,1,1,1,1,1,1,1,1,0,Appendicitis
0,1,0,0,0,1,0,0,1,0,1,0,0,0,0,1,1,0,1,0,0,0,1,1,1,1,Conjunctivitis
1,0,0,1,1,1,0,0,0,0,0,0,0,1,1,1,0,1,0,0,0,0,1,1,0,1,Typhoid
0,0,0,1,0,1,0,0,1,1,1,1,0,1,1,1,1,0,0,0,1,1,0,1,0,1,Migraine
0,1,0,0,1,1,1,0,1,1,1,1,1,0,1,1,0,1,1,0,1,0,1,1,1,1,Dengue
0,1,1,1,1,0,0,0,1,0,0,0,0,1,1,0,0,0,1,0,0,1,1,1,0,0,Gastroenteritis
0,0,0,0,0,0,1,0,0,1,1,1,1,0,1,1,1,0,0,0,0,1,1,0,1,0,Bronchitis
0,0,0,1,0,1,1,0,1,1,1,1,1,0,0,1,0,0,1,0,1,1,0,1,1,1,Malaria
1,1,1,0,0,0,0,1,0,0,0,1,0,1,1,0,0,0,1,0,0,1,0,1,1,0,Asthma
0,1,1,1,1,0,1,0,1,1,1,1,1,0,1,0,1,1,1,1,0,1,0,1,0,1,Hepatitis
0,0,1,0,1,0,1,0,1,1,1,1,0,1,0,0,1,1,0,0,1,1,0,0,1,0,Influenza
0,0,1,1,1,1,0,1,1,1,1,1,0,0,0,0,0,1,0,0,1,1,0,0,0,0,Typhoid
1,0,0,0,0,0,0,0,1,1,0,0,0,1,1,1,1,1,0,0,1,0,0,0,1,1,Gastroenteritis
0,0,1,0,1,0,1,0,1,1,1,1,0,1,1,1,0,0,0,1,0,0,0,0,1,1,Bronchitis
0,0,0,0,1,1,1,0,1,0,1,1,0,1,1,0,0,0,1,1,1,1,0,1,0,0,Appendicitis
1,1,1,0,1,0,1,0,1,0,0,0,0,0,0,1,0,0,0,0,0,0,0,0,1,0,Pneumonia
0,0,0,0,0,0,1,0,0,0,1,1,0,0,1,0,0,1,0,0,1,1,1,1,0,0,Bronchitis
0,1,1,1,0,0,0,0,0,1,0,1,1,1,1,1,0,1,1,0,0,1,1,0,0,0,Malaria
1,1,1,0,0,0,0,1,1,0,0,1,1,1,1,1,1,0,0,1,1,1,0,1,0,0,Heart Disease
0,1,0,0,0,0,0,1,1,0,1,0,0,1,1,1,1,0,1,1,1,1,0,0,1,0,Influenza
0,0,1,0,1,0,0,1,0,1,1,1,0,1,1,0,1,1,0,1,0,0,0,1,1,0,Influenza
1,1,1,0,1,1,0,1,0,1,1,1,0,1,1,1,1,1,0,0,1,1,1,0,1,1,Gastroenteritis
0,0,1,1,1,1,1,0,1,0,0,1,1,0,0,0,0,0,0,1,1,0,0,1,0,0,Common Cold
1,1,1,1,0,1,1,0,0,1,1,0,0,0,0,0,0,0,1,0,0,0,1,1,1,0,Meningitis
1,0,1,0,0,0,1,1,0,1,0,1,1,0,1,1,1,0,0,0,1,1,0,0,1,0,Bronchitis
1,1,0,1,0,1,0,1,1,0,0,1,1,0,1,1,0,0,0,1,1,1,1,0,0,1,Food Poisoning
0,1,1,0,0,1,1,0,1,0,0,1,0,1,1,0,0,1,0,1,1,1,1,1,1,1,Migraine
1,0,1,1,1,0,1,1,0,0,0,1,1,0,1,0,0,0,0,0,0,0,0,0,0,1,Tuberculosis
1,0,0,0,1,0,1,1,0,1,0,0,1,0,1,0,0,1,1,1,1,1,1,1,0,1,COVID-19
0,1,0,0,1,1,1,1,0,1,0,0,0,0,0,1,1,0,1,1,1,0,0,0,1,0,Gastroenteritis
0,1,0,0,1,0,1,1,0,1,0,0,0,0,0,0,1,1,0,1,1,1,1,0,0,0,Appendicitis
1,1,1,1,0,1,0,0,1,0,1,1,1,1,1,1,0,0,1,0,1,1,1,1,1,0,Typhoid
1,0,0,1,0,1,1,1,0,0,0,0,0,0,1,1,0,1,0,0,0,1,0,0,0,0,Hepatitis
1,1,1,0,1,1,1,1,0,0,0,1,1,1,1,0,0,0,1,1,0,1,1,0,0,1,Migraine
1,1,1,1,0,0,1,1,0,0,0,1,0,0,1,0,0,1,0,0,1,1,1,1,0,1,Common Cold
0,0,0,1,1,1,1,1,1,1,0,0,1,1,0,1,1,1,0,0,0,1,0,1,0,1,Gastroenteritis
0,0,1,1,1,1,0,1,0,0,0,1,1,1,1,1,1,1,0,0,1,1,1,0,1,0,Pneumonia
0,1,1,0,1,1,1,0,0,1,0,1,0,1,0,1,1,1,1,1,0,1,0,0,1,0,Food Poisoning
0,1,0,1,0,1,1,1,1,0,1,0,1,0,0,0,1,1,1,0,0,0,0,0,1,1,Meningitis
1,1,0,0,1,1,0,0,1,0,1,1,0,1,0,0,0,1,0,0,1,1,0,1,1,0,Migraine
1,1,0,0,1,1,0,1,1,1,1,0,1,0,1,0,0,1,1,0,0,1,0,1,1,1,Typhoid
0,1,1,1,0,0,0,1,0,1,0,1,0,1,0,1,1,0,1,1,0,0,1,1,1,1,Chickenpox
0,1,0,0,1,0,0,0,0,1,1,0,1,1,1,1,0,1,0,0,0,1,0,0,0,0,Migraine
0,0,0,1,1,1,0,0,1,1,1,0,1,1,0,0,0,0,1,0,1,1,1,0,1,1,Influenza
0,0,0,0,1,0,1,1,0,0,0,0,1,1,1,1,1,0,0,0,0,1,1,1,0,1,Heart Disease
1,1,0,1,0,1,1,0,0,0,0,0,0,0,0,0,1,1,1,0,0,1,0,1,0,0,Pneumonia
0,1,0,0,1,0,0,0,1,0,0,1,0,1,0,1,0,1,1,1,1,1,0,1,0,0,Conjunctivitis
0,0,0,0,1,0,0,0,1,1,1,1,0,1,0,1,0,1,0,0,0,0,1,0,1,0,Migraine
0,1,1,1,1,1,0,0,1,1,1,0,1,1,0,1,0,0,1,0,1,0,0,0,1,1,Pneumonia
1,1,1,1,1,1,0,1,0,0,1,1,1,1,1,0,1,1,1,1,0,0,1,1,1,1,Pneumonia
0,1,1,0,1,0,1,1,1,1,0,1,1,1,1,1,1,0,1,1,0,1,1,0,1,1,Gastroenteritis
1,1,1,0,0,1,1,0,1,0,1,0,0,1,1,0,0,1,1,0,0,1,0,1,0,1,Influenza
0,1,1,1,1,0,1,0,1,0,1,1,1,1,1,1,1,1,0,0,0,0,1,0,1,0,Typhoid
1,1,1,1,1,0,0,0,0,1,0,0,0,1,0,1,1,1,1,0,0,0,0,0,1,0,Bronchitis
1,1,0,0,0,0,0,1,0,1,0,0,1,1,1,1,0,0,1,1,1,1,1,0,1,0,Meningitis
1,0,1,1,0,0,1,1,0,1,1,0,1,0,0,1,0,1,0,0,1,0,0,1,0,0,Gastroenteritis
0,1,0,0,0,0,0,0,1,0,1,1,0,1,1,0,0,1,1,0,0,1,1,1,1,1,Asthma
1,1,1,0,0,0,1,0,1,0,0,1,0,1,0,1,1,0,0,1,0,1,1,0,0,1,Arthritis
0,0,1,1,0,1,1,1,0,0,0,1,0,1,1,1,0,0,1,1,0,0,1,0,0,1,Pneumonia
1,1,1,1,1,0,0,0,1,1,0,1,1,1,1,1,0,0,0,1,0,1,1,1,0,0,Gastroenteritis
1,0,0,1,0,1,1,1,1,0,1,0,0,0,0,0,1,0,1,0,0,1,1,0,1,1,Asthma
1,1,0,0,1,1,1,1,1,1,1,0,1,0,0,1,0,0,0,0,1,0,1,1,1,0,Common Cold
0,0,1,1,0,1,0,0,0,1,1,1,0,1,1,0,1,0,0,1,0,0,0,1,0,0,Gastroenteritis
0,0,0,0,1,1,0,0,1,0,1,0,1,0,0,0,0,1,1,0,0,1,0,0,1,1,Tuberculosis
0,1,0,1,1,0,0,0,0,1,1,0,0,1,0,1,1,1,1,0,0,1,1,0,0,0,Common Cold
1,0,1,1,0,0,0,1,0,0,1,1,1,1,1,0,1,1,1,0,0,0,1,1,1,0,Asthma
0,1,1,0,0,0,0,1,1,1,0,0,1,1,1,0,1,1,1,1,1,0,0,1,0,1,Pneumonia
0,0,0,0,0,0,1,1,1,0,1,1,0,1,1,0,0,1,1,0,1,1,1,0,1,1,Migraine
0,1,0,0,0,1,1,1,1,1,1,0,1,1,0,0,0,1,0,1,1,1,0,1,1,0,Conjunctivitis
0,1,1,0,1,0,0,0,0,1,0,0,0,1,0,0,0,1,1,1,0,0,1,1,1,0,Hepatitis
1,1,0,0,0,1,1,1,1,1,1,1,1,0,0,0,1,1,1,1,0,0,0,0,0,1,Arthritis
1,0,0,0,1,1,1,0,1,1,0,1,0,1,1,0,0,0,0,0,0,1,0,0,0,0,Influenza
0,0,0,1,0,1,1,1,1,0,1,0,0,0,1,1,1,0,1,1,1,1,0,1,1,0,Tuberculosis
0,1,0,1,1,1,0,0,0,1,0,0,1,0,1,0,0,1,0,1,1,1,0,1,1,1,Appendicitis
1,0,0,1,0,0,0,1,1,1,0,1,1,0,0,1,1,1,1,0,1,0,0,1,0,1,Influenza
1,1,0,1,0,1,1,0,1,1,0,1,1,0,1,1,1,0,0,1,0,0,0,1,0,1,Hepatitis
1,0,0,0,0,0,1,0,0,0,0,0,1,1,1,1,0,1,0,0,1,0,0,0,1,1,Arthritis
0,1,0,0,0,0,1,1,1,1,1,1,0,1,0,0,0,0,1,0,0,1,0,0,1,0,Asthma
1,1,1,0,0,1,0,0,1,0,0,0,1,1,0,1,0,1,0,1,0,1,0,0,0,1,Migraine
1,1,0,0,0,0,0,1,1,1,0,1,1,1,0,0,0,0,1,0,1,1,1,0,1,1,Dengue
1,0,1,0,0,0,1,0,1,0,1,0,0,1,0,0,0,1,0,0,1,0,0,1,0,0,Malaria
0,0,0,0,0,1,1,1,0,1,1,0,1,1,0,1,1,0,1,0,0,1,0,0,0,0,Dengue
1,0,1,0,1,1,0,0,0,0,1,0,0,1,0,0,1,0,1,0,0,1,0,1,1,1,Chickenpox
0,1,1,1,0,1,1,1,0,1,0,1,0,1,0,0,0,0,1,0,1,0,0,0,1,0,Typhoid
1,0,1,0,1,1,1,1,1,1,1,0,0,1,0,0,1,0,0,1,0,0,1,0,1,1,Bronchitis
0,0,1,1,1,0,0,0,0,0,0,0,0,1,0,0,1,1,0,1,1,1,1,0,1,0,Arthritis
1,0,1,1,0,1,0,1,0,1,1,0,0,0,0,1,1,1,1,0,1,1,1,0,1,1,Pneumonia
1,1,1,1,1,1,0,1,0,1,1,1,1,1,0,0,1,1,1,1,1,1,0,1,1,1,UTI
0,1,0,1,0,1,0,0,0,0,1,0,0,0,0,1,1,0,1,0,0,1,1,1,1,1,Malaria
0,1,0,0,0,1,1,1,0,0,1,1,1,1,0,0,1,0,0,0,0,1,1,1,1,1,Dengue
0,0,1,0,1,1,1,0,0,1,0,1,0,1,1,1,1,0,0,0,0,0,0,0,1,0,Dengue
0,1,1,0,0,1,0,0,1,0,1,0,1,0,1,0,1,0,1,0,0,1,1,0,0,0,Dengue
0,0,1,0,0,1,0,1,1,0,0,0,1,1,1,0,0,0,0,0,1,1,0,0,1,1,Gastroenteritis
1,1,0,1,0,1,1,1,1,0,0,1,0,1,0,0,0,1,0,0,0,1,1,0,0,0,Meningitis
1,1,1,0,1,0,0,0,0,1,1,1,1,0,1,0,1,1,0,0,0,0,0,0,0,0,Conjunctivitis
1,0,0,1,0,1,1,0,0,1,1,0,1,1,0,0,0,0,1,0,0,0,0,0,1,0,Typhoid
1,1,0,1,1,0,1,0,1,1,1,1,0,0,0,0,0,0,0,1,0,0,0,0,1,1,Migraine
0,1,0,0,1,0,1,1,0,1,0,1,1,1,0,1,0,0,0,0,0,0,1,0,1,1,Chickenpox
0,0,1,1,1,1,0,0,0,1,1,0,0,1,1,1,0,0,1,1,0,1,1,0,1,0,Typhoid
0,1,0,0,0,0,1,0,1,0,1,1,0,1,1,1,0,1,0,1,1,0,1,0,1,1,Conjunctivitis
1,1,1,0,0,0,1,0,1,1,0,1,0,1,1,1,0,0,0,0,0,0,1,1,1,0,Influenza
1,0,0,1,1,0,1,0,0,1,1,0,1,0,0,1,1,1,1,1,1,0,1,1,0,0,Influenza
0,0,1,0,1,0,1,1,0,1,0,1,0,0,0,0,1,1,1,0,0,1,0,0,1,0,Typhoid
0,1,0,1,0,1,1,0,1,0,1,1,0,0,0,1,0,1,1,1,1,1,1,0,0,0,Bronchitis
0,0,1,1,1,1,1,0,0,0,0,0,1,1,0,0,1,1,1,1,0,1,1,1,1,0,Typhoid
0,0,1,0,0,0,1,0,0,1,0,0,1,0,1,0,0,0,0,1,1,0,0,1,1,1,COVID-19
0,1,0,1,0,1,1,1,0,1,1,1,1,1,1,0,1,0,1,1,0,0,1,0,0,0,Food Poisoning
0,0,0,0,1,0,0,0,1,0,1,1,1,0,0,1,1,0,1,0,1,1,1,0,1,1,Gastroenteritis
1,0,0,1,0,1,0,1,1,0,1,0,1,0,0,0,1,0,1,1,1,0,1,1,1,0,UTI
1,1,1,0,0,0,1,0,0,0,0,1,0,1,0,1,0,0,1,0,1,1,1,1,0,0,Tuberculosis
0,1,0,0,1,1,1,1,1,0,1,0,0,1,1,1,0,0,0,0,1,0,1,0,1,0,Common Cold
1,1,1,1,0,0,0,1,1,1,0,0,1,1,0,0,1,0,0,0,1,0,0,1,0,1,Malaria
0,0,0,1,0,1,1,0,0,1,0,1,1,1,1,1,0,1,0,0,0,1,0,1,0,0,UTI
0,1,1,1,0,0,0,0,0,1,1,0,0,1,0,1,0,0,1,0,1,0,0,0,1,0,Malaria
0,1,0,0,1,1,1,1,1,0,1,0,0,0,1,0,1,0,0,1,0,1,0,0,1,1,Typhoid
1,1,0,0,1,1,0,1,1,0,0,0,1,1,0,1,1,0,1,1,0,1,1,0,1,1,Meningitis
1,0,1,1,0,1,1,0,0,1,1,0,0,1,0,0,0,1,1,1,0,0,1,0,1,0,Influenza
1,1,1,0,1,1,1,0,1,0,0,1,1,1,0,1,0,1,0,1,1,0,1,1,0,0,COVID-19
1,1,0,1,0,1,1,1,0,1,0,0,0,0,1,0,1,1,1,1,0,1,1,0,0,0,Hepatitis
0,1,0,1,1,0,0,1,1,0,0,1,0,0,0,0,1,0,1,1,0,1,0,0,0,0,Gastroenteritis
0,0,0,1,1,0,0,1,1,0,1,0,0,1,1,1,1,1,0,0,0,0,0,1,1,0,Food Poisoning
0,1,1,0,0,1,0,0,1,1,0,0,0,1,1,0,1,1,1,1,0,1,1,1,1,0,Typhoid
1,0,0,0,0,0,1,1,0,0,0,0,1,1,0,1,0,0,1,0,1,1,0,0,1,0,Arthritis
0,1,1,1,1,0,1,0,1,1,0,1,1,1,0,0,1,1,1,0,0,1,1,0,1,0,Food Poisoning
0,1,1,1,1,1,1,0,1,1,0,0,1,0,0,0,0,1,1,0,1,1,1,1,1,1,Tuberculosis
0,0,1,1,1,1,0,1,0,1,1,0,0,1,1,1,1,1,1,1,1,1,0,0,1,1,Heart Disease
0,0,0,0,1,0,0,1,1,0,1,1,0,1,1,0,0,0,1,1,0,1,0,0,0,1,Conjunctivitis
1,1,1,1,1,0,1,1,0,0,0,0,1,1,1,0,1,0,0,0,1,1,1,1,1,0,Conjunctivitis
0,1,0,0,0,1,0,1,0,1,0,1,0,0,0,1,0,0,1,1,0,0,1,0,0,0,Dengue
0,0,1,1,1,1,0,0,1,1,1,0,1,0,0,1,0,0,1,1,0,1,1,1,1,1,Appendicitis
1,1,0,0,1,1,1,1,0,0,0,0,0,0,1,0,0,0,0,0,0,0,1,1,0,0,Conjunctivitis
0,1,0,0,1,1,1,1,1,1,1,0,0,1,1,0,1,1,0,0,0,1,1,1,1,1,Hepatitis
1,1,0,1,0,1,0,0,0,0,1,0,0,1,0,1,1,1,1,0,0,0,1,0,1,1,Typhoid
0,0,1,0,1,1,1,0,0,1,0,0,0,0,0,0,1,1,1,1,0,1,0,1,1,1,Typhoid
1,1,1,1,0,1,0,1,1,1,1,1,1,0,0,0,1,1,0,0,0,0,0,0,1,1,Arthritis
1,1,0,1,1,1,1,1,1,0,0,1,0,0,0,0,0,0,1,1,0,1,0,0,0,1,Heart Disease
1,1,0,0,0,1,1,0,0,0,0,1,0,0,0,1,1,0,0,0,0,0,1,1,0,1,Influenza
0,1,1,1,0,0,0,1,1,1,0,0,1,0,0,1,1,0,0,1,0,1,0,1,0,1,Hepatitis
1,0,0,1,1,1,1,1,0,0,1,0,1,1,1,0,0,1,1,0,1,0,0,0,1,0,Appendicitis
1,0,1,1,0,0,1,1,1,0,1,0,1,1,0,1,0,0,0,0,0,0,0,1,0,0,Migraine
0,0,1,0,0,1,1,1,1,1,1,1,0,1,1,1,0,1,1,0,1,1,1,1,0,0,Asthma
0,1,0,0,1,0,0,0,0,1,1,1,0,0,0,1,0,1,1,1,0,1,1,0,1,1,Arthritis
1,0,0,0,0,1,0,0,1,1,1,1,0,1,0,1,1,0,0,1,1,0,1,0,1,1,Conjunctivitis
0,1,0,0,1,1,1,1,1,0,0,0,0,1,0,1,1,1,0,1,1,1,0,1,1,0,Appendicitis
1,1,0,1,1,1,0,0,1,0,1,1,1,1,1,0,1,0,0,1,1,0,1,0,1,0,Food Poisoning
1,1,0,1,0,1,1,0,1,0,1,1,1,1,1,0,0,0,1,1,0,1,0,0,0,0,UTI
0,0,0,1,1,0,1,0,0,0,0,0,1,0,0,1,1,0,1,1,1,1,0,0,0,0,Common Cold
1,1,1,1,0,1,1,0,1,0,1,0,1,0,0,0,0,1,0,1,0,0,0,0,0,0,Food Poisoning
0,1,1,0,0,0,1,0,1,0,1,0,0,1,0,0,0,1,0,0,0,1,1,0,1,1,Meningitis
1,0,1,1,1,1,1,1,1,0,0,1,0,1,0,0,1,0,1,0,1,1,0,1,0,0,Heart Disease
1,0,1,0,0,0,1,0,1,0,1,1,1,0,0,0,0,1,0,1,1,1,1,1,1,1,Typhoid
0,1,0,0,1,0,1,0,1,0,1,1,1,0,0,0,1,1,0,1,0,1,1,1,0,0,Tuberculosis
0,0,1,1,0,1,1,1,1,1,0,0,0,0,0,1,0,1,0,0,1,1,1,0,0,0,Dengue
1,1,0,0,0,1,1,0,1,0,1,0,1,0,0,1,0,0,1,0,1,1,1,1,0,1,Heart Disease
1,0,1,1,0,0,0,0,0,1,0,0,0,1,0,0,1,1,1,0,1,1,1,0,0,1,Conjunctivitis
1,1,0,0,1,0,1,0,0,1,0,1,1,0,1,0,1,0,1,1,1,1,1,0,1,0,Conjunctivitis
1,1,1,1,0,0,1,0,0,0,1,1,0,1,0,1,1,1,1,0,1,0,1,0,1,1,Food Poisoning
1,0,0,0,0,1,0,1,1,1,1,0,0,0,1,1,1,0,0,0,0,0,0,1,0,1,UTI
1,0,1,1,1,1,1,0,0,1,0,1,1,1,0,0,0,0,1,0,1,0,1,1,1,0,Chickenpox
0,0,0,0,1,0,1,1,0,0,0,1,0,1,0,0,0,1,0,1,1,1,0,0,0,1,Malaria
1,1,0,1,1,1,0,1,0,0,1,1,0,0,0,0,0,1,0,1,1,1,0,0,1,1,Tuberculosis
0,0,1,1,0,0,1,1,0,0,1,0,0,1,1,0,1,1,1,1,0,1,0,0,0,1,Migraine
1,0,0,0,1,1,0,1,0,1,1,0,0,0,1,0,1,1,0,0,1,1,0,1,1,0,Gastroenteritis
0,0,1,1,0,1,1,0,1,1,1,0,1,0,1,0,1,1,0,0,0,0,0,0,1,0,Arthritis
0,0,0,1,1,1,0,1,0,1,0,1,0,0,1,0,0,1,1,0,0,1,0,0,1,1,Tuberculosis
0,0,1,1,1,0,1,0,1,0,0,0,1,1,1,0,1,1,0,1,1,1,1,0,0,0,Conjunctivitis
1,1,1,1,0,0,0,0,1,0,0,1,1,0,0,0,1,1,1,0,0,0,0,1,0,0,Dengue
1,1,0,1,1,0,0,1,0,1,0,1,1,0,0,0,1,1,0,0,1,0,1,1,0,0,Tuberculosis
1,0,0,0,1,0,0,0,1,1,1,0,0,1,0,1,0,0,1,1,0,1,1,1,0,0,Appendicitis
0,0,0,0,1,0,1,1,1,0,0,0,1,0,0,1,1,0,1,1,0,0,0,1,0,0,Asthma
1,0,0,0,0,0,1,1,1,1,1,0,0,0,1,1,0,0,0,1,1,0,1,0,1,1,Common Cold
0,0,1,0,1,0,0,0,0,1,0,1,1,0,0,1,1,0,0,0,1,0,1,0,1,0,Food Poisoning
0,0,0,1,0,0,1,1,1,1,0,0,1,1,1,0,1,0,1,0,0,0,0,1,0,1,Heart Disease
0,1,1,1,0,1,1,1,1,1,0,1,0,0,1,0,0,0,0,1,0,1,0,0,0,1,Heart Disease
0,1,0,1,0,1,1,1,1,0,1,1,0,0,1,0,0,0,1,0,0,0,0,0,0,1,Gastroenteritis
1,1,0,1,0,1,1,0,1,0,0,1,1,0,1,1,1,0,0,1,0,1,1,0,1,1,Migraine
0,1,1,1,0,0,1,1,1,1,1,1,0,1,0,0,0,1,0,0,0,1,0,1,0,1,Arthritis
1,0,1,1,0,1,0,1,1,0,1,1,1,1,0,1,1,0,0,0,1,0,0,0,1,1,Dengue
0,1,1,1,0,1,0,0,1,0,0,1,1,0,0,0,0,1,0,1,0,0,0,1,1,0,Chickenpox
1,0,0,0,1,1,0,1,0,1,1,1,0,0,1,1,1,1,1,1,1,0,1,1,1,1,Typhoid
0,0,0,1,0,1,0,1,0,1,1,0,0,0,0,0,1,0,0,1,1,0,0,0,1,0,Food Poisoning
1,1,1,1,1,0,0,0,0,0,1,0,1,1,0,0,0,0,0,1,1,1,0,0,1,0,Appendicitis
1,1,1,0,1,0,1,0,1,0,0,1,0,1,1,0,1,0,0,0,0,0,1,0,0,1,Bronchitis
1,1,1,1,0,1,1,0,1,0,1,0,0,0,1,0,1,0,1,0,1,1,0,1,0,0,Typhoid
1,1,1,1,0,1,1,0,0,1,0,1,1,0,0,0,0,1,0,0,1,1,0,1,1,0,Gastroenteritis
0,0,0,1,0,1,0,0,0,1,0,0,1,0,0,1,1,0,1,0,1,0,1,1,1,0,Malaria
0,0,1,0,1,0,0,0,0,1,0,1,1,1,0,0,1,0,1,0,1,1,1,0,0,1,Meningitis
0,0,1,1,0,0,1,1,0,1,0,0,0,1,0,0,0,0,0,1,0,1,0,1,0,1,Food Poisoning
0,1,0,0,1,1,0,1,1,0,0,1,0,0,1,1,0,1,0,0,0,1,1,0,1,1,Arthritis
0,0,0,0,1,1,1,0,0,0,1,1,0,1,1,0,0,0,0,0,1,1,1,0,1,1,Appendicitis
1,1,0,1,1,1,0,0,1,0,1,0,1,0,0,0,0,0,0,0,0,1,0,1,1,1,Arthritis
1,1,0,0,0,0,0,0,1,0,0,1,1,0,0,1,1,1,1,0,1,1,1,0,0,1,COVID-19
1,0,0,1,0,1,0,1,0,0,1,0,1,0,0,1,0,1,1,0,0,0,0,1,0,1,Typhoid
1,0,0,1,0,1,1,0,1,1,0,0,1,1,0,0,1,0,1,1,0,1,0,0,1,1,Gastroenteritis
1,0,1,1,1,0,1,1,1,1,0,1,1,0,1,1,1,0,0,0,1,0,1,0,1,0,COVID-19
0,0,0,1,0,1,1,0,0,1,1,0,1,0,1,0,0,1,0,1,0,0,1,0,1,1,Conjunctivitis
1,1,1,1,0,1,0,1,1,1,0,0,0,1,1,1,1,1,1,0,1,1,1,0,0,0,Typhoid
0,0,0,0,1,0,1,1,1,1,1,0,0,1,1,0,0,0,1,0,1,0,1,1,1,0,Asthma
0,0,1,1,1,1,1,1,0,0,0,1,1,1,0,0,1,1,0,0,1,0,0,1,0,0,Hepatitis
1,1,0,0,0,0,1,1,1,1,1,0,1,1,0,1,0,0,0,1,1,0,1,0,1,1,Typhoid
1,0,0,1,1,1,0,0,0,0,0,1,1,1,1,1,1,0,0,1,0,1,0,1,1,1,Food Poisoning
1,0,1,1,0,1,0,0,0,0,1,0,0,1,1,0,1,0,0,0,0,0,1,1,1,0,Dengue
0,0,0,1,0,1,0,1,0,1,0,0,0,1,1,0,0,1,1,0,0,0,1,1,1,1,Typhoid
0,0,1,1,0,0,0,0,1,1,0,1,0,0,0,1,0,1,0,1,0,1,0,1,1,0,Conjunctivitis
0,1,1,0,0,0,1,1,1,0,1,1,1,1,1,0,1,1,1,1,1,1,1,1,1,0,Common Cold
1,0,1,0,0,0,0,1,1,1,0,1,0,1,0,0,0,1,0,1,1,1,1,1,0,1,Dengue
0,0,1,0,1,0,1,1,1,1,1,0,0,0,0,0,0,0,0,1,1,0,0,0,1,0,COVID-19
1,1,0,1,1,1,1,0,0,1,1,0,0,0,1,1,0,0,1,0,1,1,1,1,1,0,Arthritis
1,1,0,1,0,1,0,1,1,1,0,1,1,0,1,0,1,1,0,1,0,1,1,1,0,1,Dengue
1,0,1,0,1,1,0,1,0,1,1,0,1,1,0,0,1,1,0,1,0,0,1,0,0,1,Appendicitis
1,0,0,1,1,1,1,1,1,1,0,0,1,0,0,0,0,0,1,1,1,0,1,1,0,0,Malaria
1,0,0,0,1,1,1,1,1,0,1,0,1,1,0,1,1,0,0,0,1,1,0,0,1,1,Asthma
1,0,0,0,1,1,0,0,1,0,0,1,1,1,0,0,1,1,1,1,0,1,1,0,1,1,Dengue
0,0,0,0,0,0,0,0,0,0,0,1,0,0,0,0,1,1,1,0,0,1,0,0,1,0,Heart Disease
1,1,0,1,1,0,0,1,0,1,0,1,0,0,1,0,1,0,1,0,1,1,1,0,1,1,Dengue
1,1,0,1,0,1,1,1,1,0,1,0,1,0,0,1,0,0,0,1,1,0,0,0,1,1,Typhoid
1,1,1,0,1,0,0,0,0,1,0,1,1,1,0,0,0,1,1,0,0,0,1,1,1,0,Appendicitis
0,0,0,0,1,1,0,1,1,1,0,1,1,0,0,0,1,0,0,1,1,0,1,1,0,1,Typhoid
0,1,0,0,1,1,0,0,0,1,0,1,1,1,0,0,0,1,0,1,0,0,0,1,0,0,Influenza
1,0,0,1,0,1,0,0,1,0,0,1,0,1,1,0,1,1,0,0,0,1,1,0,0,1,Dengue
1,0,1,1,0,1,1,1,1,0,0,1,1,0,0,0,1,0,1,0,0,0,1,1,0,0,Malaria
0,0,0,1,1,0,0,1,0,1,0,0,1,0,1,1,0,0,0,0,0,1,1,1,0,0,Common Cold
0,1,0,1,0,0,1,1,0,0,0,1,0,1,0,1,0,0,0,0,1,1,0,0,0,1,Common Cold
1,1,1,0,0,1,0,0,0,1,1,1,1,1,1,1,1,1,0,0,0,0,0,0,1,0,UTI
0,1,1,0,0,0,1,0,0,0,0,1,0,1,1,0,0,0,0,0,0,1,1,1,1,1,Bronchitis
0,1,0,0,1,0,0,0,0,0,0,0,0,0,1,0,0,0,1,1,1,0,0,0,0,1,Asthma
1,0,1,1,1,0,1,1,1,1,0,1,0,0,0,0,0,1,1,0,1,0,0,1,1,0,Influenza
0,0,0,0,1,1,1,0,1,0,0,0,0,1,1,0,0,1,1,0,0,1,0,1,0,0,Asthma
1,0,0,0,1,0,0,1,0,0,1,0,0,1,0,0,1,0,0,1,1,1,0,0,1,0,UTI
1,1,0,1,1,1,1,0,0,1,1,0,1,0,0,0,1,1,1,0,1,1,0,1,1,0,Bronchitis
0,0,0,1,0,1,0,1,0,0,0,0,1,1,1,0,0,0,1,1,1,0,1,0,1,1,Pneumonia
1,1,1,0,1,0,1,0,0,0,1,1,1,0,0,0,0,0,1,0,1,0,1,1,0,0,Migraine
1,0,0,1,0,0,1,1,0,0,0,0,0,0,1,0,1,0,0,1,0,1,0,1,1,1,Meningitis
0,1,0,1,1,0,0,0,0,1,1,0,0,0,0,0,1,1,1,0,0,1,0,0,1,1,Asthma
1,0,0,0,0,1,0,0,0,0,0,1,1,0,1,0,1,0,1,1,0,1,1,1,0,0,Arthritis
0,1,1,1,0,1,0,1,1,0,1,0,1,1,1,1,0,0,1,0,1,1,0,0,1,0,Asthma
1,0,1,0,0,1,0,0,1,0,0,0,0,1,1,0,0,1,0,0,0,0,0,0,1,1,Gastroenteritis
0,1,0,1,1,0,0,0,1,1,0,1,1,0,0,1,1,0,1,1,0,1,0,0,1,1,Malaria
0,0,1,1,1,0,1,1,0,0,1,1,1,1,0,1,0,1,1,1,1,0,1,1,1,1,Tuberculosis
1,1,1,1,0,0,0,0,1,1,0,0,1,0,0,0,1,0,1,1,0,0,1,1,1,1,UTI
1,0,0,0,0,0,1,0,0,1,1,1,1,1,0,1,1,0,1,1,0,0,0,1,0,1,UTI
0,1,1,0,0,0,0,1,0,0,1,0,1,0,0,1,1,0,0,0,1,1,1,1,1,0,Tuberculosis
1,1,0,1,0,0,1,0,1,0,0,0,0,1,1,0,0,0,0,1,1,0,0,1,1,0,Migraine
1,1,1,1,0,0,1,1,1,1,0,1,0,1,1,0,1,1,1,0,1,0,1,0,0,0,Food Poisoning
1,0,0,0,1,1,1,1,0,0,0,0,0,0,1,1,1,0,1,0,0,1,0,0,1,0,Tuberculosis
1,0,0,0,0,1,1,1,1,1,0,0,0,1,0,0,0,0,0,0,1,0,0,0,1,0,Hepatitis
0,0,0,1,0,1,0,0,0,1,1,1,0,1,0,0,1,1,1,1,1,1,1,0,0,0,Influenza
1,0,0,0,0,1,0,0,0,0,0,0,1,0,1,1,0,0,0,1,0,0,0,1,1,0,Common Cold
1,0,0,1,1,0,1,0,0,1,0,0,0,0,1,0,0,1,1,1,0,0,1,0,0,0,Bronchitis
1,1,1,0,1,0,0,0,1,1,1,0,0,0,1,0,0,0,1,0,0,0,0,1,1,0,Malaria
1,1,1,1,0,0,0,0,1,1,0,0,0,1,0,0,0,1,1,0,1,0,0,1,0,0,Hepatitis
0,0,1,0,1,0,0,1,0,0,1,0,0,0,1,1,0,0,1,1,1,0,1,0,0,0,Dengue
0,1,0,0,1,0,1,1,0,1,1,1,0,0,1,1,1,0,1,1,0,0,1,0,1,0,Meningitis
0,1,1,0,1,0,1,0,0,0,0,1,1,0,1,0,0,1,1,0,0,1,0,0,0,0,Arthritis
0,1,1,1,1,0,0,0,1,1,0,0,0,0,1,1,0,1,0,1,1,0,1,0,1,1,Appendicitis
1,0,0,1,0,1,1,0,1,0,0,0,1,1,1,0,0,0,0,0,1,1,1,0,1,1,Appendicitis
1,0,0,1,1,1,0,0,1,0,1,0,1,1,1,1,1,0,1,0,1,1,0,1,0,0,Bronchitis
0,1,1,1,1,1,0,1,1,1,0,1,0,1,1,0,0,0,1,1,1,1,0,0,1,0,Malaria
1,0,0,1,1,0,1,1,0,1,1,0,1,1,0,0,0,1,1,1,1,1,0,0,0,1,Appendicitis
1,0,0,0,1,0,0,1,0,1,0,0,0,0,0,1,1,0,0,0,0,1,0,0,0,1,COVID-19
0,0,0,0,0,0,1,0,0,0,1,0,1,0,1,1,1,1,0,1,0,1,1,1,0,1,Gastroenteritis
0,0,1,0,0,1,1,1,0,1,0,0,0,1,1,1,1,1,1,1,0,1,1,1,0,1,Heart Disease
0,1,1,0,1,0,0,1,0,0,0,1,1,1,0,0,1,0,1,1,0,1,1,1,1,1,Hepatitis
1,1,1,1,1,1,0,1,1,1,1,0,0,0,0,1,0,1,1,0,0,1,1,1,0,0,Food Poisoning
0,1,0,1,1,1,0,0,1,0,1,1,0,0,0,0,1,1,1,0,0,0,0,1,1,0,Chickenpox
1,0,1,1,1,1,1,1,0,0,1,1,0,1,1,1,0,0,0,0,1,0,1,1,0,0,Pneumonia
1,1,0,0,1,1,1,1,1,1,1,0,0,0,0,0,0,0,0,1,1,0,0,1,0,0,Typhoid
1,1,1,0,0,0,1,0,0,0,1,1,1,0,1,0,0,0,1,0,0,0,1,1,0,1,Typhoid
1,1,0,0,1,1,0,0,0,0,0,0,0,0,1,0,1,1,1,1,0,1,0,0,0,0,Migraine
0,0,0,0,0,1,1,1,0,0,1,1,0,1,1,0,0,1,1,1,0,0,0,1,0,0,Tuberculosis
0,1,0,1,0,1,1,0,0,0,0,0,1,1,1,1,1,1,0,1,0,1,0,0,1,1,COVID-19
1,1,1,0,1,0,1,1,0,1,1,0,1,1,0,0,0,0,0,1,0,1,0,1,0,1,Common Cold
0,0,0,1,1,0,1,0,0,0,0,0,1,0,0,1,0,1,0,0,0,0,0,0,0,1,UTI
1,0,0,1,0,0,0,1,1,1,1,1,0,1,1,1,0,0,0,1,0,0,0,0,0,1,Typhoid
0,0,0,1,0,0,0,0,0,0,1,1,0,1,1,1,1,1,0,0,0,0,1,0,0,1,Chickenpox
0,1,1,0,1,1,1,0,0,0,0,1,1,1,0,1,1,1,0,0,1,1,0,0,1,1,Common Cold
0,0,0,1,0,0,1,1,0,1,0,1,0,1,1,0,0,0,0,1,1,1,0,1,0,1,Pneumonia
1,1,1,0,1,1,0,0,0,1,1,1,1,0,1,0,0,0,0,0,0,0,0,1,0,1,Gastroenteritis
1,1,1,0,0,1,1,0,0,1,0,0,0,1,0,1,0,1,0,1,0,0,1,0,0,1,COVID-19
1,1,1,1,0,0,0,0,0,1,0,1,0,0,1,1,0,0,0,1,0,1,1,0,0,1,Appendicitis
0,0,0,0,0,0,0,0,1,0,1,0,0,0,1,0,1,1,0,1,0,1,0,1,1,0,Migraine
1,0,1,1,0,0,1,0,1,1,0,0,1,0,1,1,0,1,0,0,1,0,1,1,0,0,Heart Disease
1,0,0,0,1,1,1,0,1,0,0,1,0,1,1,1,0,1,0,1,1,1,1,0,1,0,Dengue
0,0,1,0,0,1,0,1,1,1,1,0,0,1,0,1,1,0,1,1,0,1,1,0,1,1,Tuberculosis
1,0,1,1,0,0,1,0,1,1,0,1,0,1,0,1,1,0,0,0,0,0,0,0,1,1,UTI
1,1,1,1,0,1,1,1,1,1,1,0,1,0,0,0,1,0,1,1,0,0,1,1,0,0,Pneumonia
1,0,1,1,0,0,0,1,1,1,0,1,0,0,1,0,1,1,1,1,0,0,1,1,0,1,Dengue
1,0,1,0,1,1,1,1,0,1,1,0,0,1,0,0,0,0,0,1,1,0,1,0,1,1,Migraine
1,0,0,1,0,0,0,1,0,1,0,0,0,0,1,1,0,1,1,1,1,1,1,0,1,1,Malaria
1,1,1,0,1,1,0,1,0,0,1,0,1,0,1,0,1,0,1,0,0,0,0,0,0,0,Bronchitis
1,1,0,0,0,1,1,1,1,0,1,1,1,0,0,1,0,0,1,1,1,0,1,1,0,1,Chickenpox
0,0,0,0,1,0,0,1,0,1,1,1,0,1,0,0,1,1,0,1,1,1,1,1,1,1,Bronchitis
1,1,1,1,0,1,1,0,1,0,1,1,1,1,0,0,0,0,1,1,0,0,0,1,0,0,Heart Disease
1,1,0,0,0,1,1,0,1,1,0,0,1,1,1,0,0,1,1,1,0,1,0,0,1,0,Conjunctivitis
1,0,1,1,0,0,0,1,1,1,0,1,0,1,0,0,0,0,1,0,1,1,0,1,1,1,UTI
0,1,1,0,1,1,0,0,1,1,0,0,1,1,0,0,1,1,1,1,0,0,0,0,1,1,Influenza
0,1,1,1,0,1,0,1,0,1,1,0,0,1,1,0,0,1,0,1,1,1,1,1,0,0,Common Cold
1,0,1,0,0,1,0,0,1,0,0,0,0,1,1,0,0,0,1,1,1,0,1,1,1,0,Influenza
0,0,0,1,0,1,1,0,1,1,1,1,0,0,0,1,1,0,1,1,0,0,1,1,1,1,Malaria
0,0,1,0,1,0,1,0,1,1,0,1,1,1,1,0,0,1,1,0,1,0,1,0,1,1,Pneumonia
0,0,0,1,0,0,1,0,1,1,1,1,1,0,0,1,1,0,1,1,0,0,1,1,0,1,Arthritis
0,0,0,0,1,1,1,0,0,0,0,1,1,0,0,0,0,0,1,0,0,0,0,1,0,1,Chickenpox
0,1,1,0,1,1,1,0,1,0,0,1,1,1,1,0,1,0,1,1,1,1,1,1,0,1,Gastroenteritis
1,1,0,1,1,0,1,0,1,0,0,1,0,1,0,0,0,0,0,0,1,1,0,0,1,0,Conjunctivitis
0,1,0,0,1,1,0,0,1,1,0,0,1,0,1,1,0,1,1,1,1,0,0,0,1,0,Influenza
0,0,0,1,1,1,0,0,0,1,1,0,1,0,1,0,0,0,0,0,0,0,0,0,0,0,Tuberculosis
1,0,0,1,0,1,1,1,0,0,0,0,0,1,1,1,0,1,0,1,0,1,0,1,1,0,Asthma
1,1,1,0,1,1,0,1,1,1,0,1,0,1,1,0,0,0,0,0,1,0,1,1,0,0,Arthritis
0,1,0,1,0,1,1,0,0,1,1,1,0,1,0,1,1,1,0,1,1,1,1,0,0,1,Conjunctivitis
1,1,1,1,1,0,0,0,0,1,1,0,1,1,0,1,1,0,1,1,0,1,1,0,1,1,Dengue
0,0,0,0,0,0,0,1,0,1,0,0,0,0,0,1,0,0,1,1,0,0,1,0,0,1,Hepatitis
0,0,1,0,0,1,1,1,1,1,0,0,1,0,0,0,0,0,0,1,0,1,0,0,0,0,Gastroenteritis
1,0,1,0,1,1,0,0,0,1,1,0,0,1,0,1,0,1,1,0,1,0,0,0,0,0,Pneumonia
1,1,0,0,0,0,1,1,1,0,0,1,0,0,1,0,1,0,1,0,0,1,0,0,1,1,UTI
1,1,1,1,1,0,0,0,0,0,0,0,1,0,0,1,0,1,0,0,0,1,0,1,1,1,Influenza
0,1,0,1,1,1,0,0,1,0,0,1,0,0,0,0,1,0,0,1,0,0,1,0,1,1,Typhoid
0,1,0,0,1,1,1,1,0,0,0,0,1,0,0,1,0,1,1,1,0,1,0,1,0,0,Food Poisoning
0,0,1,1,0,0,0,1,0,0,1,0,0,0,0,0,1,1,0,0,0,0,0,0,0,1,Gastroenteritis
1,1,1,0,0,0,1,1,0,0,1,0,1,0,1,0,0,0,0,1,1,1,0,1,1,0,Hepatitis
1,0,1,0,0,0,0,0,1,1,1,1,0,0,0,0,0,1,1,1,0,0,1,0,0,1,Common Cold
0,1,0,1,1,0,0,0,1,0,1,0,0,1,0,0,0,1,1,1,0,0,0,1,1,1,Hepatitis
0,0,1,1,1,1,1,0,1,0,0,0,1,1,1,1,0,0,1,1,1,1,1,0,1,1,Chickenpox
1,0,1,1,0,1,0,0,1,0,0,0,1,1,1,1,1,0,0,0,0,0,1,0,0,1,Food Poisoning
0,0,1,0,1,0,0,1,1,0,1,0,1,0,0,0,0,1,0,1,0,1,1,0,0,1,Malaria
1,0,0,1,1,1,0,1,0,1,1,1,0,1,1,0,0,1,0,0,0,0,0,0,0,1,Conjunctivitis
0,1,0,0,1,0,0,1,0,0,0,0,1,0,1,0,0,1,1,0,1,1,1,1,0,1,Dengue
0,0,1,0,1,1,1,1,1,0,0,1,0,1,0,1,0,0,0,1,0,1,0,1,0,1,Conjunctivitis
1,1,1,1,0,0,1,1,1,1,0,0,0,1,1,0,0,0,0,1,0,0,0,1,1,1,Tuberculosis
0,1,0,1,1,1,1,1,0,1,0,0,0,1,0,0,1,1,1,0,1,1,0,1,0,0,Tuberculosis
0,0,1,1,1,1,1,0,0,1,1,0,1,1,0,0,0,0,0,0,1,1,1,0,0,0,Hepatitis
0,1,1,1,1,1,0,0,1,0,1,0,1,1,0,0,0,0,1,1,0,1,1,0,1,1,Food Poisoning
0,0,1,0,1,0,0,1,1,1,1,1,1,0,0,1,1,0,0,0,1,1,0,1,1,1,Common Cold
0,0,0,0,0,1,0,1,1,1,1,1,1,0,0,1,0,0,0,1,0,1,1,1,1,1,Dengue
1,1,1,0,0,1,0,1,0,0,1,0,0,1,0,1,0,1,1,0,0,1,0,0,1,1,Appendicitis
1,1,1,1,0,0,0,0,1,1,0,1,0,1,1,0,1,1,1,0,1,0,0,1,1,1,COVID-19
1,1,0,0,0,0,0,1,0,0,1,0,1,0,1,0,0,0,1,0,0,1,0,0,1,1,Common Cold
1,1,1,0,1,1,0,1,1,1,0,1,1,1,1,1,0,0,1,0,0,1,0,0,0,0,Appendicitis
0,1,0,0,0,1,1,1,1,0,0,0,1,0,0,1,0,0,0,1,1,0,0,0,1,0,Conjunctivitis
0,1,1,1,1,1,1,0,1,0,0,1,1,1,1,0,0,0,1,0,1,0,1,0,0,0,Asthma
0,0,1,1,1,1,1,1,0,1,1,1,1,0,1,1,0,0,1,0,1,0,1,1,0,0,Hepatitis
1,0,1,0,0,1,0,0,0,0,1,0,1,1,0,1,1,0,1,1,0,0,0,0,1,1,Dengue
1,1,1,0,1,1,0,1,0,1,1,1,1,1,1,1,1,0,1,0,0,0,0,1,0,0,Asthma
0,0,1,0,1,1,1,0,0,1,1,1,0,1,1,1,0,0,1,1,1,0,1,1,0,0,COVID-19
1,0,0,1,0,1,0,0,0,1,0,1,1,0,0,1,0,0,1,0,0,0,1,1,1,0,Bronchitis
0,0,1,0,0,0,0,0,0,1,0,0,1,0,1,1,1,0,0,0,1,1,0,0,0,0,Chickenpox
1,1,1,1,0,0,1,1,1,1,1,1,1,0,0,0,0,0,0,1,1,1,1,1,1,1,Asthma
1,1,0,0,0,1,1,0,1,1,1,1,0,0,1,1,0,0,0,0,1,0,1,1,0,1,Conjunctivitis
1,0,0,1,0,1,0,1,1,1,0,1,1,0,0,0,1,1,0,0,1,0,0,0,0,1,Dengue
0,0,0,0,1,1,1,1,1,0,1,0,0,1,1,1,0,1,1,0,0,1,0,1,0,0,Asthma
0,1,1,0,0,1,1,0,0,0,0,1,1,0,0,0,0,0,0,1,1,1,0,0,0,1,Common Cold
0,0,0,0,1,1,1,0,1,0,0,1,0,0,0,1,1,1,1,0,0,0,0,1,0,0,Food Poisoning
1,1,1,0,1,1,1,0,0,0,1,0,0,1,0,1,0,0,1,1,0,0,1,0,1,0,Asthma
1,1,1,0,0,1,0,0,1,0,0,1,1,1,0,0,1,1,1,0,0,1,0,0,1,1,Common Cold
0,0,1,0,0,0,0,0,1,0,1,0,1,0,1,0,0,0,1,0,0,1,1,1,0,1,UTI
1,1,0,1,1,0,1,0,0,1,1,0,1,1,1,1,1,1,0,0,0,1,1,0,1,0,Food Poisoning
1,1,0,1,1,0,1,1,1,0,1,1,1,1,1,0,1,1,0,1,1,1,1,1,1,1,Food Poisoning
0,1,0,0,1,1,1,1,1,1,1,0,1,1,0,0,0,1,1,1,0,1,1,0,0,0,Chickenpox
1,0,1,1,1,1,1,1,0,0,1,1,1,0,1,0,0,1,0,0,1,0,1,0,0,0,Tuberculosis
0,1,0,1,1,0,0,0,1,1,0,1,1,0,0,1,0,0,0,0,1,1,0,1,1,1,Food Poisoning
0,0,0,1,0,1,1,1,0,1,1,1,1,0,1,0,0,0,0,0,0,0,0,1,0,1,Tuberculosis
1,0,1,0,0,1,0,0,1,1,1,0,1,1,0,0,0,0,1,1,0,0,1,1,0,1,Chickenpox
1,1,0,0,0,0,1,0,1,0,1,0,0,0,0,0,1,0,1,1,0,1,1,1,0,1,Influenza
1,0,0,0,0,0,1,1,0,1,1,1,0,1,1,1,0,1,1,1,1,1,1,0,1,0,Food Poisoning
0,1,0,0,0,1,0,1,1,1,1,0,1,1,1,0,1,0,0,0,1,0,0,0,0,0,Typhoid
1,0,1,1,1,1,0,0,0,0,1,0,1,1,0,1,0,0,0,1,0,0,1,0,0,1,Common Cold
0,0,1,1,1,1,0,0,0,0,0,0,1,1,0,0,1,0,1,1,0,0,1,1,0,1,COVID-19
1,0,1,1,0,1,1,0,0,0,0,0,0,1,0,0,1,1,1,0,0,0,1,0,0,1,Food Poisoning
1,0,1,1,1,1,1,0,0,0,0,0,0,0,0,0,1,0,0,1,1,0,0,0,1,0,Asthma
0,1,0,1,0,1,1,1,1,0,1,0,1,1,1,1,0,1,1,0,0,0,1,0,0,1,Bronchitis
0,1,0,0,0,1,1,0,0,1,0,0,1,1,0,0,0,1,1,0,0,0,0,0,0,0,Common Cold
0,1,1,1,0,0,0,0,0,0,0,0,1,0,0,0,1,0,0,0,0,0,1,1,1,1,Malaria
1,0,0,1,0,1,1,1,0,0,0,0,0,1,1,0,0,0,1,1,1,1,0,0,0,0,Migraine
0,0,0,0,1,1,0,0,1,1,0,0,0,1,1,1,0,1,1,1,0,1,0,0,1,1,Pneumonia
0,0,1,1,1,0,1,1,1,0,1,1,0,0,0,1,0,1,1,1,1,1,0,1,1,0,COVID-19
1,1,0,1,1,1,1,1,0,0,0,1,1,0,1,0,1,1,0,0,0,1,0,0,1,0,Food Poisoning
0,1,1,1,0,0,0,0,1,0,1,1,1,0,1,0,0,0,0,1,1,1,0,0,0,0,Typhoid
0,1,0,0,0,0,0,1,1,0,1,0,0,0,1,1,0,0,1,1,1,0,1,1,0,1,Asthma
1,1,0,0,1,0,0,0,0,1,1,0,1,0,0,0,1,0,1,0,1,0,1,0,1,1,Asthma
1,1,1,0,0,1,0,1,1,1,0,1,0,1,0,0,0,0,0,0,1,0,0,0,1,0,Tuberculosis
1,1,1,0,1,1,1,1,0,0,0,1,1,0,1,1,0,1,1,1,0,1,1,1,1,0,Malaria
0,0,0,0,0,1,0,1,0,1,0,0,0,1,0,1,0,1,0,0,1,1,0,0,1,1,Arthritis
1,1,1,0,1,0,1,0,0,0,0,0,1,1,0,0,0,0,0,1,0,0,0,0,0,0,Influenza
1,1,1,1,1,1,1,1,1,0,0,0,0,1,1,1,0,1,0,1,0,0,1,1,0,0,Malaria
1,0,1,0,0,1,0,1,1,1,1,1,0,1,1,1,1,1,0,1,1,1,1,0,0,0,Asthma
1,0,1,0,0,0,0,0,0,0,1,0,0,0,0,0,0,1,1,1,1,1,1,0,0,1,Chickenpox
1,0,1,1,0,1,0,0,1,0,1,0,0,1,0,1,0,0,1,1,1,1,1,1,0,0,Appendicitis
0,0,1,1,0,0,1,0,1,0,1,0,1,0,1,1,1,0,1,0,1,0,1,0,1,0,Meningitis
1,1,1,0,1,1,0,0,1,1,1,0,0,0,0,0,1,1,1,0,1,0,1,1,1,1,Common Cold
1,1,1,1,1,1,0,0,1,0,0,1,1,1,1,0,1,1,1,1,0,1,0,0,0,0,Common Cold
1,1,1,0,1,1,1,0,1,1,1,1,0,1,0,0,1,1,1,1,0,1,1,1,1,0,Dengue
1,0,1,0,1,1,1,0,1,0,0,0,0,1,0,0,1,1,0,0,1,1,1,0,1,0,Food Poisoning
0,1,0,1,0,0,0,1,1,0,1,1,0,0,0,1,0,1,1,0,1,1,0,0,0,1,Hepatitis
1,0,1,1,0,0,0,1,0,1,1,1,1,0,1,0,0,1,0,1,0,1,0,0,1,1,Conjunctivitis
0,1,1,0,1,0,1,0,0,0,0,1,0,0,1,1,0,1,1,1,1,1,1,1,0,1,Migraine
1,1,0,0,0,1,1,1,0,0,0,0,0,1,0,1,0,0,1,0,0,0,1,0,0,1,Gastroenteritis
1,1,1,0,0,0,0,1,0,0,0,0,0,1,0,0,0,1,1,1,1,1,1,1,1,1,Hepatitis
0,1,0,1,0,1,0,0,1,1,1,1,0,1,1,1,1,0,0,0,0,0,1,1,1,0,Typhoid
1,1,1,0,0,0,0,0,0,1,1,0,0,0,0,0,1,1,0,0,1,1,1,0,0,0,UTI
1,1,1,0,1,1,1,1,1,0,1,0,0,1,0,0,1,1,1,1,0,1,1,0,0,0,Migraine
0,1,1,1,1,0,1,0,1,1,1,0,1,1,0,0,0,1,0,1,0,0,1,0,0,0,Asthma
0,0,0,0,0,1,0,0,1,0,1,0,1,1,0,1,0,1,0,1,1,0,1,1,0,0,COVID-19
1,0,0,0,1,0,0,1,1,0,1,0,1,1,1,0,1,1,1,0,0,1,0,1,0,0,Malaria
0,1,0,1,0,0,0,0,0,1,0,1,1,0,0,0,1,1,0,0,0,1,1,0,1,0,UTI
0,1,0,0,0,1,1,0,1,1,0,1,0,1,0,0,1,0,0,1,0,1,0,1,0,1,Gastroenteritis
1,0,1,0,1,1,1,1,0,1,1,1,1,0,0,0,1,1,0,1,0,0,1,0,0,0,Hepatitis
1,0,1,1,0,0,0,1,0,1,1,0,0,0,1,1,1,0,1,0,0,0,0,0,1,1,Migraine
1,0,0,1,1,0,1,0,1,0,1,1,0,1,0,0,0,1,0,1,1,0,0,0,1,0,Bronchitis
0,0,1,1,0,0,1,0,1,1,0,1,0,1,0,1,0,0,0,1,1,0,0,0,1,0,Meningitis
0,0,0,1,1,0,0,0,0,0,0,0,1,1,0,1,0,0,1,1,0,0,0,1,0,0,Gastroenteritis
0,0,1,1,0,0,1,0,1,0,0,1,1,1,1,0,1,0,0,1,0,1,1,0,1,1,Common Cold
1,1,1,1,1,0,1,1,0,1,1,0,1,1,0,0,1,1,1,1,0,0,0,0,1,0,Common Cold
1,1,1,1,0,0,0,1,1,0,0,1,1,0,1,1,1,0,1,0,1,1,0,1,1,0,Malaria
1,1,1,1,0,1,1,0,0,1,0,0,1,1,1,0,0,1,1,1,1,0,1,1,0,1,Appendicitis
1,1,1,0,1,0,0,0,1,0,0,1,0,0,1,1,0,0,1,0,1,1,0,0,0,0,UTI
1,1,1,1,0,0,0,0,1,0,0,1,0,1,1,0,0,1,0,0,0,0,0,1,0,1,Dengue
1,0,1,1,0,1,0,1,1,1,1,1,0,1,0,0,1,1,1,1,0,1,1,1,1,0,Meningitis
1,0,0,0,1,1,0,0,1,0,0,1,0,0,0,0,1,1,0,1,0,0,0,1,0,1,Meningitis
0,0,1,0,0,0,0,1,1,1,0,0,1,0,0,1,0,0,0,0,0,0,1,0,1,1,UTI
0,1,0,0,1,1,1,1,1,1,1,1,0,1,1,1,0,0,1,0,0,1,0,0,1,1,UTI
0,0,0,1,0,1,0,0,1,0,1,1,0,0,0,0,0,1,1,0,1,1,0,0,0,1,Pneumonia
0,1,0,1,0,1,0,0,1,0,1,1,0,0,1,0,1,1,0,1,1,1,1,0,1,1,Chickenpox
1,1,1,0,1,0,1,0,0,1,1,0,1,1,1,0,1,0,0,0,1,0,0,1,0,1,Hepatitis
1,1,1,0,0,0,0,1,0,0,1,1,0,1,0,0,0,1,1,1,1,1,0,1,1,1,Influenza
1,1,1,1,1,1,0,1,0,1,0,0,0,0,1,1,0,1,1,1,1,1,1,0,0,0,Asthma
0,1,1,1,1,1,0,1,1,1,0,0,0,1,0,1,0,0,0,0,0,0,0,1,1,0,Asthma
1,1,1,1,1,0,1,1,0,0,0,1,0,0,0,0,1,0,1,0,1,0,1,0,0,1,Arthritis
0,1,1,0,1,0,1,1,0,1,1,1,0,0,0,1,0,0,1,0,1,0,0,0,1,0,Malaria
0,1,0,1,1,0,0,1,0,1,1,1,1,0,1,1,1,0,0,0,0,0,1,1,1,0,Conjunctivitis
0,0,0,0,1,0,0,0,0,1,1,0,0,1,0,0,0,1,1,0,1,0,1,0,0,1,Asthma
0,0,1,1,1,0,0,0,0,0,0,1,1,0,0,1,0,0,1,1,1,0,0,1,1,0,Conjunctivitis
0,0,0,0,0,1,0,0,0,0,0,0,1,1,0,1,0,0,0,1,0,1,0,0,0,0,Migraine
1,1,1,1,1,1,1,1,0,1,1,0,0,1,1,1,0,0,1,1,0,1,1,1,0,1,Common Cold
1,1,0,1,0,0,0,0,1,0,1,0,1,1,1,0,0,0,0,0,0,1,0,0,0,1,Arthritis
1,1,0,1,1,1,0,1,1,1,1,1,0,0,0,0,1,1,1,1,0,1,0,1,0,0,Tuberculosis
1,0,0,1,0,0,1,1,1,0,0,0,0,1,1,1,1,0,0,0,1,1,0,0,1,0,Pneumonia
0,0,0,0,1,0,0,0,0,0,0,1,1,0,1,0,0,0,0,1,0,0,0,1,1,0,Dengue
1,1,1,1,0,0,0,1,1,1,1,1,0,0,0,0,0,1,0,1,0,0,0,0,0,0,Appendicitis
1,1,0,1,0,0,1,1,1,1,0,0,1,1,1,0,1,0,1,1,0,1,0,1,0,1,Appendicitis
1,1,0,1,1,1,0,0,0,1,1,0,0,1,0,0,0,1,1,0,1,0,0,0,0,0,Conjunctivitis
1,0,0,0,0,1,1,0,0,0,0,0,0,1,1,0,0,0,1,0,0,0,0,0,1,0,Appendicitis
1,1,0,1,0,0,1,0,1,0,1,1,0,1,1,1,0,0,1,1,0,1,1,1,0,1,Pneumonia
1,0,1,1,0,0,1,0,1,0,0,0,0,1,0,1,1,1,0,0,0,1,1,0,1,0,UTI
0,1,1,0,0,0,0,1,1,1,0,1,0,1,1,1,1,0,0,0,1,0,1,1,1,0,Typhoid
1,1,1,0,0,1,1,1,1,1,1,0,0,1,1,1,1,1,0,0,1,1,0,1,0,0,Common Cold
1,0,0,1,0,1,0,0,1,1,1,1,1,0,1,1,0,1,0,0,1,1,1,1,1,0,Conjunctivitis
1,0,1,1,0,1,1,0,0,0,0,1,0,1,1,0,1,1,0,0,1,1,1,0,1,0,Conjunctivitis
0,0,0,0,0,0,0,1,1,0,1,1,0,1,1,1,1,1,0,1,1,1,1,1,0,0,Tuberculosis
1,1,1,1,1,0,0,1,1,0,0,0,0,0,0,0,0,0,0,0,1,1,0,0,0,0,Pneumonia
1,0,0,1,0,1,1,1,1,1,0,1,1,0,0,0,0,1,0,0,1,1,1,0,1,0,Bronchitis
1,1,0,0,1,0,1,0,0,1,0,0,1,1,0,1,0,1,1,0,1,0,0,0,0,0,Heart Disease
1,0,1,1,0,0,0,0,1,0,1,0,0,0,1,0,0,1,1,1,1,1,0,1,0,0,Meningitis
0,1,1,0,0,1,1,0,1,0,1,0,0,0,0,0,1,1,0,1,1,0,0,0,0,0,Heart Disease
0,1,1,1,0,1,1,1,1,0,1,0,0,1,0,1,0,1,0,1,0,1,1,0,1,1,Meningitis
0,1,0,1,0,1,0,0,0,0,0,1,1,0,0,1,0,0,1,0,0,0,1,0,0,0,Arthritis
1,1,1,0,0,1,0,0,1,0,0,0,0,1,0,1,0,1,1,1,0,0,1,0,0,1,COVID-19
1,0,1,1,1,1,1,1,1,1,1,0,0,0,1,0,1,1,0,0,1,0,0,0,0,1,Bronchitis
0,1,1,0,1,0,0,0,0,1,1,1,1,0,1,1,0,1,1,1,0,1,0,0,1,0,Conjunctivitis
1,1,0,1,0,0,1,0,1,0,0,1,1,0,0,1,0,0,1,0,1,1,1,1,0,0,Chickenpox
0,0,1,1,0,0,0,1,1,1,1,0,0,1,0,0,0,1,1,0,1,0,1,1,0,1,Asthma
1,0,0,0,1,0,1,0,0,1,0,1,1,0,1,1,1,1,1,1,0,1,0,1,0,1,Meningitis
1,1,0,1,0,1,0,0,1,0,1,0,0,1,1,0,1,1,0,0,0,1,1,0,0,0,Meningitis
1,1,0,1,0,0,1,1,1,1,0,0,1,1,0,1,0,1,0,1,1,1,0,0,1,0,Asthma
1,1,1,0,1,0,0,0,0,1,1,1,0,1,0,1,1,0,1,0,0,1,0,1,0,0,Hepatitis
0,1,1,1,1,1,1,0,1,1,0,1,0,0,0,0,1,1,0,0,0,0,1,1,0,0,Gastroenteritis
0,0,0,1,1,1,1,1,0,0,1,0,0,0,1,1,0,0,1,1,0,1,0,1,1,0,Arthritis
0,0,0,1,0,1,0,0,0,0,0,0,0,0,1,0,1,0,1,1,1,1,1,0,1,1,Migraine
1,1,1,1,1,0,0,1,0,1,0,1,0,0,1,1,0,0,0,0,0,0,1,0,1,0,Influenza
1,0,0,1,0,1,0,0,1,1,1,1,0,1,0,0,0,1,1,0,0,0,1,1,0,1,Meningitis
0,0,1,1,1,0,1,0,1,1,0,0,0,1,0,0,1,1,1,0,0,1,0,1,0,0,Tuberculosis
1,0,0,0,1,0,0,1,0,1,1,1,1,0,0,1,1,0,1,0,1,1,1,1,0,1,Common Cold
1,1,1,0,0,1,0,1,1,0,0,1,1,1,0,0,0,0,1,1,1,0,1,0,1,0,Tuberculosis
0,0,1,1,1,0,1,1,1,1,0,1,0,0,1,0,1,1,1,0,1,1,1,1,1,0,Appendicitis
1,0,0,1,1,0,1,1,1,1,0,0,0,1,1,1,1,0,1,1,0,0,0,1,0,1,Dengue
0,1,1,1,0,1,0,1,1,0,1,0,0,0,0,0,0,1,1,0,1,0,0,0,0,0,Common Cold
1,0,1,1,1,0,1,1,1,0,0,1,1,1,0,0,1,0,0,0,0,1,1,0,0,0,Appendicitis
0,0,1,0,0,0,0,0,1,0,0,1,0,0,0,0,0,1,0,0,1,1,1,0,0,1,COVID-19
0,0,1,0,0,1,0,0,1,0,1,1,1,0,0,1,0,0,0,0,1,1,1,1,1,1,Influenza
1,1,0,1,1,0,0,1,0,1,1,1,1,0,0,1,0,1,1,0,1,0,0,1,0,0,Tuberculosis
0,0,1,0,1,1,0,0,0,0,0,1,1,0,0,0,1,0,1,0,1,1,1,1,1,0,Conjunctivitis
1,0,1,1,0,0,1,0,1,0,0,0,0,1,1,1,0,0,0,0,1,1,0,1,1,0,Gastroenteritis
1,1,1,0,1,0,0,0,0,0,0,1,0,1,0,1,1,1,0,0,0,0,1,1,1,0,Conjunctivitis
1,0,1,0,1,0,0,0,1,0,0,0,0,0,0,0,0,0,0,1,1,0,1,0,1,1,Migraine
1,1,0,0,0,0,0,1,1,1,1,0,1,1,0,0,0,0,0,1,0,0,0,0,0,0,Gastroenteritis
0,1,0,1,0,0,0,1,0,1,1,0,1,1,0,1,1,1,1,1,0,0,1,0,1,1,Gastroenteritis
1,1,1,1,1,0,0,1,0,1,0,0,0,0,1,1,1,1,0,1,1,0,0,0,0,1,COVID-19
1,0,0,1,0,0,1,0,1,0,0,1,1,0,0,0,1,1,1,1,1,0,1,0,0,1,Tuberculosis
0,1,1,1,1,1,0,0,0,0,1,0,0,1,1,1,1,1,1,1,1,0,0,1,1,0,UTI
0,0,1,1,0,0,0,1,1,1,0,1,1,1,1,0,0,0,1,0,1,0,1,1,0,1,Influenza
1,0,0,0,0,1,0,0,1,0,1,1,0,1,0,0,0,1,1,1,0,0,0,0,1,0,Influenza
1,1,1,0,1,0,1,0,0,1,1,1,1,1,1,0,0,1,0,0,0,1,0,1,1,0,Bronchitis
1,1,1,0,1,1,0,1,1,1,1,0,1,0,1,0,0,1,1,1,1,0,1,0,1,0,Meningitis
0,0,1,0,0,1,0,0,1,1,1,1,0,0,0,0,1,1,1,0,0,1,1,0,0,0,Meningitis
1,1,1,1,1,0,0,0,1,0,1,1,1,0,0,1,1,1,1,1,0,0,1,1,1,0,Gastroenteritis
1,1,0,1,1,0,1,0,1,0,1,1,0,0,0,0,0,0,1,1,0,0,1,1,0,0,Tuberculosis
0,0,0,0,0,0,0,1,1,1,0,1,1,1,0,1,1,0,1,0,1,1,0,1,1,0,Influenza
0,1,0,1,1,1,1,1,1,1,0,0,1,1,0,0,1,1,0,1,1,1,0,1,0,0,Migraine
0,0,1,1,1,1,0,0,1,1,0,1,0,0,0,0,1,1,0,1,1,1,0,1,1,1,Malaria
0,0,0,0,0,0,1,0,1,1,0,0,0,0,1,0,0,1,1,1,1,0,0,1,1,0,Tuberculosis
0,0,1,1,1,1,1,0,0,1,0,0,1,0,1,1,0,0,0,1,1,0,1,0,1,1,Common Cold
0,0,1,1,1,1,1,0,0,0,0,0,1,1,0,1,0,0,1,1,1,0,1,0,1,0,Common Cold
0,0,0,1,0,0,0,1,1,0,0,0,0,1,1,0,1,1,0,0,1,1,0,0,1,0,Bronchitis
1,0,1,1,1,0,0,0,1,0,1,0,1,1,1,1,1,1,0,1,0,1,1,0,1,0,COVID-19
0,1,0,1,1,0,0,1,1,0,1,1,1,0,0,1,0,1,1,0,1,0,1,1,1,1,Meningitis
0,1,1,1,1,0,0,0,1,1,1,0,1,0,0,1,1,1,0,0,0,0,1,0,0,0,Meningitis
0,1,1,1,0,0,1,1,0,0,1,0,1,1,0,1,1,1,0,0,1,1,1,1,1,0,Appendicitis
1,1,0,1,0,0,1,1,0,0,0,1,0,1,0,0,1,1,0,0,0,0,0,0,0,1,Food Poisoning
1,0,0,0,1,0,1,1,1,1,0,0,1,0,1,0,0,1,1,1,1,1,1,0,1,0,Hepatitis
0,0,0,1,0,0,1,0,0,1,1,0,0,0,1,0,1,0,0,0,1,1,0,0,0,0,Appendicitis
1,0,1,1,0,0,1,1,1,1,1,1,0,0,1,1,0,1,0,0,0,1,1,1,0,1,UTI
1,0,0,1,0,0,1,1,1,1,1,0,1,1,0,0,1,0,1,1,0,1,1,1,1,1,Tuberculosis
0,1,0,1,0,0,1,1,1,0,0,1,0,1,1,1,1,1,1,0,1,1,1,0,1,0,Arthritis
0,1,0,0,0,0,1,1,0,1,1,1,0,1,1,0,1,1,0,1,1,0,0,1,1,0,Appendicitis
0,1,1,1,1,1,0,1,1,0,1,0,0,0,1,0,0,0,1,1,1,0,1,0,0,1,Conjunctivitis
0,0,0,0,0,1,0,1,0,0,1,0,0,0,0,0,0,0,1,0,1,1,0,0,0,1,Tuberculosis
0,0,1,1,0,1,0,1,1,1,0,1,0,1,0,1,0,0,0,1,1,1,1,0,0,1,Migraine
1,0,1,0,0,0,0,1,0,1,0,1,1,1,0,1,1,0,1,0,0,0,1,0,0,0,Bronchitis
0,0,1,0,1,1,0,1,1,1,0,1,1,1,1,1,0,1,0,0,1,1,1,0,0,0,Migraine
0,0,0,1,1,0,1,1,0,1,1,1,0,0,1,1,0,0,1,1,1,0,1,1,1,0,Migraine
1,1,0,1,0,1,0,1,0,1,1,0,0,0,1,0,1,1,0,1,1,0,1,1,0,1,Chickenpox
0,0,0,0,1,0,1,1,0,0,1,1,1,1,0,1,0,0,0,0,0,1,1,1,1,1,Migraine
1,0,0,0,1,0,1,1,0,0,0,0,0,0,1,0,0,1,1,0,1,1,0,0,0,0,Pneumonia
0,0,0,1,1,1,1,1,0,1,0,0,0,1,0,0,0,1,0,0,0,0,1,0,0,0,Hepatitis
1,0,1,0,1,1,1,0,1,1,0,1,0,1,1,1,1,0,0,0,0,0,1,0,1,1,Conjunctivitis
0,1,1,1,1,1,1,1,1,0,0,1,0,0,0,0,0,1,0,0,0,0,1,0,0,1,Pneumonia
1,1,1,1,1,1,1,1,1,0,0,0,1,0,1,1,1,1,0,1,1,1,0,0,0,1,UTI
0,1,1,0,1,0,1,1,1,1,1,1,1,0,1,0,1,0,1,1,1,0,0,0,1,0,Heart Disease
1,0,0,0,0,1,1,1,1,0,0,1,1,1,0,0,1,0,0,1,1,0,0,1,0,0,Migraine
1,0,0,0,1,0,0,1,1,1,1,0,1,0,0,0,0,1,0,0,0,1,0,1,0,1,COVID-19
0,0,0,1,0,1,1,1,0,1,1,1,1,1,1,0,0,0,0,1,0,0,1,1,0,1,UTI
1,0,1,0,0,1,1,0,0,1,1,1,1,1,1,0,0,0,1,0,0,1,1,1,1,0,Asthma
1,1,0,1,0,0,0,1,0,1,0,0,1,0,0,1,1,0,0,0,0,1,1,0,0,1,Hepatitis
1,0,0,1,0,0,0,0,1,0,1,1,0,1,1,1,0,0,0,1,1,1,0,0,1,0,Tuberculosis
0,0,0,0,1,1,0,1,1,1,1,0,1,1,1,1,1,1,0,1,0,0,0,0,1,0,Chickenpox
0,0,1,1,0,0,1,1,0,1,0,1,1,0,1,1,0,0,0,0,0,1,0,0,1,1,Asthma
1,0,1,1,0,0,0,0,0,1,1,0,0,1,1,1,0,1,0,1,1,1,1,0,0,1,Pneumonia
1,1,0,0,1,0,0,0,1,0,1,1,0,1,0,0,0,0,1,1,1,0,0,1,1,0,Pneumonia
1,0,0,1,1,0,0,0,1,1,0,0,0,1,1,0,1,0,1,0,0,1,0,1,1,0,Influenza
1,0,0,0,0,0,1,1,0,1,0,1,1,1,1,1,0,0,1,0,0,0,1,0,0,0,Heart Disease
0,1,1,0,0,1,0,0,0,0,1,1,1,1,0,1,1,0,0,0,0,0,0,0,1,1,Bronchitis
1,1,0,1,1,1,1,0,1,0,0,1,1,1,0,0,0,0,0,0,1,1,0,1,1,1,Meningitis
1,0,0,0,0,1,1,0,0,0,1,0,1,0,1,0,1,1,0,1,1,0,0,1,0,1,Dengue
1,1,0,1,0,0,1,0,0,0,1,0,0,0,1,0,1,1,1,0,1,1,0,1,0,1,Asthma
1,0,0,0,1,1,1,1,1,1,0,1,0,0,1,0,1,1,0,1,1,1,1,0,1,1,Appendicitis
1,0,1,1,0,0,1,0,0,0,0,0,1,1,0,1,1,1,1,1,1,1,1,0,0,1,Tuberculosis
1,0,1,1,0,1,1,0,0,1,0,1,1,0,1,1,0,1,1,0,1,1,0,0,0,1,Gastroenteritis
1,0,0,1,0,0,1,0,1,0,1,0,1,0,1,1,0,1,0,0,0,1,1,1,1,0,Migraine
1,1,1,0,0,1,1,1,1,0,1,1,1,1,1,1,0,0,0,0,1,0,0,1,1,0,Food Poisoning
0,0,1,1,0,1,1,1,1,1,1,1,1,1,0,0,1,1,0,1,0,0,1,1,0,1,Chickenpox
1,1,0,0,1,0,0,0,0,1,1,0,1,0,1,0,0,0,0,1,1,0,1,1,0,0,Chickenpox
0,0,0,0,0,1,0,0,0,0,1,1,0,1,1,1,1,0,0,1,0,0,1,1,1,0,UTI
1,1,1,0,0,1,0,0,1,1,0,0,0,0,0,0,0,1,1,0,1,0,1,0,0,1,Common Cold
0,0,1,0,0,0,0,1,1,1,1,1,1,1,0,0,1,1,1,0,1,1,1,0,1,1,Malaria
0,1,1,1,1,0,0,1,1,0,0,1,1,0,0,0,0,1,0,0,0,0,1,0,1,0,Dengue
0,1,1,0,0,1,0,0,1,1,1,0,1,0,0,0,0,1,0,1,0,1,1,1,0,1,Influenza
0,0,1,1,1,1,0,1,1,0,0,1,0,0,0,0,0,1,1,0,1,0,0,0,0,1,Heart Disease
1,0,1,0,1,0,1,1,1,1,0,0,0,0,1,1,1,1,1,0,1,0,0,0,1,0,Heart Disease
1,0,0,0,0,0,0,1,1,0,1,1,1,1,1,0,0,0,0,0,0,1,1,1,0,0,Dengue
1,0,0,1,1,1,0,1,0,0,1,1,1,1,0,1,1,0,1,0,0,1,0,1,0,0,Bronchitis
0,1,1,1,1,0,0,0,0,0,0,0,1,1,1,1,0,1,1,1,1,1,0,0,0,1,Arthritis
0,1,0,1,1,1,0,0,1,1,1,1,0,1,0,1,0,0,0,1,1,1,1,1,0,1,Bronchitis
0,1,0,1,0,0,0,0,0,1,0,0,1,0,1,0,1,1,0,0,0,1,1,1,1,0,Meningitis
1,0,1,0,0,0,0,0,0,0,1,1,0,0,1,0,1,1,0,0,1,0,1,0,1,0,Gastroenteritis
0,0,1,1,0,1,0,1,0,1,1,1,1,0,0,1,1,1,0,0,0,1,0,1,0,1,UTI
1,1,0,1,0,1,0,1,1,0,0,0,1,0,1,0,1,0,1,1,1,0,0,1,0,0,Hepatitis
0,1,1,0,0,0,1,0,1,0,1,1,0,0,1,0,1,0,1,1,0,0,0,1,1,1,Heart Disease
0,1,1,0,0,1,1,1,0,0,0,1,0,1,1,0,1,1,1,0,1,1,0,0,1,1,Hepatitis
1,1,0,0,0,1,0,0,0,1,0,1,0,0,1,1,1,1,0,1,1,1,1,0,1,1,Meningitis
0,0,1,1,0,1,0,1,0,1,1,1,1,0,0,1,1,1,1,0,1,0,0,1,0,1,Migraine
0,1,1,1,1,1,0,1,1,0,1,1,0,0,0,0,1,0,0,1,0,0,0,1,0,0,Migraine
0,0,1,0,0,1,0,0,0,1,0,0,1,1,1,0,1,1,0,0,1,1,0,0,1,0,Bronchitis
1,1,1,0,0,1,0,1,0,0,1,1,1,0,0,1,1,0,0,1,1,1,0,1,1,1,Pneumonia
1,0,0,0,1,0,1,1,0,0,0,1,0,1,1,1,0,1,0,0,0,1,1,0,1,1,Typhoid
0,1,0,0,1,0,1,0,1,1,1,1,0,0,1,1,1,1,1,1,1,0,1,0,1,1,Influenza
1,0,1,0,0,0,1,0,1,1,0,0,0,0,1,1,0,1,1,1,1,0,1,0,1,1,Dengue
0,0,1,1,1,1,0,0,0,1,0,0,0,1,0,0,1,0,0,1,0,1,0,1,0,0,Dengue
1,0,0,0,0,1,1,1,0,1,0,0,1,1,0,1,1,1,0,0,1,1,0,0,1,0,COVID-19
1,0,1,0,0,0,0,0,0,0,1,1,0,1,0,0,0,1,0,0,0,0,0,0,1,0,UTI
1,0,1,0,0,0,1,1,0,0,1,0,1,0,1,1,0,0,1,0,1,0,0,1,1,1,Migraine
0,1,1,1,1,0,0,0,1,1,1,0,0,1,1,1,0,0,0,1,0,1,0,0,1,1,Asthma
0,1,1,0,0,1,0,1,0,1,1,1,0,1,0,1,1,1,0,0,1,0,0,0,1,0,Tuberculosis
1,1,0,0,1,0,0,0,0,0,1,1,0,1,1,1,0,1,0,0,1,1,1,0,1,1,UTI
0,0,0,0,1,0,1,0,0,1,0,0,1,1,1,0,0,0,1,1,1,1,1,1,1,0,Chickenpox
0,0,0,0,0,0,1,0,0,0,1,0,0,1,1,1,1,1,0,0,0,1,0,0,1,1,Meningitis
0,1,1,0,1,1,1,0,0,1,1,0,1,1,0,0,1,0,0,0,0,0,1,0,1,0,Arthritis
1,0,0,0,0,1,0,0,1,0,0,0,0,0,0,1,1,0,1,0,0,0,1,0,0,0,Conjunctivitis
1,0,0,1,0,1,1,1,1,0,1,1,0,0,1,1,0,0,1,1,0,0,1,1,1,0,Appendicitis
1,1,1,1,0,1,0,0,0,1,1,0,1,1,1,0,0,1,0,1,0,1,1,1,1,1,Gastroenteritis
0,1,0,1,1,0,0,0,0,1,1,0,0,0,1,1,0,1,0,0,0,1,1,0,0,0,Typhoid
1,0,0,0,1,0,0,1,1,0,1,1,1,1,1,1,0,1,1,0,1,1,0,1,1,0,Dengue
1,0,1,1,1,0,1,0,1,1,0,1,1,0,0,0,0,0,0,0,0,1,0,1,1,1,Bronchitis
1,1,0,0,0,1,1,1,1,1,1,1,0,0,0,0,0,1,1,1,0,0,0,1,1,0,Conjunctivitis
0,1,1,1,0,0,1,0,0,0,1,1,0,1,0,1,1,1,1,1,1,1,0,0,1,0,Influenza
1,1,0,0,0,1,0,0,0,1,1,1,0,0,1,0,0,0,0,0,1,0,0,0,0,1,Gastroenteritis
1,1,0,0,1,1,0,0,1,0,0,0,1,1,0,0,0,0,0,0,1,1,0,0,1,0,Heart Disease
1,1,1,1,0,1,0,1,1,1,1,1,1,1,1,1,1,0,1,1,1,0,1,1,1,1,Dengue
0,0,1,0,1,0,0,1,1,1,0,0,0,1,0,0,1,0,0,0,0,1,1,1,1,0,Asthma
1,1,0,1,0,0,0,0,0,0,0,1,0,0,0,0,1,0,0,1,0,0,1,0,1,0,Conjunctivitis
1,1,0,0,1,1,0,0,0,0,1,0,0,1,1,0,0,1,1,0,0,0,0,1,0,0,Malaria
0,1,0,1,1,0,0,1,0,0,0,0,1,0,0,0,1,1,0,1,0,0,0,1,0,1,Migraine
0,0,0,0,0,1,1,0,0,0,0,1,1,1,0,0,0,0,1,0,1,1,1,1,0,1,COVID-19
0,1,1,0,1,0,0,1,1,0,1,0,0,1,1,0,0,1,1,0,0,0,1,0,1,1,Heart Disease
1,0,1,0,0,0,0,0,0,1,0,1,0,0,0,0,1,1,1,1,0,0,1,1,1,0,Malaria
0,1,0,1,1,1,0,1,1,0,0,0,1,1,1,1,1,0,1,1,1,0,1,0,1,1,Appendicitis
0,1,1,0,1,1,1,1,1,0,0,1,0,0,0,1,0,0,0,0,1,0,1,0,0,0,Appendicitis
0,1,1,0,1,0,0,1,0,0,0,1,1,0,0,1,1,1,1,1,0,1,0,0,1,1,Chickenpox
1,1,0,1,1,0,0,1,1,1,1,0,0,0,1,0,1,1,0,0,0,1,0,1,0,0,Arthritis
1,0,1,0,0,0,0,0,1,1,1,0,0,1,1,0,1,1,1,1,0,1,0,0,0,1,Common Cold
1,0,1,1,0,0,1,1,0,1,0,0,0,0,0,0,0,0,0,0,0,1,0,0,0,0,COVID-19
1,1,0,1,0,1,1,1,0,1,1,0,1,1,1,1,0,0,0,1,0,0,1,0,1,0,Meningitis
0,1,1,0,1,0,0,0,1,0,0,1,1,1,0,0,0,0,0,0,0,0,1,1,0,0,Bronchitis
0,1,1,1,1,1,0,0,1,0,1,1,0,1,1,0,0,1,0,0,0,1,0,1,1,1,Meningitis
1,0,1,1,1,1,1,1,0,1,0,1,1,1,1,0,1,1,0,1,1,0,0,1,1,0,Food Poisoning
1,1,1,1,0,1,1,0,1,0,1,1,0,0,1,0,1,0,1,0,1,1,0,1,0,1,Heart Disease
1,0,0,0,0,1,1,0,0,1,0,1,1,1,0,0,0,0,1,1,1,1,0,0,0,1,Pneumonia
0,1,0,1,1,1,0,1,0,0,1,0,1,0,0,0,0,1,1,1,0,0,0,1,0,1,Typhoid
1,1,1,0,1,1,1,1,1,1,0,0,0,1,1,0,1,1,0,0,1,0,1,0,0,1,Influenza
1,1,1,0,1,0,0,1,1,1,1,0,0,1,1,1,1,0,1,1,0,0,0,1,1,0,Hepatitis
1,0,0,1,0,0,0,1,1,0,0,1,0,0,0,0,1,0,0,1,1,1,1,0,0,1,Tuberculosis
1,0,1,1,0,1,1,1,0,1,0,0,0,0,0,0,1,1,1,1,0,1,0,1,1,1,Chickenpox
1,1,1,1,0,0,1,0,0,1,1,0,1,0,0,1,1,1,1,1,0,1,1,0,0,0,Pneumonia
0,1,1,0,0,1,1,1,0,1,0,0,1,0,0,0,0,1,1,1,0,1,0,0,1,1,Migraine
0,1,1,1,0,0,1,0,1,1,0,1,0,0,1,1,0,0,1,1,0,0,0,0,0,0,Arthritis
1,0,1,0,1,0,0,1,1,0,0,1,1,0,1,0,1,0,0,1,0,1,0,1,0,0,Dengue
1,0,0,1,1,0,1,1,1,1,0,0,1,1,1,1,0,1,1,1,0,0,0,1,0,0,Common Cold
0,1,1,1,1,1,1,0,1,1,0,0,1,0,1,0,0,0,1,0,0,0,0,1,1,1,Bronchitis
1,0,0,1,1,0,0,1,1,0,1,1,0,1,1,0,0,1,1,0,0,0,0,0,0,1,Common Cold
1,0,0,0,1,1,0,0,0,1,0,1,1,1,1,0,0,0,1,0,1,0,1,1,1,0,Chickenpox
0,0,0,0,0,0,1,1,0,0,0,0,1,0,0,0,1,0,1,1,1,1,1,0,1,1,Typhoid
1,1,1,1,1,1,1,1,0,0,1,1,1,0,1,1,0,0,0,1,0,1,1,1,1,1,Common Cold
1,0,0,0,0,0,1,1,1,0,1,1,1,1,0,1,0,0,0,0,1,1,1,1,0,1,Bronchitis
0,1,0,1,0,1,0,0,0,1,0,0,1,1,0,0,0,0,1,0,1,1,1,0,1,0,Chickenpox
0,1,0,1,1,0,0,1,0,0,0,1,1,0,1,1,0,1,1,1,1,0,0,1,0,0,COVID-19
1,1,1,1,1,0,1,1,1,0,1,0,1,0,1,1,0,0,1,1,1,1,1,1,1,1,Gastroenteritis
1,1,0,1,1,1,1,0,1,1,0,0,1,0,0,1,1,1,1,1,1,1,0,1,1,0,Dengue
1,0,0,1,0,0,1,1,1,1,0,0,0,1,1,0,1,1,1,0,1,1,0,0,1,1,COVID-19
1,0,1,0,1,0,0,0,0,0,0,1,0,1,1,0,0,1,0,1,0,1,0,1,0,0,Conjunctivitis
0,0,0,0,1,1,0,1,0,1,1,1,0,0,0,0,0,1,0,1,0,1,1,0,1,1,Typhoid
0,1,0,1,1,1,0,1,1,0,0,0,1,1,1,0,0,1,1,0,0,1,0,1,0,1,Food Poisoning
0,1,0,0,1,1,1,1,0,1,0,0,0,0,1,0,0,1,0,1,1,1,1,0,1,1,Conjunctivitis
1,1,1,1,0,1,1,1,0,1,1,0,0,0,0,1,0,0,0,1,1,0,1,0,0,0,Arthritis
0,0,0,0,1,1,0,1,1,0,1,1,0,1,0,1,0,1,1,0,1,0,0,1,0,1,Migraine
1,0,1,1,1,1,0,0,1,1,0,1,0,0,1,0,1,0,0,0,0,1,0,0,1,0,Hepatitis
1,1,0,1,1,1,0,0,1,0,1,1,0,1,1,0,0,0,1,0,1,0,0,1,0,1,Food Poisoning
0,1,1,0,1,0,0,1,0,1,1,0,0,1,1,1,1,1,0,1,0,0,0,0,0,0,UTI
0,1,1,0,0,1,0,0,0,0,0,1,1,1,0,0,1,1,0,0,0,0,1,1,0,1,Bronchitis
0,1,1,0,0,0,0,1,0,0,0,0,0,1,0,0,1,1,0,1,0,1,1,0,0,1,Conjunctivitis
0,1,0,0,0,0,0,0,1,0,1,0,1,1,0,0,1,1,1,1,1,0,0,1,1,0,Hepatitis
1,1,0,0,0,1,1,1,0,0,1,1,0,1,0,0,0,0,1,1,1,0,0,0,0,1,Meningitis
1,0,0,0,1,0,0,0,0,1,0,0,0,0,1,1,1,1,0,1,1,1,1,0,0,1,Common Cold
1,0,0,1,1,1,1,0,0,1,1,0,0,0,0,1,1,1,1,1,1,1,1,0,0,0,UTI
1,1,0,1,0,1,1,1,1,0,0,1,1,0,0,1,0,1,1,1,0,0,1,0,0,1,Gastroenteritis
0,1,1,1,1,1,1,0,0,1,0,0,1,1,1,1,1,1,1,1,0,0,0,1,0,0,Tuberculosis
0,0,1,1,1,0,0,1,1,1,0,1,1,0,1,1,1,0,1,0,1,1,0,1,1,1,Chickenpox
0,0,1,1,0,1,1,1,0,0,1,1,1,1,1,0,0,0,1,0,1,0,0,0,0,1,Asthma
1,1,0,1,0,1,0,1,1,1,1,0,0,0,0,0,0,0,0,0,0,0,1,1,1,1,Dengue
1,1,0,0,1,1,1,1,1,0,0,0,1,0,0,1,1,0,1,1,0,1,0,1,0,0,Hepatitis
1,1,0,1,1,0,1,0,0,1,1,0,0,1,0,0,1,1,1,1,0,0,0,1,0,1,Tuberculosis
1,1,0,1,0,1,0,1,1,1,0,0,1,0,0,0,1,0,0,0,1,1,0,1,0,1,Tuberculosis
0,0,1,0,0,0,0,0,1,0,0,1,1,0,1,0,1,0,0,0,0,0,0,0,0,1,Migraine
1,0,0,0,0,1,1,0,1,0,1,1,0,1,1,0,1,1,0,1,0,0,1,1,0,1,Pneumonia
1,1,1,1,0,0,1,1,0,0,0,1,1,0,0,0,0,0,1,0,0,0,0,0,0,0,Typhoid
0,1,1,0,0,0,0,1,0,0,0,1,0,0,0,1,0,1,1,0,0,1,1,0,0,1,Gastroenteritis
1,1,1,0,0,0,0,0,0,1,1,0,1,0,1,0,0,0,1,1,0,1,0,1,1,1,Malaria
1,1,0,0,1,1,0,1,0,1,0,0,0,1,1,0,1,1,0,1,1,1,0,0,0,0,UTI
1,1,1,1,1,1,1,0,0,1,1,0,1,0,1,1,1,0,1,0,1,1,1,0,1,1,Common Cold
1,1,0,0,0,1,1,1,1,0,1,1,0,0,1,1,0,1,1,0,0,0,1,1,0,0,Typhoid
0,0,1,0,1,1,1,0,0,1,0,1,1,1,1,0,1,0,1,1,0,0,1,1,0,0,Malaria
0,1,0,1,1,0,1,0,1,0,0,0,0,0,1,0,0,0,0,0,1,0,0,0,1,0,Tuberculosis
1,1,1,0,0,1,0,1,0,1,1,1,1,0,0,0,0,1,0,1,1,0,1,0,1,1,Typhoid
0,0,1,0,1,0,1,1,0,0,1,1,1,0,0,0,1,0,1,0,1,0,0,1,0,1,Bronchitis
1,0,0,1,1,1,0,1,1,1,0,1,0,0,1,1,0,1,1,0,1,1,1,0,1,1,Typhoid
1,0,1,1,1,1,1,1,1,0,0,0,1,0,1,1,1,0,1,1,1,1,1,0,0,0,Asthma
1,0,1,1,1,0,1,1,0,0,0,1,1,1,1,0,1,0,1,0,1,0,0,1,0,0,Common Cold
0,0,0,1,0,0,0,1,1,0,0,1,1,1,1,1,0,0,1,1,1,0,1,1,0,0,Gastroenteritis
0,0,0,1,0,1,0,1,0,0,0,1,0,0,1,0,1,0,0,0,1,1,1,1,0,0,Food Poisoning
1,1,0,1,0,1,1,1,0,1,1,0,0,0,1,0,1,0,0,1,0,1,1,1,1,0,Typhoid
1,1,0,0,1,0,1,0,0,0,1,1,1,1,1,1,1,0,0,0,1,1,0,1,1,0,Arthritis
0,0,0,1,1,0,1,0,1,1,1,0,1,1,0,0,0,1,1,0,0,0,0,1,1,1,Gastroenteritis
0,0,0,0,0,1,0,1,1,1,0,0,0,1,1,1,0,1,0,1,1,1,0,0,1,0,COVID-19
0,0,1,1,0,0,0,0,0,0,0,1,0,0,1,0,0,1,1,1,1,0,1,1,1,1,COVID-19
0,1,1,1,1,1,0,0,0,1,1,0,0,0,1,1,1,1,0,1,0,1,0,1,1,1,COVID-19
0,0,0,1,1,1,0,1,0,0,0,0,1,0,1,1,0,1,1,1,1,1,0,0,1,0,Pneumonia
1,1,1,1,1,1,1,1,1,0,1,0,0,1,1,1,0,0,0,0,1,1,1,1,1,0,Bronchitis
1,0,0,1,0,1,1,1,1,0,0,0,0,0,1,0,1,1,0,0,0,1,0,1,1,0,Tuberculosis
1,1,1,1,0,0,1,0,1,1,0,1,1,0,0,1,0,0,1,1,0,0,1,1,0,0,Tuberculosis
0,0,1,1,0,1,1,1,1,0,0,0,1,0,1,0,0,0,0,1,1,0,0,1,1,1,COVID-19
0,1,0,1,0,0,1,0,1,1,0,0,0,0,0,0,1,1,0,0,0,1,0,0,0,1,Hepatitis
0,0,1,0,1,0,0,0,0,1,0,0,0,1,1,1,0,0,0,1,0,0,0,1,0,0,UTI
0,1,1,0,0,1,0,1,1,0,1,1,1,0,1,0,0,1,0,0,1,0,1,0,0,1,Influenza
0,0,0,0,1,1,0,1,0,0,0,1,0,1,1,0,1,0,1,0,1,0,1,1,1,1,Heart Disease
1,0,1,1,1,0,0,1,1,1,0,0,1,0,1,1,0,1,0,0,1,0,0,1,1,1,Meningitis
0,1,0,0,0,0,1,1,0,0,0,0,1,0,0,1,1,0,1,0,0,1,1,1,1,1,Tuberculosis
0,0,1,0,1,0,0,1,1,1,1,0,1,0,1,1,1,0,0,1,0,1,1,1,0,0,UTI
1,1,0,0,1,1,1,1,0,1,0,0,1,1,0,0,0,1,0,0,0,0,0,1,0,0,Asthma
0,1,1,1,0,0,1,0,0,1,0,1,1,0,0,1,1,1,0,1,1,1,0,0,0,1,Migraine
0,1,0,0,0,0,0,1,0,0,0,1,1,0,0,1,0,1,0,0,1,0,1,0,0,1,Tuberculosis
1,1,1,0,1,0,0,0,1,0,1,1,1,0,0,1,0,1,1,1,1,1,0,1,1,0,Conjunctivitis
1,0,0,1,0,0,1,0,0,1,1,0,0,1,0,0,0,1,1,0,1,0,1,0,0,0,Typhoid
0,0,1,0,0,0,0,1,1,0,0,1,0,0,1,1,0,1,1,1,0,1,0,1,0,1,Bronchitis
1,0,1,1,1,0,1,1,1,1,0,0,0,0,0,1,0,1,1,0,1,1,0,0,1,1,Influenza
1,0,0,0,0,1,1,1,0,1,0,0,1,1,0,1,1,0,1,0,0,0,1,1,0,0,Pneumonia
1,0,0,0,0,0,0,0,1,0,1,0,1,0,0,1,0,0,0,0,0,1,1,1,0,1,Chickenpox
1,1,1,0,1,1,0,1,1,0,0,1,0,0,1,1,0,1,0,0,1,0,1,0,1,1,Chickenpox
0,1,1,1,0,0,0,0,0,0,0,1,0,1,1,1,0,0,1,1,1,1,0,0,0,1,Asthma
0,1,1,0,1,0,1,1,0,0,1,1,1,0,1,1,0,0,0,1,1,1,1,0,0,1,Food Poisoning
0,1,0,1,1,1,1,1,0,0,1,0,0,1,0,1,0,1,0,0,1,1,1,1,0,0,Common Cold
0,0,0,1,1,1,1,0,0,1,0,1,1,0,1,1,1,0,0,0,0,1,1,1,1,0,Chickenpox
1,0,0,0,1,1,1,1,0,0,0,0,1,1,1,1,1,0,0,0,1,1,0,0,0,0,Dengue
0,0,0,0,0,0,1,0,1,0,1,0,1,1,1,1,1,1,0,0,1,1,0,0,0,0,Conjunctivitis
1,0,1,1,1,1,1,1,1,1,1,0,0,1,0,0,1,1,0,0,1,1,1,1,0,0,Heart Disease
1,1,1,1,1,1,1,0,1,1,1,0,1,0,0,0,1,1,0,0,1,0,0,0,0,1,Pneumonia
1,0,1,0,0,1,1,1,0,1,0,0,0,1,0,0,0,1,1,0,1,1,1,0,1,1,Arthritis
1,0,1,1,0,0,0,0,0,1,1,0,1,1,0,0,1,0,1,1,0,0,1,0,0,0,Food Poisoning
0,1,1,1,1,1,0,1,0,1,0,1,0,0,0,1,0,0,0,0,1,1,1,1,0,0,Influenza
1,1,1,0,0,0,0,1,0,1,0,0,0,1,1,0,1,0,0,1,1,1,1,0,0,0,Malaria
1,1,1,1,0,1,0,1,0,1,1,0,0,1,0,0,1,0,0,0,1,0,1,1,0,0,Hepatitis
0,0,1,0,0,0,1,0,1,0,0,0,1,1,0,0,0,1,1,0,1,0,1,1,0,0,Dengue
0,0,0,1,0,0,0,1,1,1,0,0,0,0,0,0,0,0,0,0,1,0,1,1,1,0,Food Poisoning
1,1,0,1,0,1,1,1,0,0,0,0,1,0,1,1,1,1,0,1,1,0,1,1,1,1,Food Poisoning
0,1,1,0,1,0,1,1,0,0,1,0,1,0,0,0,1,1,0,0,1,1,0,1,0,0,Meningitis
0,0,1,1,0,1,0,0,1,1,0,0,1,1,0,1,1,0,0,0,1,1,1,0,0,1,Typhoid
0,0,1,1,0,1,0,0,0,0,1,0,1,0,1,1,0,0,1,1,0,1,1,1,1,1,Hepatitis
0,1,0,0,1,0,0,1,0,0,1,1,0,1,1,0,1,0,0,0,1,1,1,1,0,1,Influenza
0,1,1,0,1,1,1,0,0,1,0,1,1,1,1,1,0,1,1,0,0,1,1,0,0,1,UTI
0,1,1,0,1,0,0,1,1,1,1,0,0,0,1,0,1,1,1,0,1,1,0,0,1,0,Appendicitis
1,1,1,0,0,1,1,1,1,1,0,1,1,0,1,0,1,1,0,1,1,0,1,0,0,0,Conjunctivitis
1,1,0,0,1,0,0,0,0,0,0,1,0,1,0,0,0,0,0,1,0,1,1,0,0,1,Conjunctivitis
1,0,0,1,0,1,0,1,0,1,0,1,0,1,0,1,1,0,0,0,1,1,0,1,1,0,Appendicitis
1,0,0,0,1,0,0,0,1,0,0,1,1,1,0,0,1,0,0,1,1,0,0,0,0,1,UTI
1,1,0,1,0,0,0,1,0,0,1,0,0,0,1,0,1,0,0,1,0,1,1,1,1,0,Malaria
1,0,0,1,0,1,1,0,0,1,0,0,1,1,1,1,1,0,0,1,0,1,0,0,1,1,Migraine
0,0,1,1,1,1,1,1,1,1,1,0,1,1,0,0,0,1,1,0,1,0,0,1,0,0,Migraine
0,1,0,1,0,1,0,0,0,1,0,1,1,1,0,0,1,0,1,0,1,1,1,1,0,1,Heart Disease
0,1,0,0,0,0,1,1,0,1,0,0,0,0,0,1,0,0,1,0,1,0,0,0,1,1,Meningitis
0,1,0,0,1,0,1,1,0,0,1,0,0,1,1,0,1,0,1,1,1,1,1,0,1,0,Chickenpox
1,0,1,0,1,0,1,1,0,0,0,1,0,1,0,0,0,0,1,1,1,1,1,0,1,1,UTI
1,0,1,1,0,0,0,0,0,0,0,0,0,1,0,0,0,0,1,1,1,0,1,1,1,1,Pneumonia
1,1,0,0,1,1,1,0,1,1,0,0,1,1,0,1,1,0,0,0,0,0,1,0,1,0,Food Poisoning
0,1,1,0,0,1,1,0,1,0,0,1,1,0,0,0,1,0,0,1,1,1,1,0,1,1,Meningitis
1,0,1,0,0,1,0,0,1,0,0,0,1,0,1,1,0,0,0,0,0,1,1,0,1,1,Influenza
1,0,0,1,0,0,1,1,0,1,0,0,1,0,1,0,1,1,0,0,1,0,0,1,1,0,UTI
1,1,1,0,0,1,0,0,0,0,1,0,1,0,1,0,0,0,0,1,1,1,0,1,1,1,Hepatitis
1,1,1,0,1,0,1,1,1,1,1,0,0,0,0,1,0,0,1,1,1,0,1,0,0,1,COVID-19
0,0,0,0,0,0,0,0,1,1,1,1,1,1,0,0,1,0,1,0,0,0,1,1,1,1,Typhoid
0,1,0,0,1,0,0,1,1,1,0,1,1,0,0,0,1,1,1,1,1,0,0,1,1,0,Influenza
0,1,0,0,1,0,1,0,1,0,0,0,0,0,0,0,0,0,1,1,1,1,1,0,0,0,Migraine
0,0,0,0,0,0,1,0,0,1,0,1,1,1,0,1,1,0,0,1,1,0,1,0,0,1,Food Poisoning
1,1,1,1,0,0,1,0,1,0,0,0,0,1,0,1,0,0,1,0,0,1,1,1,0,0,Bronchitis
1,1,1,1,1,1,0,0,1,1,0,1,1,0,0,1,1,0,0,1,0,1,0,0,1,0,Typhoid
1,0,1,1,1,0,0,1,0,1,1,0,0,0,1,0,0,0,0,0,1,0,0,1,1,1,Hepatitis
0,1,1,0,1,0,1,0,1,0,0,0,0,0,1,0,0,0,1,0,1,1,0,0,1,0,Food Poisoning
0,0,1,1,0,0,0,1,1,0,1,1,0,1,0,0,1,0,1,0,1,0,0,1,0,1,Pneumonia
1,1,1,1,0,0,0,0,1,0,1,0,1,1,0,0,0,1,0,1,0,0,0,0,1,1,Tuberculosis
1,0,1,1,1,0,1,0,1,0,0,0,0,0,0,1,0,1,0,0,1,0,1,1,1,0,Gastroenteritis
1,1,1,0,0,0,1,1,1,1,1,0,1,1,1,1,0,1,0,1,0,1,1,1,1,0,Food Poisoning
0,0,0,0,1,0,0,1,1,1,0,1,0,1,0,1,1,0,1,0,0,1,0,1,0,1,Influenza
1,0,0,1,1,1,0,1,1,1,0,1,0,0,1,1,1,0,1,0,0,1,0,1,0,0,COVID-19
1,0,0,1,0,1,0,0,1,1,1,1,1,1,1,0,1,0,0,1,0,0,1,1,0,0,Hepatitis
1,1,1,1,1,1,0,0,1,1,1,0,0,1,0,0,1,0,0,1,1,0,0,0,0,0,Arthritis
0,0,1,1,1,1,0,1,0,0,1,1,0,0,0,0,0,0,1,1,0,1,1,0,0,1,Appendicitis
1,1,1,1,1,1,1,0,1,0,0,0,1,0,1,0,0,1,1,1,1,1,0,0,0,0,Pneumonia
1,1,0,1,1,0,1,0,0,1,1,1,0,1,1,1,1,0,0,1,0,1,0,0,0,0,Appendicitis
0,0,0,1,1,1,0,1,1,0,1,0,1,0,0,0,1,0,0,1,1,0,0,1,1,0,Common Cold
1,1,1,0,0,1,1,0,1,1,0,0,0,0,0,1,1,1,0,1,0,1,0,0,0,1,Pneumonia
1,0,0,0,1,0,1,1,1,1,0,1,1,1,0,1,1,0,0,0,0,0,0,1,0,1,Arthritis
0,1,1,1,1,1,1,0,0,1,1,1,1,0,0,0,0,1,1,1,0,1,1,0,1,1,Typhoid
0,0,0,1,1,1,0,0,1,1,0,1,0,0,1,1,0,1,1,0,0,1,0,1,0,0,Gastroenteritis
1,0,0,1,0,1,1,1,0,0,1,1,1,1,1,0,0,0,1,0,1,1,1,0,0,0,Malaria
0,1,0,1,1,1,0,0,1,1,0,0,1,0,1,0,1,1,1,1,0,1,1,1,0,1,Malaria
0,1,0,1,0,1,0,0,0,0,0,1,0,0,1,1,1,0,0,1,0,1,0,0,0,0,Bronchitis
1,1,1,0,1,1,0,1,0,0,1,0,0,0,1,1,1,0,1,0,1,0,0,0,1,1,Asthma
1,0,1,1,0,1,0,0,1,0,1,0,1,1,0,0,1,0,1,1,1,1,1,0,0,1,Migraine
1,0,0,1,0,1,1,1,1,0,0,1,0,0,1,1,0,1,1,0,0,0,1,1,0,1,Conjunctivitis
0,0,0,1,1,0,0,1,0,0,0,1,1,1,1,1,0,1,1,0,0,0,0,1,0,0,Asthma
1,0,0,0,1,1,0,1,1,0,1,1,1,0,1,0,1,1,0,0,1,1,0,0,1,0,Food Poisoning
1,1,0,0,1,1,1,1,0,0,1,0,0,0,0,0,0,0,0,1,1,1,0,1,0,1,Asthma
0,0,0,0,0,0,0,1,1,0,1,0,1,0,0,0,1,1,1,1,0,0,0,0,0,0,Food Poisoning
1,0,1,0,0,0,1,0,1,0,0,1,0,1,0,1,1,0,0,1,1,1,1,1,0,1,UTI
0,1,1,1,1,1,0,0,1,1,0,1,1,0,1,1,1,1,0,1,1,0,1,0,1,1,Meningitis
1,1,1,0,1,1,1,1,1,0,0,0,0,0,1,1,1,1,1,0,0,1,0,0,0,0,COVID-19
0,0,1,0,1,1,1,1,1,1,0,1,0,1,1,0,0,1,1,1,1,1,1,0,0,0,Heart Disease
0,0,0,0,1,0,1,1,0,1,1,1,1,1,0,1,0,1,1,0,1,0,1,1,0,0,Conjunctivitis
0,1,1,1,1,1,0,0,0,1,0,1,1,0,1,0,1,1,1,1,1,0,0,0,1,0,Typhoid
1,0,0,1,1,1,1,1,1,0,1,1,1,1,1,0,0,1,1,1,0,1,0,0,0,1,Dengue
0,0,1,0,0,1,1,1,1,0,1,0,0,0,1,1,0,0,0,1,0,1,1,1,1,1,Food Poisoning
0,0,1,1,0,0,1,1,1,1,1,0,1,0,1,1,1,0,1,0,0,0,1,0,0,1,Dengue
1,0,1,1,0,0,0,1,0,0,0,1,1,0,0,1,0,0,1,1,1,1,0,1,0,1,UTI
1,0,1,1,1,1,1,1,1,1,1,1,1,1,1,1,1,1,1,1,1,0,0,0,0,1,UTI
1,1,1,1,0,1,0,0,1,1,1,0,0,0,1,1,0,0,1,1,1,0,0,0,1,1,Common Cold
0,1,0,1,0,1,0,0,0,0,1,1,1,0,0,1,0,0,1,1,0,1,0,1,1,1,Typhoid
1,1,0,0,0,0,0,0,1,1,1,1,1,0,0,1,0,1,1,0,1,0,1,0,1,0,Appendicitis
0,0,0,0,1,1,1,0,0,0,1,1,1,1,0,0,0,0,1,1,1,0,1,1,0,1,Arthritis
1,0,0,1,1,1,0,1,1,1,0,1,1,1,1,1,0,1,1,1,1,0,0,1,1,0,Influenza
1,0,0,0,0,1,0,1,1,0,0,0,0,1,1,0,0,1,0,1,0,1,1,1,1,1,Tuberculosis
0,1,0,1,0,1,0,1,1,1,0,1,0,0,1,0,1,1,1,1,0,1,1,0,1,0,Bronchitis
1,0,0,1,0,0,0,1,1,1,1,1,1,1,1,1,1,1,0,0,1,0,0,1,1,1,Influenza
1,1,1,0,0,1,0,0,1,1,0,0,1,0,1,0,0,0,0,0,1,0,1,1,0,0,Conjunctivitis
0,0,1,0,0,0,1,0,1,0,0,0,0,0,1,1,1,1,0,0,1,0,0,1,1,1,Meningitis
0,0,1,1,1,0,1,1,0,1,0,1,1,1,1,1,0,0,1,1,1,1,1,0,1,1,COVID-19
0,1,1,1,1,0,1,0,0,0,0,0,0,0,1,1,1,1,1,0,0,0,0,1,0,1,Asthma
1,1,1,1,0,0,1,0,0,1,1,0,0,0,1,1,1,0,1,0,0,1,0,0,1,0,Conjunctivitis
0,1,0,0,1,0,1,1,1,0,1,1,0,0,1,0,0,0,1,1,0,0,0,0,0,1,Food Poisoning
0,0,0,0,1,1,0,0,1,0,1,0,0,1,1,1,0,0,0,1,1,1,1,0,1,0,Arthritis
0,0,0,1,1,1,1,0,0,0,1,0,0,0,1,0,1,0,1,1,0,0,1,1,0,0,Arthritis
0,0,0,0,1,0,0,0,1,0,1,0,1,0,1,1,1,0,0,0,1,0,1,0,0,1,Pneumonia
1,0,1,1,0,1,0,1,0,1,0,0,0,0,1,1,0,1,0,0,0,0,1,1,0,0,Pneumonia
1,1,1,0,1,0,0,0,1,1,1,1,1,0,0,0,1,0,0,0,0,1,0,1,0,0,Gastroenteritis
1,1,0,0,0,0,1,0,1,1,0,0,1,1,1,0,1,0,1,1,0,0,1,1,1,1,COVID-19
1,0,0,0,1,1,1,1,1,1,1,1,0,0,1,0,0,0,0,0,1,0,1,1,0,1,Pneumonia
1,1,1,0,0,1,1,0,0,1,1,0,0,0,0,1,1,0,1,0,1,0,0,0,0,1,Influenza
1,1,0,1,1,0,0,1,0,1,1,1,1,1,1,1,1,1,1,1,0,0,0,0,0,0,Bronchitis
0,0,1,0,1,1,0,1,1,1,0,1,0,1,1,1,1,0,1,0,0,0,0,1,0,0,Heart Disease
0,0,0,1,0,0,0,0,1,1,1,0,0,0,0,1,1,0,1,1,0,1,1,1,1,1,COVID-19
1,1,1,0,0,0,1,0,1,0,0,1,1,1,0,1,0,0,1,1,1,0,1,0,1,0,Chickenpox
0,0,0,0,1,1,1,1,1,1,0,0,1,0,0,0,0,0,0,0,0,1,0,0,0,1,Conjunctivitis
0,1,0,1,0,0,0,0,0,1,1,1,1,1,0,1,1,0,1,0,0,1,0,0,0,1,Bronchitis
0,1,1,1,0,0,0,0,1,1,0,1,0,1,0,1,0,1,1,0,1,1,1,0,1,1,Bronchitis
0,1,1,0,0,0,0,1,0,0,1,1,0,1,0,1,0,1,0,0,1,0,0,0,0,0,Food Poisoning
0,0,0,0,0,1,1,0,0,0,1,1,1,0,0,1,0,0,1,1,1,0,1,1,1,1,Chickenpox
1,1,0,0,1,1,1,1,0,1,0,0,0,0,0,0,0,1,0,1,0,1,0,1,1,1,Food Poisoning
1,0,0,1,1,0,0,0,1,1,0,0,0,1,1,0,0,0,0,1,0,0,0,0,1,1,Pneumonia
0,0,0,1,1,0,1,1,0,0,0,1,1,0,0,1,1,0,0,0,0,0,1,0,0,0,Meningitis
1,1,1,0,1,0,1,1,1,0,0,0,1,1,0,1,0,0,1,1,1,1,1,1,0,1,Chickenpox
0,1,1,0,1,0,1,1,1,1,0,1,1,0,0,0,0,0,1,1,0,0,1,0,1,0,Influenza
1,1,1,1,1,0,0,0,0,1,1,1,1,0,0,0,1,1,0,1,1,0,0,0,0,1,Appendicitis
1,1,1,1,1,1,1,0,0,0,1,0,1,0,0,1,1,0,0,1,0,1,0,1,1,0,Migraine
0,0,1,1,1,1,1,0,1,0,1,1,1,0,0,0,0,1,0,0,0,1,0,0,0,1,Malaria
0,1,1,0,0,0,1,1,1,1,1,0,1,1,1,1,1,1,0,0,0,0,1,0,1,1,Arthritis
1,1,0,1,1,0,1,0,1,1,0,1,1,0,0,1,1,0,1,1,1,1,1,1,1,1,Meningitis
0,0,0,0,1,1,1,1,0,0,1,1,0,1,1,0,1,0,1,0,1,1,0,0,0,1,UTI
1,0,1,1,1,0,0,1,1,0,1,0,0,0,1,1,1,1,0,1,0,0,1,0,1,0,Pneumonia
0,0,1,1,0,1,0,0,0,1,1,0,0,1,1,0,1,1,1,1,1,0,1,1,0,1,Asthma
1,0,0,1,0,0,1,1,1,1,1,1,1,1,0,0,1,0,0,0,1,1,0,0,0,0,Chickenpox
0,0,0,1,0,1,1,0,1,1,0,0,0,1,1,1,1,0,0,0,1,0,0,1,0,1,Hepatitis
0,1,0,1,1,1,1,0,1,0,0,1,1,0,0,0,1,0,0,1,1,0,0,1,0,0,COVID-19
0,1,0,1,1,1,1,0,1,1,1,0,0,1,1,0,1,0,0,1,0,1,1,0,0,0,COVID-19
1,0,0,1,0,1,0,0,1,1,0,0,1,0,1,1,1,1,1,0,0,0,1,1,1,1,Typhoid
0,0,0,0,0,0,0,0,0,1,0,1,0,1,1,0,1,1,0,1,1,0,0,0,1,0,Arthritis
1,1,1,1,0,0,0,0,0,0,0,1,1,1,0,1,0,1,0,0,1,1,1,1,1,0,Arthritis
1,0,0,0,0,1,0,1,0,0,0,1,0,0,0,1,1,0,1,1,1,0,1,1,1,0,Meningitis
1,1,1,0,0,0,0,0,1,1,0,0,1,0,1,1,1,0,1,0,0,0,0,1,0,1,Bronchitis
0,0,1,0,0,1,0,1,1,1,0,1,0,1,0,0,1,1,1,0,0,1,1,1,0,0,Food Poisoning
1,1,0,1,0,0,0,0,1,0,1,1,1,0,0,1,1,1,0,1,0,1,1,0,1,1,Asthma
0,1,1,1,1,1,1,0,0,1,1,1,0,0,0,1,0,1,0,0,1,0,0,0,1,1,Hepatitis
1,1,0,0,0,1,1,1,1,1,1,1,0,0,1,1,1,1,0,0,1,0,1,1,0,1,Tuberculosis
0,1,1,1,0,1,0,0,0,0,0,0,1,1,1,0,0,0,0,0,1,1,0,0,1,0,Appendicitis
1,0,1,1,0,0,1,1,0,1,0,0,1,0,0,0,0,0,0,1,0,1,0,0,1,1,Typhoid
0,1,1,0,1,1,1,1,0,0,1,0,1,1,0,1,0,0,0,1,1,1,0,1,0,1,Typhoid
1,0,1,0,1,0,0,1,0,0,0,0,0,1,0,1,1,1,0,1,0,1,1,0,1,1,Chickenpox
0,1,0,1,1,0,0,1,1,0,0,0,0,1,0,0,1,1,0,0,0,0,0,0,1,0,Influenza
1,0,1,0,1,0,0,0,0,1,1,0,0,1,1,1,0,1,1,1,0,0,1,0,0,1,Chickenpox
1,1,1,1,0,1,0,0,0,1,0,0,1,1,0,0,1,1,1,0,1,0,0,1,1,1,Influenza
1,1,0,0,0,1,0,1,1,1,1,1,0,0,0,0,0,1,1,0,0,0,1,0,1,1,Typhoid
0,1,1,1,0,1,0,0,1,1,1,0,1,1,0,1,1,0,1,1,0,1,0,1,1,0,Typhoid
0,1,1,0,1,0,1,0,1,0,1,0,1,0,1,0,1,0,0,0,1,1,0,1,1,0,Dengue
0,1,0,1,0,1,0,1,1,0,1,1,1,0,0,0,0,0,1,0,1,1,1,0,0,0,Influenza
0,1,0,1,1,0,0,0,0,0,0,0,0,1,1,0,0,1,1,1,1,0,0,1,0,0,Influenza
1,1,1,0,1,1,1,1,1,1,0,1,1,1,1,0,0,1,1,1,0,1,1,0,1,1,Meningitis
0,1,0,1,1,1,0,1,0,0,0,1,1,1,1,1,1,1,1,0,0,1,1,1,1,0,Bronchitis
0,1,0,1,0,0,0,0,0,1,1,1,0,1,1,1,1,1,0,0,0,1,1,1,0,1,Appendicitis
0,0,1,1,0,0,0,1,0,0,1,1,1,1,0,0,0,0,1,1,1,0,1,0,0,0,Conjunctivitis
1,1,1,0,0,1,0,1,1,1,0,1,0,0,1,0,1,0,1,1,1,1,1,1,1,0,Food Poisoning
0,0,1,0,0,0,1,1,0,1,0,0,1,0,0,0,0,0,1,0,0,0,1,1,0,1,Chickenpox
0,1,0,1,1,1,1,1,1,0,0,1,0,0,0,1,0,0,0,0,0,1,0,1,0,0,Arthritis
1,1,1,0,1,1,1,1,1,0,0,0,0,1,0,1,0,0,1,1,1,0,1,1,0,0,Gastroenteritis
0,0,0,0,0,1,1,1,0,0,1,0,1,1,1,1,0,1,1,1,1,1,1,1,0,1,Conjunctivitis
0,0,0,0,1,1,0,0,0,1,0,0,1,1,0,0,0,0,1,1,0,1,0,0,1,1,Pneumonia
0,0,0,1,1,1,0,0,0,0,0,1,1,0,1,0,0,1,1,1,1,0,0,1,0,0,Common Cold
0,1,1,1,1,1,1,1,1,1,0,0,0,0,0,1,0,1,0,0,1,0,0,0,1,0,Bronchitis
0,0,0,1,0,0,1,1,0,1,0,1,1,1,1,0,1,0,1,0,0,1,1,0,1,0,Migraine
1,0,1,1,1,1,0,1,1,1,1,0,1,1,1,0,1,0,0,1,1,0,1,0,0,1,COVID-19
1,1,1,0,0,1,0,0,0,1,0,0,0,0,1,1,1,1,0,0,0,0,0,0,1,1,Heart Disease
0,0,0,1,1,0,0,0,0,0,1,0,0,0,1,0,0,0,0,0,1,0,1,1,1,1,Migraine
1,0,1,1,0,1,0,0,0,0,0,1,1,1,0,0,1,1,1,1,0,0,1,0,0,1,UTI
1,0,0,1,0,1,0,1,0,0,1,1,0,0,0,1,1,0,0,1,0,0,0,0,0,0,COVID-19
1,1,0,1,0,0,1,1,0,1,1,0,0,1,0,0,0,1,1,0,1,0,0,1,1,1,Common Cold
1,0,0,0,0,1,1,1,0,0,0,1,0,1,0,1,1,1,0,1,0,0,1,1,0,1,Meningitis
1,1,0,0,1,0,1,0,1,0,1,0,0,1,0,1,0,0,0,0,0,0,1,0,0,1,Appendicitis
0,1,0,1,0,0,0,0,1,1,0,1,1,1,0,0,1,0,0,1,0,1,0,0,0,1,Arthritis
0,0,1,1,1,1,0,0,1,0,1,1,0,0,0,0,1,0,0,1,1,1,0,1,0,1,Gastroenteritis
1,1,1,0,0,1,1,1,0,0,0,1,0,1,0,0,0,0,0,1,1,0,0,1,1,0,Common Cold
0,0,1,1,1,1,0,1,1,1,1,0,1,0,1,1,1,0,1,1,1,0,0,0,0,0,Migraine
0,1,1,1,0,1,1,0,0,1,0,1,0,0,1,0,0,0,0,1,1,1,1,1,0,1,Arthritis
0,1,0,0,1,0,1,1,1,0,0,0,1,1,1,0,0,0,0,1,1,0,1,1,1,0,COVID-19
0,1,1,0,1,0,1,1,1,0,1,0,0,0,1,1,1,1,1,0,0,0,1,0,0,1,Dengue
1,1,1,0,0,0,0,0,0,0,0,0,1,0,1,0,1,0,0,1,0,1,0,1,0,0,Chickenpox
0,1,0,1,1,1,1,1,0,0,0,1,0,1,1,0,1,0,1,1,1,1,0,1,1,0,Asthma
1,0,1,0,0,0,0,0,1,1,0,1,1,1,1,0,1,0,1,0,1,1,1,1,0,0,Food Poisoning
1,1,0,0,0,1,1,1,0,0,1,0,0,0,1,1,1,0,1,0,0,1,1,0,1,0,Malaria
0,0,1,1,1,1,0,1,1,0,0,1,1,0,1,0,0,1,0,0,0,1,1,1,1,1,Pneumonia
1,1,1,0,0,0,0,1,0,0,0,0,1,0,1,1,1,1,1,0,0,1,0,1,1,1,Malaria
0,0,0,0,0,0,0,1,0,0,0,1,0,1,1,0,1,1,0,1,1,1,1,0,1,1,COVID-19
0,1,0,0,1,1,1,0,0,1,0,1,0,1,1,1,0,0,1,1,0,0,0,0,1,1,Chickenpox
0,1,1,0,0,0,0,1,1,1,0,0,0,0,0,0,1,1,0,0,0,0,1,1,0,0,Dengue
0,0,1,1,0,1,0,0,0,1,1,1,1,1,0,0,0,1,0,0,0,0,1,1,0,1,UTI
0,0,0,0,1,1,0,0,1,1,1,1,0,1,1,1,0,0,1,0,0,0,0,1,1,0,Arthritis
1,0,1,0,1,1,1,1,1,1,1,1,0,1,1,0,0,1,0,1,0,0,0,1,1,0,UTI
0,1,0,0,0,0,1,0,0,0,1,0,0,0,1,1,1,0,0,1,0,0,0,1,0,0,Meningitis
0,0,0,1,0,0,1,1,1,1,0,1,0,0,1,1,1,1,1,1,1,1,0,0,1,1,Gastroenteritis
1,1,1,1,1,1,1,0,1,0,1,1,0,1,1,0,1,1,1,1,0,1,1,1,1,1,Pneumonia
1,1,1,1,0,0,1,1,1,1,1,1,1,1,1,0,0,1,0,1,0,0,0,0,1,1,Dengue
1,0,1,0,0,1,1,0,1,1,0,1,0,0,0,1,0,1,0,1,1,0,0,1,1,1,Appendicitis
0,0,1,0,1,0,1,1,1,0,0,1,0,1,1,0,0,0,0,1,0,1,0,1,0,1,Hepatitis
0,0,1,0,0,0,1,0,1,1,0,0,0,1,0,0,0,0,0,0,0,0,1,1,0,1,Appendicitis
0,1,1,0,0,0,1,1,1,1,1,1,1,0,1,0,0,0,1,1,0,1,1,1,1,1,Migraine
0,1,0,0,0,0,1,1,1,0,1,0,1,1,0,0,1,0,1,0,0,0,1,0,1,1,Tuberculosis
0,1,1,0,1,0,1,0,0,0,1,1,1,0,1,0,1,0,0,0,0,0,1,0,1,1,Influenza
0,1,1,1,0,0,1,1,1,1,0,1,0,1,0,0,0,0,1,1,0,0,1,0,0,0,UTI
0,1,1,1,1,1,1,1,0,1,0,1,1,0,0,1,0,0,0,0,0,1,0,1,0,1,Tuberculosis
1,0,1,1,1,0,0,1,0,1,1,1,1,0,1,1,1,1,1,1,1,0,1,0,0,0,Typhoid
0,0,1,1,0,1,1,1,1,1,0,0,0,0,1,0,1,0,1,1,1,0,1,1,0,1,Appendicitis
0,1,0,1,1,0,1,1,0,0,1,1,0,1,0,0,1,0,1,0,0,1,0,0,0,1,Pneumonia
1,0,1,0,1,0,1,0,0,0,1,1,0,1,0,1,1,0,0,1,1,0,1,1,0,1,Chickenpox
1,1,0,1,0,1,1,0,1,0,0,1,1,0,0,0,1,0,0,1,1,0,1,1,1,0,Migraine
1,1,0,0,0,1,1,1,0,0,0,1,0,1,1,1,0,1,1,0,0,0,1,1,1,1,Arthritis
1,1,1,0,0,0,0,1,1,1,0,1,0,1,1,1,0,1,1,0,1,1,0,0,0,1,Hepatitis
0,0,0,0,0,0,1,1,1,1,1,0,0,1,0,0,1,1,0,1,1,0,1,0,0,1,Influenza
1,0,0,1,1,0,1,1,1,1,1,0,1,1,1,0,1,0,1,0,1,1,0,1,1,0,Food Poisoning
0,1,1,1,1,0,1,1,0,0,1,0,1,1,0,1,0,1,0,0,1,1,0,0,1,0,Pneumonia
0,0,1,0,1,1,0,1,0,1,1,1,0,0,0,1,1,1,1,0,1,0,1,0,0,0,Meningitis
0,1,1,0,0,1,1,1,0,1,0,1,1,0,1,1,0,0,0,0,0,0,0,0,1,0,Appendicitis
1,0,1,1,0,1,0,0,0,1,1,0,1,1,0,0,1,0,1,1,0,1,0,0,0,0,Gastroenteritis
1,1,0,1,1,1,0,0,0,1,1,1,0,0,0,0,0,1,0,0,0,1,0,0,0,1,Typhoid
0,0,1,1,1,0,0,0,0,0,0,1,1,0,0,0,0,0,0,1,0,0,0,0,1,1,Malaria
0,0,1,1,0,1,0,0,0,0,0,1,0,1,1,1,0,0,0,1,1,0,1,1,0,1,Tuberculosis
0,1,0,1,1,0,1,0,1,1,1,0,1,0,0,1,0,0,1,0,0,0,1,0,1,0,Malaria
1,1,0,0,1,1,1,1,0,1,0,0,0,0,1,0,1,1,0,0,1,0,0,0,0,1,COVID-19
0,1,0,1,1,1,0,0,0,0,1,1,1,0,1,0,0,0,0,1,0,0,1,0,1,1,Arthritis
1,1,1,1,1,1,0,1,1,1,1,0,1,1,1,0,0,1,1,1,1,0,1,1,1,1,Conjunctivitis
0,0,1,0,1,0,1,1,1,1,0,1,1,0,0,1,0,0,0,1,1,1,0,0,0,0,Meningitis
1,0,1,0,1,1,0,0,1,0,0,0,0,1,1,0,0,0,0,1,0,0,1,1,0,0,Typhoid
1,1,1,1,1,1,1,1,1,1,0,1,0,0,0,0,1,1,0,1,0,0,1,1,0,1,Hepatitis
0,0,0,0,0,1,0,1,0,0,1,0,1,1,1,1,1,0,0,1,1,1,0,1,0,0,Tuberculosis
1,1,0,1,1,0,0,0,0,1,1,1,0,1,1,1,1,1,1,1,0,1,1,0,1,1,Arthritis
0,0,1,0,0,1,0,1,1,1,0,0,1,1,1,1,0,0,0,1,0,0,0,0,1,0,UTI
0,0,0,0,0,1,1,1,1,1,1,1,1,1,0,0,1,1,0,1,1,1,1,1,0,0,Gastroenteritis
0,0,0,1,0,1,1,0,1,1,0,1,0,1,1,0,0,1,1,1,0,0,1,0,0,1,Pneumonia
1,1,1,1,1,1,1,1,1,0,1,0,0,0,1,1,1,0,1,0,0,1,0,1,0,0,Pneumonia
0,1,0,0,0,0,0,1,0,1,0,1,0,1,1,1,1,1,0,1,1,1,1,0,1,0,Pneumonia
1,1,1,0,1,1,0,0,0,1,0,1,0,1,1,1,0,1,1,1,0,1,0,1,1,1,UTI
1,0,0,0,1,0,1,1,1,1,1,0,1,1,1,0,1,0,0,1,0,0,1,1,0,0,Gastroenteritis
1,1,1,0,0,1,1,1,1,0,1,0,0,0,1,0,0,1,1,0,1,1,1,1,0,0,Arthritis
0,1,1,1,0,0,1,1,1,0,0,0,1,1,0,0,1,1,0,0,0,0,1,1,0,0,Migraine
0,0,0,1,1,0,0,1,0,0,0,0,1,1,1,0,1,0,1,1,1,0,1,0,0,1,Dengue
0,0,0,1,0,0,0,1,0,0,1,0,0,0,0,0,1,1,1,0,0,1,0,0,1,0,Bronchitis
1,1,0,1,0,1,1,1,0,0,0,0,1,1,1,0,0,0,0,0,1,0,0,0,0,0,Appendicitis
0,1,0,0,0,0,0,1,0,0,0,0,1,1,0,1,1,0,1,1,0,0,1,0,0,1,Chickenpox
0,1,1,1,1,0,1,1,0,0,1,0,0,0,0,1,0,1,0,1,0,1,1,0,1,0,Influenza
1,0,0,1,1,0,1,0,0,0,0,0,0,0,0,1,0,0,0,0,0,1,0,1,1,1,Heart Disease
0,1,1,1,1,1,0,1,1,1,0,1,0,0,1,1,1,1,0,1,1,1,0,1,1,1,Meningitis
1,1,0,0,0,1,0,0,0,0,1,0,1,1,0,1,1,0,0,1,1,0,1,1,0,1,Arthritis
1,1,1,0,0,1,1,1,0,1,0,1,0,1,0,0,0,0,1,0,0,0,1,1,1,0,Appendicitis
0,1,0,0,0,0,1,0,0,0,1,0,1,0,0,0,1,0,1,0,0,1,0,1,0,0,Food Poisoning
0,1,1,0,0,0,0,1,1,0,0,1,1,1,1,0,0,1,1,0,0,1,0,0,1,0,Tuberculosis
1,1,0,1,1,1,0,0,0,1,0,0,0,0,0,1,0,0,1,0,1,1,0,1,1,1,COVID-19
1,1,1,1,1,0,1,0,0,1,0,0,0,1,1,1,1,0,0,0,0,0,1,1,0,1,Malaria
0,0,0,0,1,1,1,0,1,1,0,1,0,0,1,0,1,1,1,0,0,0,1,1,0,0,UTI
1,0,0,1,0,1,0,0,1,1,1,0,0,0,1,1,0,0,0,1,1,1,0,0,0,1,Tuberculosis
1,0,1,1,1,0,1,1,1,1,1,1,0,1,0,1,0,1,0,1,0,1,0,0,1,1,Tuberculosis
1,1,1,1,1,1,1,1,1,1,0,1,1,0,1,1,1,0,1,0,1,1,0,0,0,0,Heart Disease
1,0,0,1,1,0,1,0,1,0,0,1,0,1,1,1,0,0,0,1,0,0,1,0,0,1,Conjunctivitis
1,0,0,0,0,1,1,0,0,1,1,1,0,1,1,0,1,1,0,0,0,1,0,1,1,0,Food Poisoning
1,1,1,0,0,0,0,0,1,0,0,0,0,0,1,0,0,0,0,1,0,1,1,1,1,0,Meningitis
0,1,1,0,1,0,0,1,0,0,1,0,1,1,0,1,0,0,0,0,0,1,1,1,1,1,Tuberculosis
1,0,0,0,0,0,1,0,0,0,0,0,0,1,0,0,0,0,0,1,1,0,1,1,0,0,Common Cold
1,1,1,1,0,1,0,0,1,1,1,0,1,1,1,0,0,1,1,1,0,0,0,1,0,1,Conjunctivitis
0,0,1,0,0,1,0,1,0,0,0,0,1,0,1,0,0,0,1,1,1,1,1,1,1,0,Conjunctivitis
0,1,1,1,0,0,1,1,1,1,1,0,1,1,1,1,1,0,0,1,0,1,1,0,0,0,Malaria
1,0,1,0,0,1,0,0,1,1,1,0,0,1,1,0,0,0,1,0,0,0,1,1,1,1,Food Poisoning
0,1,0,0,0,1,1,1,0,0,0,1,0,0,1,1,1,0,1,1,0,0,1,0,0,1,Bronchitis
0,0,0,1,0,0,1,0,0,1,1,0,1,0,0,1,1,1,1,1,1,1,0,0,1,0,Common Cold
0,1,0,1,1,0,1,0,0,0,1,0,0,1,0,0,1,0,1,1,0,0,1,0,0,1,Conjunctivitis
1,0,0,0,0,0,1,0,1,0,0,0,0,1,0,0,0,0,1,0,1,1,0,1,1,0,COVID-19
0,1,1,1,0,1,1,1,0,1,0,0,0,0,1,0,0,1,0,1,0,0,0,0,1,0,Pneumonia
1,1,1,0,0,0,1,0,0,0,1,1,1,0,1,0,1,1,1,0,0,1,0,0,0,1,Meningitis
0,1,0,0,0,0,0,1,0,0,0,1,1,0,1,0,0,1,0,0,0,1,1,0,0,0,Influenza
0,1,0,0,1,1,0,0,0,1,1,0,0,0,0,1,0,0,1,1,0,0,1,0,0,1,Food Poisoning
0,1,1,0,1,0,1,1,0,1,1,0,1,1,1,1,1,1,1,0,0,1,1,1,1,1,Migraine
0,0,0,0,0,0,0,1,1,0,1,0,0,1,0,0,0,0,1,1,0,0,1,0,1,0,Pneumonia
0,0,1,0,1,0,1,1,1,0,0,1,0,0,1,1,0,1,1,1,0,1,1,0,0,0,Influenza
0,1,0,1,1,0,0,0,1,0,0,0,1,1,1,0,0,0,1,0,0,0,1,1,0,0,Meningitis
0,1,1,0,0,1,1,0,0,1,1,1,0,0,1,0,0,1,1,0,0,0,0,0,1,0,Common Cold
1,1,1,1,1,1,1,1,0,0,1,0,1,1,0,1,0,0,1,1,1,0,0,0,1,1,Dengue
0,0,0,0,0,0,0,0,0,0,0,0,1,0,1,0,0,0,1,0,0,1,1,0,1,0,UTI
0,0,1,0,1,1,1,1,0,0,0,1,1,0,1,0,1,1,1,1,1,1,0,0,1,1,Pneumonia
1,1,0,1,1,1,1,1,1,0,0,0,0,0,0,1,1,1,1,1,1,1,1,1,1,0,Heart Disease
0,1,1,0,1,1,0,0,0,1,0,0,1,0,0,0,0,0,1,1,0,0,1,0,1,0,Arthritis
1,0,0,1,1,1,0,0,1,1,1,1,1,1,0,1,1,1,0,0,1,1,1,1,0,0,Chickenpox
0,1,1,1,0,1,0,1,1,0,0,0,0,1,0,1,0,1,1,1,1,1,0,0,0,0,Typhoid
1,1,1,0,0,1,1,1,0,0,0,1,1,1,0,1,0,1,1,0,1,0,0,1,0,0,Hepatitis
0,0,1,0,0,1,1,0,1,0,0,0,1,0,1,0,1,0,0,0,0,0,1,0,0,1,Conjunctivitis
0,1,0,0,0,0,0,0,1,0,1,0,1,0,1,1,0,1,0,1,1,0,0,0,1,1,Migraine
1,1,1,0,0,1,1,1,0,0,1,0,0,1,1,1,0,1,1,0,1,1,0,0,1,0,Migraine
1,1,1,0,1,1,0,0,1,1,0,0,0,0,0,0,0,0,1,0,0,0,1,0,1,0,Food Poisoning
1,1,1,1,0,0,0,1,1,0,1,1,1,1,0,0,1,1,1,0,1,0,1,0,0,1,Dengue
0,1,0,0,1,1,1,0,1,1,0,1,1,1,1,0,1,1,1,1,0,1,0,0,1,0,COVID-19
0,1,1,0,0,1,1,0,1,0,0,0,0,1,1,1,1,0,1,1,0,0,0,1,1,1,Tuberculosis
1,0,0,1,1,0,0,1,1,0,0,1,0,0,0,0,0,0,0,0,1,1,1,1,1,0,Typhoid
1,1,0,1,1,1,0,1,1,0,0,1,0,1,1,0,1,0,0,0,0,1,0,0,1,1,Gastroenteritis
1,1,0,0,1,1,1,1,0,0,1,0,1,1,1,1,1,1,1,1,1,0,0,0,1,0,Bronchitis
1,1,1,0,0,1,0,0,0,1,1,1,0,0,1,0,1,0,1,0,0,0,0,1,0,1,Heart Disease
1,1,0,1,1,1,1,1,1,1,0,0,0,0,1,1,1,0,1,1,0,0,0,0,0,1,Gastroenteritis
1,1,0,1,1,0,0,1,1,1,0,1,0,0,1,1,1,1,0,1,1,1,0,1,0,1,Common Cold
0,0,1,1,0,0,0,1,1,0,1,1,1,0,1,1,0,0,1,1,1,0,0,1,0,0,Asthma
0,1,0,0,0,0,0,0,1,0,0,0,0,1,1,1,0,0,0,0,1,1,1,1,1,0,Food Poisoning
1,0,1,0,1,0,0,1,1,0,0,1,1,1,1,1,1,1,1,1,1,0,1,1,1,1,Malaria
0,1,1,1,1,0,1,1,1,0,0,1,0,0,0,0,0,0,1,1,0,1,0,1,0,1,Migraine
1,0,1,0,0,1,0,0,1,0,1,0,1,0,0,1,0,1,0,0,0,1,0,0,0,1,UTI
1,1,1,0,0,1,1,1,0,1,0,1,1,0,1,1,1,1,1,1,1,1,1,0,1,0,Malaria
1,0,0,0,0,1,0,1,1,1,1,0,0,0,0,0,1,1,0,1,1,1,1,1,0,1,COVID-19
0,1,1,1,0,1,0,1,0,0,0,0,0,0,1,0,1,0,0,0,1,0,1,0,1,0,COVID-19
0,1,1,1,1,0,0,1,1,0,0,0,1,0,0,0,1,0,1,0,0,1,1,1,0,1,Chickenpox
1,0,1,0,1,0,1,1,0,1,0,0,1,1,1,0,1,1,0,1,0,0,1,0,1,0,Gastroenteritis
0,0,0,0,1,1,0,1,1,0,0,0,1,1,0,1,1,1,0,0,0,1,0,1,0,1,Meningitis
0,0,1,0,1,1,0,1,0,1,0,0,0,0,0,1,1,1,0,0,1,0,0,0,0,1,COVID-19
1,0,1,0,1,0,1,1,0,1,1,0,1,1,1,0,1,1,0,0,1,1,0,0,1,1,Gastroenteritis
0,1,1,0,1,1,0,1,1,0,0,0,0,1,0,0,0,0,0,1,1,1,1,1,0,0,Common Cold
0,1,1,1,0,1,0,1,1,1,1,0,0,0,1,1,1,0,1,0,1,1,0,0,0,1,Migraine
1,1,0,0,1,1,1,1,0,0,1,0,1,1,1,1,0,1,0,1,1,1,0,0,1,0,Conjunctivitis
1,0,0,0,0,0,0,1,1,0,0,1,0,0,0,1,1,1,1,0,0,1,1,1,0,1,Arthritis
0,0,1,0,0,0,0,1,0,0,1,1,1,1,0,1,0,1,1,1,1,0,1,0,0,0,Appendicitis
0,0,1,0,0,1,0,0,0,0,1,1,1,1,1,1,1,0,0,0,1,1,1,0,1,0,Dengue
1,1,0,1,1,0,1,0,0,1,1,0,0,0,1,0,0,1,1,0,1,0,0,0,0,0,Arthritis
0,1,0,1,0,0,0,0,1,1,1,0,1,1,1,0,1,1,1,0,1,1,0,1,0,0,Chickenpox
0,0,0,0,1,1,1,0,1,0,1,1,1,0,1,0,0,0,0,1,1,0,0,0,1,1,Asthma
1,0,1,1,1,0,0,0,0,1,1,0,1,0,0,0,1,1,0,1,1,0,1,1,0,0,Food Poisoning
1,0,1,1,1,1,1,1,1,1,1,0,1,1,0,1,1,1,0,0,1,0,1,1,1,0,Common Cold
1,0,0,1,0,0,0,1,1,0,0,1,1,0,1,0,0,1,1,0,0,0,1,1,0,1,Heart Disease
0,1,0,1,1,0,0,0,0,0,0,1,1,0,1,1,0,1,0,0,1,0,1,1,0,1,Asthma
0,1,0,1,1,1,1,1,0,1,1,0,1,1,1,1,1,0,1,0,0,0,0,0,0,1,Tuberculosis
1,0,1,1,0,0,0,0,0,1,0,0,1,0,1,0,0,1,0,1,1,1,1,0,0,0,COVID-19
1,1,1,0,1,0,1,1,1,1,0,1,0,1,1,1,1,0,1,0,1,0,1,0,1,0,Influenza
0,0,1,0,1,0,0,0,0,1,0,1,0,0,1,1,1,0,1,1,1,0,1,0,0,1,Bronchitis
1,1,1,1,1,1,1,1,0,1,0,1,0,1,1,0,0,0,0,0,0,1,0,1,0,0,Appendicitis
0,1,1,1,0,0,1,1,0,1,1,1,1,1,1,0,1,0,1,1,0,1,0,1,0,1,Conjunctivitis
1,1,0,1,1,1,1,1,1,0,1,0,0,1,0,0,1,0,0,0,1,0,1,1,1,0,Common Cold
0,1,0,0,0,0,0,0,0,1,0,1,0,1,1,0,1,1,0,0,0,0,0,0,0,0,Dengue
1,1,1,1,1,1,1,0,0,0,0,0,1,0,0,1,1,0,1,1,1,1,0,0,0,0,Asthma
0,1,0,1,1,1,1,0,1,1,0,0,1,0,1,1,1,1,0,1,1,1,1,1,0,1,COVID-19
0,0,1,0,1,0,1,1,1,1,0,1,0,1,1,0,0,0,0,0,0,0,0,1,0,1,Heart Disease
1,0,0,1,1,1,0,1,0,0,0,1,0,0,1,0,0,0,0,0,0,1,1,1,0,0,Malaria
1,1,0,0,0,0,1,1,1,1,0,0,1,0,1,0,1,0,1,1,0,0,1,0,0,0,Typhoid
0,1,0,0,1,1,0,1,1,0,0,0,0,1,0,0,0,0,0,0,1,1,1,0,0,0,Asthma
1,1,0,0,0,1,0,1,1,0,0,0,1,1,0,0,0,0,1,0,0,0,1,1,1,0,COVID-19
0,0,0,0,0,0,0,1,0,1,0,0,0,0,0,0,1,0,0,0,0,0,0,0,1,1,Pneumonia
1,0,1,0,0,0,1,1,0,1,1,1,1,1,0,0,0,0,1,0,0,1,1,0,0,0,Tuberculosis
0,1,1,0,0,1,1,1,0,0,0,1,0,0,1,1,1,0,1,0,0,1,0,0,0,0,Common Cold
0,0,1,1,1,0,0,0,1,1,1,1,1,0,0,1,1,0,0,0,1,0,1,0,0,0,Chickenpox
0,0,0,0,0,0,1,1,1,1,0,0,0,0,0,1,1,0,1,0,0,1,1,1,0,1,Appendicitis
0,0,1,0,1,1,1,1,0,1,1,1,1,1,1,1,0,1,1,1,1,0,0,1,1,1,Tuberculosis
1,1,1,1,1,0,0,1,0,0,1,0,0,0,0,1,0,0,1,1,1,1,0,1,0,0,Asthma
0,1,1,1,0,0,0,1,1,0,1,1,0,0,0,1,0,0,0,1,1,1,1,0,0,0,Hepatitis
0,0,0,1,1,0,0,0,1,0,0,1,0,0,0,0,0,0,1,0,0,1,1,1,1,0,Bronchitis
1,1,0,1,0,1,0,1,0,1,0,0,0,1,0,0,1,0,0,1,1,1,1,1,0,1,UTI
0,1,1,1,1,0,1,1,1,1,1,1,0,0,1,0,0,0,1,1,0,1,1,0,0,1,Malaria
0,0,0,0,1,0,0,1,1,1,1,0,0,1,0,0,1,1,1,1,1,0,0,1,1,0,Pneumonia
0,1,0,0,1,0,0,0,0,0,1,1,0,1,0,1,1,1,1,0,1,0,1,0,0,0,UTI
0,1,0,0,0,0,1,1,1,0,1,1,1,0,0,0,0,0,1,0,1,1,1,1,0,0,Tuberculosis
1,0,1,0,0,1,1,0,1,1,1,1,1,0,1,0,1,1,1,0,1,1,1,0,0,1,Pneumonia
0,0,1,1,0,0,1,1,1,1,0,1,1,0,0,1,1,0,0,1,1,0,1,1,1,0,Bronchitis
1,1,1,0,1,1,1,1,1,0,1,0,0,0,1,0,0,0,1,0,1,1,1,1,0,1,Tuberculosis
0,0,1,0,0,1,0,0,1,0,0,1,0,0,0,0,1,1,1,1,1,1,1,1,0,1,Food Poisoning
1,1,1,0,0,0,0,0,1,1,0,1,1,1,0,0,0,1,0,1,0,1,0,1,0,0,Malaria
0,0,1,1,0,1,0,0,0,0,1,1,0,0,0,1,1,1,1,0,0,0,0,0,0,1,Asthma
1,0,1,1,1,1,1,0,0,0,1,0,0,1,1,1,0,0,1,1,0,0,1,1,0,1,Dengue
0,0,1,1,1,1,1,0,1,1,1,1,0,1,0,1,0,1,0,1,0,1,1,1,1,0,Bronchitis
0,0,1,0,0,1,1,1,1,1,0,0,1,1,0,0,0,1,1,1,0,1,0,1,1,1,Gastroenteritis
0,1,0,0,0,0,0,1,1,1,1,0,0,0,1,0,0,1,0,1,1,1,0,0,1,1,Arthritis
1,1,0,1,1,1,1,0,1,0,0,1,1,0,0,0,1,1,0,0,1,1,1,0,0,0,Heart Disease
0,1,0,0,0,0,0,0,1,1,0,0,1,1,1,0,1,0,1,0,1,0,1,0,1,1,Appendicitis
1,0,0,0,0,0,0,0,0,1,1,1,0,1,1,0,1,0,0,1,1,1,0,1,0,0,Tuberculosis
1,1,1,1,0,0,0,1,0,0,0,1,0,1,0,0,0,0,1,1,0,1,1,1,0,0,Pneumonia
1,0,1,1,1,0,1,0,0,1,1,1,1,0,0,1,1,1,0,1,1,0,0,1,0,1,Tuberculosis
0,1,1,0,0,1,1,0,1,0,0,0,0,1,0,0,0,1,0,0,1,0,1,0,0,0,Asthma
0,0,0,0,0,1,1,0,0,0,0,1,1,1,0,0,0,1,1,0,0,0,0,1,1,0,Heart Disease
0,1,0,0,1,0,1,1,0,1,0,0,0,1,0,1,1,0,1,0,0,0,1,1,1,1,Dengue
1,0,0,1,0,1,1,0,0,1,1,0,1,0,1,0,0,1,0,0,1,0,1,0,0,1,Meningitis
0,1,1,1,0,0,1,0,1,0,1,0,0,1,0,0,0,0,0,1,1,1,0,0,0,1,Dengue
0,0,0,1,1,1,1,0,0,1,0,0,1,1,1,1,1,0,0,0,1,1,1,0,0,1,UTI
0,1,1,0,1,1,0,0,1,1,0,0,1,1,1,0,0,0,1,0,0,1,0,0,0,0,Meningitis
1,0,0,0,0,0,1,0,0,0,0,0,0,1,0,0,0,0,1,0,0,1,0,0,1,1,Dengue
1,0,1,0,1,0,1,0,0,0,1,0,0,1,1,1,0,0,1,1,0,1,1,1,0,1,Appendicitis
0,1,1,1,0,0,1,1,0,0,0,0,0,0,1,1,1,0,1,1,0,1,0,0,1,1,Pneumonia
1,0,1,1,0,1,1,0,1,0,0,0,1,1,1,0,1,0,1,0,1,1,1,0,0,0,Malaria
0,1,1,0,0,1,0,1,1,0,0,0,1,0,1,0,0,1,1,1,0,0,0,1,1,1,Typhoid
1,0,0,1,1,1,0,0,0,0,0,0,0,0,0,0,0,1,1,1,1,1,0,0,1,1,Migraine
1,0,1,1,0,0,0,0,1,0,0,1,0,1,1,1,0,0,1,0,0,0,0,1,1,0,Chickenpox
0,0,1,0,0,0,0,0,0,0,1,0,0,1,1,0,1,1,1,1,1,1,0,0,0,0,Appendicitis
0,1,1,1,0,0,1,0,0,1,1,1,0,1,1,0,1,0,0,0,1,0,1,0,1,1,COVID-19
0,0,0,1,1,0,0,0,0,1,1,0,1,1,0,0,0,0,1,1,1,0,0,1,1,1,Meningitis
1,1,0,0,1,1,1,0,1,1,1,0,0,1,0,0,0,0,0,0,1,1,1,0,1,0,Common Cold
0,1,1,0,0,0,1,1,1,0,1,1,0,0,1,0,0,1,0,0,1,1,0,1,1,1,Dengue
1,0,1,0,0,1,0,1,1,1,1,1,1,0,1,1,0,0,1,0,0,1,1,1,0,1,Migraine
1,1,1,0,0,1,0,0,0,1,0,0,0,0,1,0,1,0,1,1,0,1,0,1,0,0,Gastroenteritis
0,0,1,0,0,1,1,0,0,1,1,0,0,1,1,0,1,0,0,1,1,0,0,1,1,0,Tuberculosis
1,1,0,1,1,1,1,0,0,0,1,0,1,1,1,1,1,1,0,0,1,0,1,0,0,0,Gastroenteritis
1,1,1,0,1,0,1,0,1,1,0,1,0,1,0,1,0,0,1,1,1,1,0,1,1,0,Migraine
1,0,1,0,0,0,0,1,0,0,0,1,0,0,0,0,0,0,1,1,1,0,1,0,1,1,Appendicitis
1,1,0,0,1,0,1,0,1,0,1,1,0,1,1,0,1,0,1,0,1,0,0,1,0,1,Tuberculosis
1,1,1,0,1,0,1,0,0,1,1,1,1,1,1,0,1,1,1,0,0,1,0,0,1,1,Pneumonia
1,1,0,0,1,0,1,0,0,0,0,0,0,0,1,0,0,1,0,0,1,1,1,0,1,1,Pneumonia
0,1,1,0,1,1,0,0,0,1,0,0,0,1,1,1,1,0,0,0,1,1,1,1,0,1,Migraine
1,0,0,0,0,1,0,1,1,1,1,0,1,0,1,1,1,0,1,1,1,0,0,0,0,1,Malaria
0,0,1,1,0,0,1,0,0,0,0,1,1,0,0,0,0,0,0,1,1,0,1,0,0,0,Dengue
1,0,0,1,1,0,1,0,0,1,1,1,0,1,0,0,0,1,0,1,0,0,1,0,1,0,COVID-19
0,1,0,1,1,1,0,0,0,0,0,1,1,0,1,1,1,0,1,1,0,1,1,0,0,0,Asthma
1,1,0,0,1,0,1,0,1,0,1,0,1,0,0,1,0,0,0,0,0,0,1,0,1,1,Appendicitis
1,0,0,0,1,1,0,1,1,0,1,0,1,0,1,1,1,0,1,1,1,1,0,1,1,0,Heart Disease
1,1,0,1,1,0,0,1,0,0,0,1,1,1,0,0,1,1,1,1,1,0,1,1,1,1,Food Poisoning
1,1,1,1,0,0,1,0,0,0,0,0,1,1,1,0,1,0,1,0,0,0,0,1,0,1,Food Poisoning
0,0,0,0,1,0,0,1,0,0,0,1,0,1,1,1,0,0,1,0,0,1,0,1,1,0,Typhoid
1,0,1,1,0,1,1,1,0,1,1,1,0,1,1,1,1,1,1,1,1,1,1,1,1,1,Heart Disease
1,0,1,1,0,0,0,0,1,0,0,1,0,1,0,0,0,0,1,1,1,0,1,1,1,0,Malaria
1,0,1,1,0,1,1,0,1,1,0,1,1,0,0,0,0,0,0,0,0,0,1,1,0,1,Typhoid
0,0,0,0,1,1,1,0,0,0,0,0,1,1,0,0,1,1,1,0,0,1,0,0,1,1,Common Cold
0,1,1,0,1,0,1,1,0,1,1,1,0,1,1,0,0,0,0,1,1,0,1,1,0,1,Migraine
1,1,1,1,1,1,1,0,1,0,1,1,1,0,0,0,1,1,1,1,0,1,0,1,1,0,Meningitis
0,0,0,1,1,0,0,1,1,1,1,1,1,1,0,0,0,0,0,0,1,0,1,0,1,0,Influenza
1,1,1,1,1,1,0,0,1,0,1,0,0,0,1,1,0,1,1,0,0,1,1,0,0,0,Pneumonia
1,1,1,0,1,0,0,1,0,0,1,0,0,0,1,1,0,0,1,1,1,1,0,1,1,1,Dengue
1,0,1,0,0,1,0,0,1,0,0,0,0,1,0,1,0,1,0,1,0,0,1,0,1,1,Common Cold
0,1,1,1,1,0,0,1,0,0,0,1,0,1,0,1,0,1,0,1,0,0,1,0,0,0,Pneumonia
1,1,1,1,0,1,1,0,0,1,0,0,1,1,0,1,0,0,0,1,1,0,1,1,1,0,Malaria
0,0,1,0,1,0,1,1,0,1,1,1,0,0,0,0,0,0,0,1,0,1,0,0,0,0,Dengue
1,0,0,1,1,0,0,1,1,1,1,0,1,1,0,1,0,1,1,0,0,0,1,0,0,1,Tuberculosis
1,0,1,0,0,1,0,0,0,0,0,1,1,1,1,0,1,1,0,0,0,0,0,1,1,1,Gastroenteritis
1,0,0,1,0,1,1,1,0,1,1,1,1,1,0,1,1,1,1,0,1,0,1,1,1,1,Bronchitis
0,0,0,0,1,1,0,1,0,0,1,0,1,1,1,1,1,1,1,1,0,0,0,0,1,1,Meningitis
1,0,0,1,0,1,1,1,0,0,1,0,0,0,0,1,1,1,0,0,1,0,1,1,1,0,UTI
0,0,0,1,1,0,0,0,0,1,1,1,1,1,1,0,1,1,0,1,1,0,0,1,1,1,Appendicitis
0,0,0,0,1,0,0,0,1,0,1,1,1,0,1,0,1,1,1,0,0,1,0,0,1,0,Migraine
0,1,1,0,1,1,1,0,1,1,1,1,0,1,0,1,1,0,1,0,0,0,0,0,1,1,Tuberculosis
0,1,1,0,1,1,1,0,0,0,0,1,0,0,1,1,0,0,0,1,0,1,0,0,1,1,Food Poisoning
1,1,0,0,1,0,1,0,0,1,0,0,1,1,0,0,1,0,0,1,1,0,1,1,1,1,Meningitis
0,1,1,0,1,0,0,1,1,0,1,1,0,1,1,0,0,1,0,1,0,1,1,1,1,1,Heart Disease
0,0,0,1,1,1,1,0,1,0,0,0,0,1,0,1,1,0,1,0,1,0,1,0,0,1,Heart Disease
1,1,1,1,0,0,0,1,0,0,0,1,1,1,1,1,0,1,0,1,1,1,0,0,0,1,Heart Disease
1,0,1,0,0,0,0,1,0,0,0,0,0,1,1,0,1,1,0,0,1,1,0,0,0,1,Tuberculosis
0,1,0,0,1,1,1,0,1,1,1,0,1,0,1,0,1,0,0,1,1,0,0,1,1,0,Tuberculosis
1,0,0,0,0,0,1,1,0,1,0,0,1,0,0,0,0,1,1,1,1,1,0,1,0,1,Appendicitis
0,1,1,0,0,0,0,0,1,1,0,0,0,1,0,1,1,0,0,1,0,0,0,1,0,0,Malaria
1,0,1,1,0,1,1,0,0,1,1,1,0,1,1,0,0,0,1,1,0,1,1,0,1,0,Dengue
0,1,1,1,1,0,0,1,1,0,1,1,0,0,0,1,0,1,0,1,0,1,1,0,0,0,COVID-19
1,0,0,1,1,0,0,1,0,0,1,0,1,1,1,0,0,1,0,1,0,1,0,1,0,1,Tuberculosis
0,0,1,0,1,1,1,1,0,0,1,1,0,0,0,1,1,1,0,0,0,1,1,1,0,0,COVID-19
0,0,1,0,0,0,0,0,0,1,0,1,1,0,0,1,1,0,1,0,1,0,0,1,1,1,Food Poisoning
1,1,1,0,1,1,0,1,0,0,1,1,1,0,0,1,1,0,0,0,1,1,0,0,1,1,Meningitis
1,0,0,1,1,0,1,0,1,0,1,0,0,1,0,1,1,1,1,0,0,0,0,0,0,0,Appendicitis
1,0,0,0,1,1,1,1,0,1,1,1,0,1,0,0,0,0,0,0,0,0,1,1,1,1,Tuberculosis
1,1,1,1,0,0,0,0,1,0,0,1,0,1,0,1,1,0,0,0,0,0,0,0,0,1,Heart Disease
0,0,1,0,0,0,0,1,0,1,0,0,1,0,1,0,0,0,1,0,1,1,1,0,1,1,Chickenpox
0,1,0,0,1,1,0,0,0,1,0,1,0,0,0,0,0,1,0,1,0,0,0,1,1,1,Tuberculosis
1,1,1,1,0,0,0,1,1,0,1,1,0,1,0,1,1,1,1,0,0,0,0,1,0,0,Chickenpox
1,1,0,0,1,0,1,0,0,1,0,0,1,1,1,1,1,1,0,0,1,0,1,0,0,1,Chickenpox
1,1,1,1,0,0,0,1,0,0,0,1,0,1,1,1,0,1,1,1,0,1,1,0,1,1,COVID-19
0,1,1,0,0,0,1,1,0,1,0,1,1,0,0,0,0,0,1,1,1,1,0,0,0,0,Asthma
0,1,0,0,0,0,1,0,0,0,1,0,0,1,1,1,1,0,1,1,0,0,1,0,0,1,Food Poisoning
1,1,0,1,1,1,0,1,0,0,1,0,1,1,1,1,0,0,0,1,0,1,0,0,0,1,Dengue
1,1,1,1,1,0,0,0,0,0,0,0,0,1,1,0,1,0,0,1,0,1,1,1,1,1,Arthritis
0,0,1,0,1,0,1,1,1,0,0,0,0,0,0,1,0,0,0,0,0,1,0,1,0,1,Meningitis
1,0,0,1,0,0,0,0,0,0,0,1,1,1,0,1,0,0,0,1,0,1,0,0,0,1,Arthritis
1,0,1,0,0,1,1,1,1,0,0,1,0,0,0,1,0,0,0,1,1,1,0,1,1,0,Meningitis
0,0,1,1,0,1,1,0,0,1,0,0,0,1,1,0,0,0,0,0,0,1,0,0,1,1,COVID-19
1,1,0,1,0,0,0,1,0,0,1,0,1,1,0,0,1,1,0,1,1,1,1,0,0,1,COVID-19
0,1,1,0,1,0,0,0,1,0,1,1,0,0,1,1,1,1,0,0,1,0,1,0,0,0,Chickenpox
0,0,0,1,0,0,0,1,0,1,1,1,1,1,1,0,0,1,1,0,1,0,1,1,1,0,Chickenpox
0,1,1,0,1,0,1,0,0,0,1,0,0,0,0,1,0,0,1,0,0,1,0,1,1,1,Tuberculosis
0,1,0,0,0,1,1,0,0,1,0,1,0,1,1,0,1,1,1,1,0,0,1,0,0,1,Appendicitis
0,0,0,0,0,1,0,1,0,0,0,1,0,0,1,0,1,0,1,0,0,1,1,0,1,0,Heart Disease
0,0,1,1,1,0,1,1,1,1,1,0,0,0,0,0,0,1,0,1,1,0,0,1,1,0,Influenza
1,0,1,1,0,1,0,0,0,1,0,1,0,1,0,1,0,1,0,0,1,1,1,0,1,1,Tuberculosis
0,0,0,0,1,1,0,0,1,0,0,1,1,0,1,1,1,0,0,0,1,1,1,0,1,1,Arthritis
1,1,1,1,0,0,1,1,0,0,1,1,1,1,1,0,0,1,1,1,1,1,0,1,0,0,Appendicitis
1,1,1,1,1,1,0,0,0,1,0,0,0,0,0,1,0,1,0,0,1,1,0,1,0,0,Tuberculosis
1,1,1,0,0,0,0,1,0,1,0,0,0,0,1,1,0,1,1,0,1,1,0,0,0,0,Arthritis
0,1,0,0,0,1,1,0,0,0,0,0,0,1,1,1,1,0,1,0,0,0,1,0,1,1,Tuberculosis
0,0,1,1,0,1,1,0,1,1,0,1,1,1,0,1,0,0,0,1,1,0,0,0,1,0,Bronchitis
1,0,1,0,0,1,1,1,1,1,0,1,0,0,1,0,1,1,0,0,0,0,0,0,0,1,COVID-19
1,0,1,1,0,0,1,0,0,1,1,0,0,0,1,1,0,1,1,1,1,0,1,0,1,0,Chickenpox
1,1,0,0,1,1,1,1,1,1,1,0,1,0,0,1,0,0,1,0,0,1,1,0,0,1,Migraine
0,1,0,0,0,1,0,0,1,0,1,0,1,1,0,1,1,0,1,1,1,1,0,0,0,0,Asthma
0,1,1,1,0,1,0,1,0,1,1,0,1,1,1,0,1,0,0,1,0,0,0,1,0,1,Appendicitis
1,1,1,1,1,0,0,0,1,1,1,1,1,1,1,0,1,1,1,1,1,1,0,0,0,0,Tuberculosis
0,1,0,1,0,1,1,1,0,1,1,1,1,1,0,1,0,0,0,1,0,0,0,1,1,0,Bronchitis
1,0,0,1,0,1,0,0,1,1,0,0,0,0,1,0,0,0,0,0,1,1,0,0,0,1,Conjunctivitis
1,1,1,1,0,1,0,0,1,1,0,1,0,1,1,0,0,1,1,1,1,0,1,1,1,0,Arthritis
1,0,1,0,1,1,1,0,0,1,1,0,0,1,0,1,0,1,1,0,1,0,0,1,1,0,Heart Disease
0,1,1,1,0,1,1,1,1,0,0,1,1,1,0,1,0,0,0,1,0,0,1,0,1,0,Migraine
0,0,0,1,0,1,1,0,1,1,0,0,0,0,1,0,0,0,0,1,1,1,0,0,1,0,Influenza
0,1,0,0,0,1,1,0,0,1,0,0,1,1,0,1,0,1,0,1,0,0,0,0,0,0,COVID-19
1,1,0,0,0,0,1,1,1,0,1,0,1,0,0,0,1,1,0,0,1,0,1,0,0,1,UTI
0,0,0,0,1,0,0,1,1,1,1,0,1,1,0,1,0,0,1,0,1,1,0,0,1,1,Typhoid
0,0,0,0,1,1,1,1,1,1,1,1,0,0,0,1,0,1,0,1,0,0,1,1,1,1,UTI
0,0,0,0,0,0,0,1,1,0,0,0,0,0,1,0,0,1,1,1,1,0,0,0,0,1,Gastroenteritis
0,0,1,0,1,0,1,1,1,0,1,1,1,1,1,0,0,0,0,0,0,0,1,1,1,0,UTI
0,0,1,0,0,1,1,1,1,1,1,1,0,1,1,1,0,0,0,1,0,1,1,1,0,1,Common Cold
1,0,0,0,0,1,1,1,0,1,1,1,0,1,1,0,1,1,1,0,0,0,0,1,1,1,Influenza
0,0,1,0,0,1,0,1,0,1,1,1,1,1,0,1,0,0,1,1,1,1,0,0,0,0,Meningitis
1,1,0,0,0,0,0,0,1,1,0,0,1,1,0,0,0,1,0,0,1,0,0,0,1,0,Meningitis
1,0,1,1,0,1,1,1,0,1,1,0,1,0,1,1,0,0,1,0,1,1,1,0,0,0,Influenza
0,1,0,0,0,0,1,1,1,1,0,0,1,1,0,0,0,1,1,1,1,0,0,0,1,1,Influenza
0,0,0,0,0,0,0,0,1,0,0,0,1,0,0,1,0,0,1,1,0,1,0,0,1,1,Hepatitis
1,1,0,1,1,1,0,1,1,0,1,0,0,0,0,1,1,1,0,1,0,1,0,0,0,1,Asthma
1,0,0,1,0,1,1,1,1,0,0,1,1,1,0,0,1,0,0,1,0,0,0,0,0,1,Typhoid
0,0,1,1,0,1,1,0,1,0,0,0,0,0,0,1,1,0,1,0,1,1,0,0,1,0,COVID-19
1,0,0,1,1,1,1,1,1,0,0,0,1,0,0,1,1,0,1,1,1,0,0,1,0,0,Migraine
0,0,0,1,1,0,0,1,0,1,0,1,1,1,0,0,1,0,0,0,0,1,0,1,0,0,Dengue
1,0,1,1,1,1,1,1,0,0,0,0,1,0,1,0,0,1,1,0,0,0,1,1,1,0,Pneumonia
1,1,0,0,1,0,1,1,1,0,0,0,0,1,1,1,0,0,1,1,1,0,1,0,0,0,Typhoid
0,1,0,0,1,1,0,0,0,1,1,0,1,0,0,1,1,0,1,1,1,1,0,0,0,1,UTI
1,0,1,0,1,0,1,1,1,0,1,0,0,1,0,1,0,0,1,1,0,0,1,0,0,0,Arthritis
1,0,0,1,0,1,0,0,1,0,1,1,1,1,0,0,0,0,1,1,0,0,0,1,1,0,Conjunctivitis
0,0,1,0,0,0,1,1,1,0,0,0,0,1,1,0,1,0,1,1,0,0,0,0,1,0,UTI
0,1,0,0,0,0,0,0,0,0,1,1,0,1,0,1,1,0,1,0,0,1,0,1,1,1,Heart Disease
1,1,1,1,0,0,0,0,0,1,1,1,0,0,1,0,0,1,1,0,1,0,1,0,1,0,UTI
1,0,1,0,1,0,0,1,1,0,0,0,1,1,1,0,0,1,1,0,1,1,0,1,0,0,Appendicitis
1,1,1,1,1,0,0,1,1,0,1,0,0,0,0,0,0,0,1,1,0,0,0,0,1,1,Arthritis
0,1,0,0,0,0,1,0,1,1,1,0,0,0,0,0,0,0,0,0,0,0,1,0,0,0,Asthma
1,0,1,0,1,1,1,1,0,0,0,1,0,0,1,1,0,1,0,0,1,0,1,0,0,1,Bronchitis
0,1,0,0,1,0,1,0,0,0,1,0,1,0,1,1,0,1,0,1,1,1,1,1,0,0,COVID-19
1,1,0,1,0,1,1,0,1,1,1,0,1,1,0,0,1,0,1,0,1,0,1,1,0,1,COVID-19
0,1,0,1,1,0,1,1,1,0,1,1,0,1,0,0,1,1,1,1,1,0,0,1,1,0,Food Poisoning
0,1,0,0,0,0,0,0,1,0,1,0,0,1,1,0,1,1,1,1,0,0,0,1,0,0,Typhoid
0,1,1,1,1,1,1,0,1,0,1,0,0,0,0,1,1,0,1,0,0,0,1,1,0,1,Typhoid
1,1,0,0,0,1,1,0,0,0,1,0,0,1,1,1,0,1,0,0,1,1,1,1,0,0,Dengue
0,0,1,1,0,1,0,0,1,0,0,0,1,0,1,1,0,0,1,1,0,0,1,1,0,1,Asthma
1,0,1,0,1,0,0,1,1,1,1,1,1,1,0,0,0,1,0,1,1,0,0,1,0,1,Gastroenteritis
1,1,0,0,0,1,1,1,1,1,1,0,1,1,0,1,1,0,0,0,0,0,0,0,1,1,Meningitis
1,1,1,0,1,0,0,1,1,0,0,1,1,0,1,0,1,1,1,0,0,1,0,0,1,0,Malaria
1,1,0,0,0,0,0,0,1,1,0,0,1,1,0,1,0,1,0,0,1,0,1,1,0,0,Dengue
1,1,1,0,0,1,0,0,0,0,1,0,0,0,1,0,0,0,1,1,0,0,1,1,1,0,Conjunctivitis
1,0,1,1,0,0,1,0,1,1,0,1,0,0,1,1,0,0,0,1,0,0,1,0,1,0,Dengue
1,1,1,1,1,0,0,1,1,1,0,0,1,0,1,1,0,0,1,0,1,0,0,1,1,0,Influenza
1,0,0,0,0,0,1,1,0,0,1,0,0,1,1,0,1,0,1,1,1,1,1,1,0,0,Common Cold
0,0,0,1,1,0,0,0,0,1,1,1,0,1,1,1,1,1,1,0,1,0,0,0,1,1,Typhoid
0,0,0,0,0,0,0,1,0,0,0,0,0,0,0,1,1,1,1,1,1,0,0,1,0,1,UTI
1,1,1,1,1,0,0,0,1,1,1,0,1,1,0,1,0,1,1,0,1,0,0,1,0,1,Migraine
0,0,0,1,0,0,1,0,1,1,1,1,0,0,0,0,0,0,1,1,0,0,0,0,1,0,Malaria
0,1,0,1,0,0,1,0,1,0,1,0,1,1,0,0,0,1,0,0,1,0,0,0,1,0,Common Cold
0,0,1,0,1,1,1,0,1,1,1,0,1,1,0,1,0,1,0,1,1,0,1,0,1,0,UTI
1,1,1,1,0,1,1,1,1,1,1,1,0,0,1,0,0,1,0,0,1,1,1,0,0,1,Food Poisoning
0,0,0,1,0,0,0,0,1,1,0,1,0,0,1,0,0,1,0,1,0,0,0,1,0,1,Chickenpox
1,1,1,0,0,0,0,0,0,1,1,1,1,0,0,0,1,1,0,0,0,1,1,1,0,0,Tuberculosis
1,0,0,1,1,0,0,0,1,1,1,0,1,1,1,1,1,1,0,0,0,0,0,1,0,1,Conjunctivitis
1,0,0,0,0,1,0,1,0,1,1,1,1,1,0,0,0,0,0,0,0,1,1,1,1,0,Appendicitis
0,1,0,1,0,0,0,0,0,0,1,1,1,0,1,1,0,0,1,0,0,1,1,1,0,1,Asthma
0,1,0,1,0,0,1,1,0,1,0,0,0,0,1,1,1,0,0,0,0,0,1,1,1,0,Hepatitis
1,1,0,1,0,0,1,0,1,0,0,0,0,1,1,0,1,0,0,0,0,1,1,1,1,0,Arthritis
0,0,1,1,0,0,0,1,0,1,0,0,1,1,0,1,1,1,1,1,0,1,1,0,0,1,Typhoid
0,1,0,0,0,1,1,1,0,0,0,0,1,1,0,0,0,0,0,0,0,0,0,1,0,1,Chickenpox
0,0,1,0,0,0,0,1,1,1,0,1,0,1,0,0,1,0,1,1,1,1,1,1,0,1,Influenza
0,0,0,1,1,1,0,0,0,1,1,0,0,0,1,0,0,0,0,0,1,0,1,0,0,0,Meningitis
0,1,0,0,0,1,1,1,1,1,0,1,1,1,0,0,0,1,0,0,1,0,0,0,0,1,Asthma
0,1,1,0,1,1,1,0,0,1,0,1,0,0,0,1,0,0,0,0,0,1,0,1,0,1,Influenza
1,1,1,1,0,0,1,0,0,0,0,0,0,1,1,0,0,0,0,0,1,0,1,0,1,1,Malaria
1,1,1,1,1,0,0,1,0,0,1,0,1,0,1,1,0,0,1,0,1,0,1,1,1,0,Bronchitis
0,1,1,0,0,0,1,0,1,1,0,1,0,1,1,1,0,1,1,0,0,0,1,0,1,0,Chickenpox
0,1,0,0,0,0,1,1,1,0,0,1,0,1,0,0,0,1,0,1,0,0,1,0,1,1,Appendicitis
0,0,1,1,0,1,1,1,1,0,1,1,1,0,0,1,0,0,0,0,0,1,1,1,1,0,Migraine
0,1,1,0,0,0,1,0,0,0,1,1,1,0,1,1,1,1,0,1,0,0,0,0,0,0,Asthma
0,0,0,1,1,0,1,1,0,1,1,1,1,1,0,1,0,0,0,1,1,0,1,1,1,0,Dengue
1,0,1,0,1,1,1,1,0,0,0,0,0,1,1,0,0,1,1,1,0,0,1,1,1,0,Heart Disease
1,1,1,0,0,0,1,0,0,1,1,0,0,0,1,1,1,1,1,1,0,1,0,1,0,0,Hepatitis
1,1,1,0,1,0,1,0,1,0,1,0,0,1,1,1,0,0,1,1,1,0,0,1,0,1,Dengue
0,0,0,1,1,0,0,0,0,1,0,1,1,0,1,0,1,1,1,0,0,1,1,0,1,0,Influenza
1,0,1,1,1,1,0,1,1,0,0,0,1,0,1,1,1,1,1,0,1,0,1,1,1,1,Asthma
0,1,1,1,1,1,0,0,0,0,0,1,1,1,1,1,1,0,1,0,0,0,0,0,1,1,Malaria
1,1,1,0,1,0,1,0,1,0,1,0,0,1,1,1,0,1,0,1,1,1,0,0,0,0,Migraine
0,1,0,1,1,0,0,0,0,1,0,1,1,0,1,1,1,1,0,0,0,0,0,0,0,1,Typhoid
0,1,0,1,0,0,0,0,0,1,0,0,0,1,0,0,1,0,1,0,0,0,0,1,1,0,Hepatitis
0,1,1,0,0,0,1,0,0,0,0,1,1,1,1,0,0,1,1,1,0,0,1,0,0,0,Meningitis
1,0,1,1,0,1,0,1,1,0,0,1,0,0,0,1,1,1,1,1,0,1,0,1,1,0,Migraine
1,0,0,1,1,1,1,1,0,0,1,1,0,1,1,0,0,0,1,0,1,1,1,1,1,1,COVID-19
1,1,0,0,0,0,1,1,0,0,1,1,0,0,1,1,0,0,0,0,0,1,1,0,1,0,COVID-19
1,1,1,0,0,0,1,1,0,0,0,0,0,0,1,1,0,0,0,1,1,1,1,1,1,0,Asthma
1,1,1,0,0,1,0,1,1,1,1,0,1,0,1,0,1,0,1,1,0,0,0,1,1,0,Common Cold
0,1,0,0,0,0,1,1,1,0,0,0,1,0,0,0,0,1,1,1,0,0,1,1,0,1,Migraine
0,0,1,0,1,1,1,1,0,0,0,0,0,0,1,1,1,0,0,0,1,1,1,1,1,1,Asthma
0,1,0,0,1,1,0,1,1,1,0,1,1,0,0,0,1,1,0,1,0,0,1,1,1,0,Gastroenteritis
0,1,1,0,1,0,0,1,1,0,0,1,1,0,0,1,0,1,0,1,0,0,1,0,1,0,Typhoid
0,1,1,1,1,0,0,1,0,1,1,1,1,0,1,0,1,1,0,0,0,1,1,1,0,1,Meningitis
0,0,0,1,0,0,0,0,1,0,0,0,0,0,0,0,1,0,0,1,0,0,1,1,1,1,Common Cold
0,1,0,0,1,1,0,1,1,0,1,1,1,1,0,0,1,0,0,1,0,1,0,0,0,0,Migraine
1,0,0,0,1,1,0,0,0,0,0,1,1,1,0,0,0,1,1,1,0,0,0,1,0,0,Malaria
1,0,0,1,1,0,0,0,0,1,1,0,0,1,0,1,0,0,1,0,1,0,0,0,1,1,Arthritis
1,0,0,1,1,0,0,0,1,0,1,1,0,0,1,1,0,0,1,1,0,1,0,0,0,1,Influenza
0,0,1,1,1,0,0,1,1,0,0,1,1,1,0,0,1,0,0,0,1,0,0,0,1,0,UTI
1,0,0,1,0,0,1,1,1,1,1,1,1,1,0,1,1,0,0,0,0,1,1,1,1,1,Chickenpox
0,1,1,1,0,1,1,0,1,0,1,1,0,0,0,0,1,1,1,1,1,0,0,0,1,0,UTI
0,0,0,1,0,0,0,0,1,1,0,1,0,0,1,1,1,1,1,1,0,0,1,0,1,0,Pneumonia
1,0,0,0,1,0,0,0,1,1,0,0,0,0,1,1,0,0,0,1,1,0,1,0,1,1,Bronchitis
0,1,1,0,1,0,0,0,0,0,0,0,0,0,1,1,1,1,0,0,1,1,1,0,1,0,Conjunctivitis
1,1,1,0,1,1,0,0,1,0,1,1,0,0,0,0,1,1,1,1,1,0,0,0,1,0,Pneumonia
1,0,1,1,0,0,1,1,0,0,0,1,1,1,1,1,1,0,1,1,0,1,1,0,0,1,Migraine
0,1,0,1,0,0,1,1,1,0,0,0,1,1,0,0,0,1,0,0,1,0,0,1,0,0,Tuberculosis
0,0,1,1,1,0,1,0,1,0,0,1,1,1,0,1,0,0,1,0,1,1,0,1,1,1,Conjunctivitis
1,0,1,1,1,0,0,1,1,0,1,1,1,0,0,0,0,0,0,1,1,0,1,1,0,1,Bronchitis
1,1,0,0,1,0,0,1,0,0,1,0,0,1,0,1,1,1,0,0,0,1,1,1,0,1,Chickenpox
0,0,0,0,1,0,1,0,1,1,0,1,0,1,0,0,1,1,1,1,1,1,0,1,0,1,Appendicitis
1,1,0,0,1,1,0,1,1,0,1,0,0,0,0,0,1,0,1,0,1,1,0,0,1,1,Conjunctivitis
0,0,0,0,1,1,0,0,0,0,1,0,0,0,0,0,1,1,0,1,1,0,0,0,1,1,Dengue
1,0,1,0,1,0,0,1,1,1,0,0,1,0,1,1,1,1,0,1,1,0,1,1,0,1,COVID-19
1,0,1,1,0,0,1,1,1,1,0,1,1,1,1,0,1,1,0,0,1,0,1,0,0,0,Bronchitis
1,1,0,0,0,0,1,1,0,0,1,1,0,1,1,0,0,0,0,1,1,1,1,1,1,0,Food Poisoning
1,0,1,0,1,1,1,0,1,0,1,0,0,0,1,1,0,0,0,0,0,1,0,0,1,1,Typhoid
0,0,0,1,1,1,0,0,0,1,0,0,0,1,0,0,1,0,0,0,0,1,0,0,1,0,Gastroenteritis
1,0,0,1,1,0,1,0,0,1,1,1,0,0,1,1,0,0,1,0,1,0,1,1,0,1,Pneumonia
0,1,0,0,1,1,1,1,1,1,0,0,0,1,1,0,1,0,0,1,0,1,1,0,0,0,Tuberculosis
0,0,0,1,0,0,0,1,0,1,1,0,0,0,0,1,0,1,1,0,0,0,1,1,0,0,Chickenpox
0,0,1,1,0,0,1,1,0,0,0,1,0,0,0,1,0,0,1,1,0,0,1,0,1,1,Gastroenteritis
1,1,0,1,0,1,1,1,0,1,1,0,1,0,1,0,0,0,1,1,0,1,1,0,1,0,Food Poisoning
0,0,0,0,1,1,0,1,1,1,1,1,1,0,0,0,1,0,1,1,1,0,1,1,0,1,Conjunctivitis
1,1,1,1,0,1,0,0,0,0,0,0,1,0,0,1,0,1,0,0,1,1,0,0,0,0,Dengue
1,1,1,1,0,0,1,0,1,0,1,1,0,0,1,0,0,1,1,1,0,1,0,1,1,0,Migraine
1,1,1,0,0,0,1,1,0,1,1,0,1,1,0,0,0,1,1,1,1,1,0,1,1,1,Malaria
1,0,0,1,1,0,1,0,0,0,0,1,1,0,0,0,1,0,1,1,0,1,0,0,0,1,Arthritis
0,0,0,1,0,1,0,0,0,0,0,0,1,1,0,1,1,0,1,0,0,0,0,1,1,1,UTI
0,1,0,1,0,1,0,0,1,0,1,1,0,0,0,1,0,0,0,0,1,0,0,0,1,0,Bronchitis
1,0,1,0,0,1,0,1,1,1,1,0,0,1,0,1,0,1,1,1,1,1,1,1,1,0,Heart Disease
1,0,1,1,0,0,1,0,1,1,0,0,1,1,1,1,1,0,1,1,1,1,1,1,0,1,Dengue
1,1,1,0,1,0,0,0,1,0,0,1,0,1,1,1,0,0,1,1,0,1,1,0,0,0,Asthma
0,0,0,1,0,1,0,1,0,1,1,0,1,0,1,1,0,1,0,0,1,0,0,0,1,1,Pneumonia
1,1,1,0,1,0,1,0,0,1,1,1,0,0,1,0,1,0,0,0,0,1,1,1,0,0,Arthritis
1,0,0,0,0,1,1,1,1,1,1,0,0,0,0,0,0,1,0,1,0,0,0,0,0,1,Hepatitis
0,0,1,0,1,1,1,1,0,0,0,1,1,0,0,0,1,0,0,1,0,1,1,1,0,1,Bronchitis
0,0,0,1,1,1,1,0,0,0,1,0,0,0,0,1,0,0,1,0,1,0,1,0,1,1,COVID-19
0,0,0,1,0,1,1,1,0,1,1,0,1,0,1,1,1,1,0,1,0,1,1,0,1,0,Appendicitis
0,0,0,0,1,1,0,0,1,0,0,0,1,0,0,0,0,1,1,1,1,0,1,1,1,1,Typhoid
0,1,1,0,1,0,1,1,1,1,1,0,0,1,0,0,0,0,0,0,1,0,1,1,1,1,Migraine
0,0,1,1,0,1,0,0,0,0,0,0,1,0,0,1,0,1,1,0,0,0,1,1,1,0,Arthritis
0,1,0,0,1,1,0,1,0,0,0,1,1,0,0,0,1,1,1,0,0,1,0,0,1,1,Gastroenteritis
1,0,1,1,0,0,1,0,0,1,1,1,0,1,0,1,1,1,1,1,1,1,1,1,1,0,Dengue
0,0,0,1,1,0,1,1,1,1,1,1,0,0,0,0,0,0,0,1,0,0,1,0,1,1,Malaria
0,1,0,1,1,0,1,0,0,1,1,0,0,0,1,0,0,0,1,1,0,1,1,0,1,1,UTI
1,0,0,1,1,1,1,0,0,1,1,1,1,1,0,1,0,0,1,0,1,0,0,1,1,1,Arthritis
1,1,0,1,0,1,1,1,0,0,1,0,1,0,1,0,0,1,0,1,1,0,1,1,1,1,Arthritis
0,1,0,1,1,1,1,1,0,1,1,0,1,0,0,1,1,0,1,1,1,0,0,1,1,1,UTI
0,1,0,0,1,0,1,0,0,0,1,0,1,1,0,1,1,0,1,1,1,0,0,0,0,1,Common Cold
0,1,1,1,1,0,0,1,1,0,0,1,0,1,1,0,1,0,0,1,0,1,0,1,0,1,Pneumonia
1,0,1,1,0,0,0,0,0,0,0,1,0,0,1,1,0,1,0,1,0,0,1,0,1,1,COVID-19
1,0,0,1,1,1,1,1,0,0,0,0,1,0,0,0,1,1,0,0,0,0,1,1,0,1,Common Cold
0,0,1,0,1,0,1,1,0,0,0,1,0,0,1,0,0,1,1,1,0,1,1,1,1,0,Hepatitis
1,0,0,0,0,0,1,0,1,1,1,1,1,1,0,0,0,0,0,1,0,0,0,0,0,1,Chickenpox
1,0,0,1,1,0,1,1,1,0,0,1,0,1,1,1,1,0,1,1,1,1,1,1,1,0,UTI
1,1,1,1,0,0,1,0,0,1,0,0,0,1,1,1,1,1,1,0,1,1,0,1,1,1,Common Cold
1,1,0,0,0,0,0,1,0,1,0,1,1,1,1,0,1,1,0,1,1,1,0,1,1,1,Common Cold
1,0,1,1,0,1,1,1,1,1,1,0,1,0,0,0,0,0,1,0,0,0,1,1,0,0,Malaria
0,1,1,1,1,0,0,0,1,1,1,1,0,0,1,1,0,0,0,1,0,1,0,1,1,0,Arthritis
0,1,1,1,0,1,1,1,1,0,0,0,1,1,0,0,0,1,0,0,1,1,1,0,0,1,Heart Disease
0,0,1,1,0,0,1,0,0,1,0,1,1,1,0,0,1,1,0,0,1,0,0,0,1,0,Influenza
1,0,1,0,0,0,0,1,0,0,1,1,1,0,1,0,1,1,1,0,0,0,1,1,0,1,Bronchitis
1,0,1,1,1,0,0,0,1,0,1,1,0,0,1,1,1,0,1,0,1,0,0,0,0,1,Influenza
1,0,0,1,0,0,0,1,0,1,1,1,1,1,1,1,0,0,0,1,1,0,0,1,1,1,Gastroenteritis
1,1,1,1,1,1,1,0,1,1,0,1,1,0,1,1,1,0,1,1,0,0,0,0,1,0,Arthritis
1,1,0,1,0,0,0,1,0,1,1,1,0,1,0,0,0,0,1,1,1,0,0,0,1,0,Common Cold
1,0,1,1,0,0,0,0,0,1,0,0,1,1,1,1,0,0,0,0,1,1,0,1,0,0,Tuberculosis
0,1,1,0,0,0,0,1,1,1,0,0,0,1,1,0,0,0,1,1,1,0,0,0,0,0,Pneumonia
1,1,1,0,1,1,1,1,0,0,1,0,1,0,1,1,1,1,1,1,1,0,1,0,1,1,Conjunctivitis
0,1,0,1,0,1,1,0,1,0,0,1,0,0,1,0,1,0,1,0,0,1,1,1,1,1,Typhoid
0,1,1,0,1,0,1,0,1,0,1,1,1,0,0,1,1,1,0,1,0,0,1,1,1,0,Pneumonia
1,1,1,1,0,1,0,1,0,0,0,0,1,1,1,1,0,0,1,0,0,1,1,1,1,1,Migraine
1,0,1,0,1,1,1,1,0,1,1,0,1,0,0,0,0,0,0,1,1,1,1,1,1,1,Influenza
0,0,0,1,0,0,1,1,1,0,1,0,1,0,1,1,0,0,1,1,0,1,1,1,1,0,Dengue
0,1,0,0,1,0,1,0,0,1,0,0,1,1,0,0,1,0,0,0,0,0,1,0,0,1,Migraine
1,0,0,1,0,0,0,1,0,0,1,0,1,0,0,1,0,1,1,0,1,1,1,0,0,1,Hepatitis
0,0,0,1,1,0,0,1,0,1,0,1,1,0,0,0,1,1,1,0,1,0,0,1,1,0,Pneumonia
1,1,1,0,1,0,1,0,1,1,1,0,0,1,0,1,1,0,1,0,0,0,1,0,0,0,Conjunctivitis
0,1,0,0,1,1,1,0,0,1,0,1,0,0,0,1,0,1,0,1,0,1,0,0,0,0,Hepatitis
0,0,1,1,0,1,0,1,1,1,1,1,0,1,0,0,0,0,0,0,1,1,0,0,1,1,Asthma
0,0,1,0,0,0,1,0,0,1,0,1,1,1,1,0,0,0,1,0,1,0,1,0,0,1,Food Poisoning
1,0,1,1,1,0,1,0,0,1,0,0,1,1,0,1,0,0,0,0,0,1,0,1,0,0,Typhoid
1,0,1,0,1,1,0,1,0,1,1,1,0,1,0,1,1,1,1,0,0,0,1,1,0,1,Chickenpox
0,1,1,0,1,1,1,1,1,1,0,0,0,1,1,0,0,0,1,0,1,1,0,0,0,0,Typhoid
1,1,0,1,1,0,1,0,1,0,1,0,1,1,1,0,0,0,0,1,1,1,0,0,0,1,Common Cold
0,0,0,0,1,0,1,0,1,1,0,1,0,0,1,1,0,1,1,0,0,0,1,1,0,1,Arthritis
0,0,1,0,1,1,1,0,0,1,0,0,1,0,0,0,0,1,0,0,1,0,1,1,1,1,Appendicitis
0,1,0,1,1,1,0,1,0,0,0,0,1,1,1,0,1,1,0,1,0,0,0,0,0,0,Meningitis
1,0,0,0,0,1,1,0,1,0,0,1,0,0,1,0,0,1,0,0,1,0,1,1,0,0,Appendicitis
0,0,1,1,0,1,0,0,1,0,0,1,1,1,0,1,0,1,0,1,0,1,1,1,1,0,Meningitis
0,1,1,0,1,1,0,1,0,0,0,1,0,0,0,0,0,0,1,1,0,1,0,1,1,0,Meningitis
1,1,1,1,1,0,1,1,0,1,0,1,0,0,0,1,1,1,0,0,1,1,0,1,1,0,Meningitis
1,1,1,1,0,1,1,0,0,0,0,1,0,0,1,1,0,0,1,0,0,0,1,1,0,1,Gastroenteritis
0,1,1,0,1,0,0,1,1,0,1,1,0,0,0,1,0,1,0,0,1,1,1,1,0,1,Pneumonia
1,0,1,1,0,1,1,1,0,1,0,1,0,1,0,1,0,0,0,1,1,0,1,0,0,0,Malaria
1,1,0,0,0,1,1,1,1,0,1,1,1,0,0,0,0,0,1,0,1,1,1,1,0,1,Gastroenteritis
1,1,0,0,0,0,0,1,1,0,0,1,1,0,0,1,0,0,0,1,1,1,0,1,0,1,Typhoid
1,1,0,0,0,1,1,0,0,1,1,1,0,0,1,0,1,0,1,1,1,1,1,1,1,0,Common Cold
0,0,1,1,0,0,0,1,1,0,0,0,1,0,0,1,0,1,1,1,0,0,0,0,1,0,Gastroenteritis
0,1,0,0,0,1,1,0,1,0,0,1,1,0,0,0,1,0,0,0,1,1,0,0,1,0,Malaria
0,0,0,1,0,0,1,1,0,1,1,0,1,0,0,1,1,0,0,1,0,0,0,0,0,1,Chickenpox
1,1,1,1,0,1,0,0,1,0,0,0,0,0,0,1,0,1,1,1,0,1,1,1,0,0,Asthma
1,0,1,0,0,0,1,0,0,0,1,0,0,0,0,1,0,0,1,0,1,0,1,1,0,0,Tuberculosis
1,1,1,0,0,1,0,0,0,1,0,1,0,1,0,0,0,0,0,0,1,0,1,0,0,1,Common Cold
1,1,0,1,1,0,0,0,1,0,0,0,1,1,0,1,1,1,0,0,1,1,0,1,1,0,Chickenpox
1,0,1,1,1,0,1,1,0,0,1,1,0,0,0,0,0,1,0,1,1,0,0,0,1,1,Tuberculosis
0,0,0,0,1,1,0,0,1,0,0,0,1,0,0,1,0,1,1,0,0,1,1,1,1,1,UTI
1,0,1,0,0,0,1,0,0,1,1,1,1,0,1,0,0,1,1,1,0,0,0,1,1,0,Heart Disease
0,1,1,1,1,1,0,1,1,0,1,0,0,1,1,0,0,0,1,0,0,1,1,0,1,0,Food Poisoning
0,1,0,1,0,1,0,1,1,1,1,1,0,1,0,1,1,0,1,0,1,1,1,0,1,1,Food Poisoning
0,0,1,1,0,1,1,1,1,0,1,0,1,1,0,0,1,1,0,1,1,1,1,0,0,0,Migraine
0,0,1,0,0,0,1,1,0,0,0,0,1,1,1,0,0,0,1,0,0,0,0,1,0,1,Migraine
0,0,0,0,1,0,1,0,0,0,1,1,1,1,0,1,0,1,1,0,1,1,1,1,0,0,Pneumonia
1,1,0,1,0,0,1,1,0,1,1,0,0,1,1,0,1,1,0,0,0,0,1,1,1,1,UTI
0,1,1,1,0,1,1,1,0,0,1,1,0,1,1,1,1,1,0,1,0,0,0,1,0,1,Arthritis
0,1,0,0,0,1,1,1,1,1,0,0,1,0,1,0,1,1,1,0,1,0,1,0,0,0,Food Poisoning
1,0,0,1,0,1,0,0,0,0,1,0,1,1,0,1,0,0,0,1,1,1,0,0,1,1,Pneumonia
1,0,0,1,1,0,0,0,1,0,1,0,0,0,1,0,1,1,1,0,0,0,1,1,1,1,Meningitis
1,0,1,0,1,0,1,0,1,1,0,0,1,1,1,1,0,1,0,0,0,1,1,1,1,0,Food Poisoning
1,0,0,1,1,1,0,1,1,0,0,1,1,1,0,0,1,0,1,1,1,1,0,1,1,0,Bronchitis
0,0,1,1,0,0,0,0,1,1,1,0,0,0,0,0,1,1,1,0,1,0,0,1,0,0,Common Cold
1,0,1,0,0,1,0,0,0,0,1,1,0,1,1,0,1,0,1,0,1,1,1,1,0,0,Hepatitis
0,0,0,0,1,1,1,1,1,0,1,1,1,1,0,1,1,0,1,0,1,0,0,1,0,1,Migraine
1,0,0,1,1,0,1,1,0,0,1,1,1,0,0,0,1,0,0,1,0,1,0,0,0,0,Meningitis
0,1,1,1,0,1,0,1,0,0,1,1,1,0,1,1,0,0,1,0,1,0,1,0,0,0,Influenza
0,1,0,1,1,0,1,0,0,1,1,0,1,1,0,1,1,1,1,0,1,0,1,0,0,0,Conjunctivitis
0,0,1,1,0,0,0,0,0,1,1,1,1,1,0,0,1,0,1,1,1,0,0,1,1,0,COVID-19
0,0,1,1,1,1,0,0,1,0,1,0,0,1,1,1,1,1,1,1,1,0,1,1,1,1,Food Poisoning
1,0,1,1,1,0,1,1,0,1,0,0,0,1,1,1,0,0,1,1,0,0,0,0,0,1,Heart Disease
0,1,1,1,0,1,1,0,1,0,1,0,1,0,1,1,1,0,0,1,0,1,0,0,0,0,Malaria
0,1,1,1,1,0,1,0,1,1,1,1,0,1,0,1,0,1,1,1,1,0,1,0,1,1,Food Poisoning
0,0,0,1,0,1,0,0,1,1,0,0,0,0,0,0,1,1,0,1,0,1,1,1,0,0,Malaria
0,0,0,0,0,0,1,1,0,0,1,1,1,1,0,0,1,0,0,0,1,0,0,1,1,1,Gastroenteritis
0,1,0,1,0,1,1,1,0,1,1,1,1,0,1,0,1,0,0,0,1,1,0,0,1,1,Food Poisoning
1,0,0,1,0,0,1,0,0,1,1,0,1,0,1,0,0,0,0,1,0,0,1,0,0,1,Arthritis
1,0,0,0,1,0,0,1,0,0,1,1,1,0,1,0,0,0,0,0,1,0,0,1,0,1,Meningitis
1,0,0,1,1,1,0,1,0,1,0,1,0,0,1,0,1,1,1,0,1,1,0,0,1,0,UTI
0,0,0,1,0,1,0,0,0,1,1,0,0,1,0,0,1,0,0,1,0,0,1,0,0,0,Tuberculosis
1,0,0,1,0,1,0,0,1,1,1,1,1,0,1,1,0,1,1,0,1,1,1,0,1,1,Influenza
0,0,1,0,1,0,0,0,1,1,1,1,1,1,0,1,1,1,0,1,0,1,1,1,1,0,Gastroenteritis
1,1,1,1,0,1,1,0,1,1,1,1,0,0,0,1,1,1,0,0,0,0,0,0,0,0,Dengue
1,0,1,1,0,0,1,1,0,1,0,0,1,0,0,0,1,1,1,1,1,1,1,1,1,0,Appendicitis
1,1,1,1,1,0,1,1,0,0,0,1,0,0,0,1,1,1,0,0,1,1,1,0,1,1,Chickenpox
0,0,1,1,0,1,1,1,0,0,0,0,0,1,0,1,0,0,1,0,1,1,1,0,0,1,UTI
0,1,1,0,0,0,1,1,0,0,1,1,0,0,0,0,0,1,1,0,0,0,1,0,0,1,Appendicitis
0,0,1,1,1,1,0,0,1,1,0,0,1,1,1,0,1,0,1,1,1,1,1,0,1,1,UTI
0,0,1,0,0,0,1,1,1,1,1,0,0,1,0,0,0,0,0,1,1,1,0,0,1,0,Asthma
1,0,0,1,1,1,1,0,0,0,0,1,0,1,0,1,1,1,0,1,0,0,1,1,1,0,Bronchitis
0,1,1,1,1,0,0,1,0,0,0,0,1,0,0,1,0,1,1,1,0,0,1,0,0,1,COVID-19
1,0,0,1,0,1,0,0,0,1,0,1,0,0,1,1,1,0,1,1,0,1,0,1,0,1,Common Cold
1,0,1,1,1,1,0,0,1,1,0,0,1,0,0,0,0,1,1,1,0,1,1,1,1,1,Appendicitis
0,1,1,1,1,1,0,1,0,1,1,0,0,1,0,1,1,1,1,1,1,0,1,0,1,0,Conjunctivitis
1,1,0,0,1,0,0,1,1,1,0,0,1,1,0,0,1,1,1,1,1,1,0,0,0,1,UTI
1,0,0,0,0,0,0,0,0,1,0,0,0,0,0,0,1,1,0,1,0,0,1,1,1,0,Appendicitis
1,1,0,1,0,1,0,1,0,1,0,1,0,0,0,0,1,0,0,1,0,0,0,0,0,0,UTI
1,1,1,1,1,1,0,1,0,0,1,0,0,0,1,0,0,1,1,1,0,1,0,0,1,1,UTI
1,1,0,0,1,0,0,1,0,1,1,0,0,1,0,0,0,1,1,0,1,1,0,0,0,1,Hepatitis
0,1,0,1,1,1,0,0,1,1,1,1,1,1,0,1,0,1,0,1,0,1,1,0,1,1,Meningitis
0,0,1,0,1,1,0,0,1,1,1,1,1,0,0,0,1,0,1,0,1,1,1,0,1,0,Malaria
1,1,1,0,1,0,1,0,0,0,0,0,1,1,1,0,1,0,1,0,0,0,0,1,1,1,Influenza
0,0,1,1,0,1,1,1,1,0,1,1,0,1,1,1,0,1,0,0,0,1,0,1,1,1,Tuberculosis
0,0,0,0,0,0,1,1,1,0,0,1,0,1,1,0,0,0,0,0,0,1,1,1,1,1,Conjunctivitis
1,1,1,0,1,1,1,0,1,0,1,0,1,0,0,0,1,0,1,1,0,1,1,1,1,0,Arthritis
0,1,0,0,1,1,1,0,0,0,0,1,1,0,0,1,1,0,0,0,0,0,1,0,1,1,Malaria
0,1,1,1,0,0,1,0,0,0,1,0,0,1,0,1,0,1,1,1,0,1,1,0,0,1,Tuberculosis
0,0,0,1,1,1,1,1,1,0,0,1,1,1,0,1,1,0,1,1,1,1,1,0,1,0,Appendicitis
0,1,0,0,0,0,1,0,1,0,1,1,1,0,1,0,0,1,1,1,1,0,1,1,1,0,Common Cold
0,1,0,0,0,0,1,1,1,1,0,1,0,0,1,0,0,0,1,0,0,1,0,0,1,0,COVID-19
0,0,1,0,1,1,0,1,1,0,1,0,0,0,1,1,1,0,1,0,0,0,1,1,0,0,Asthma
1,0,1,1,1,0,0,1,1,1,1,1,1,0,1,0,0,1,0,0,0,1,1,1,1,1,Hepatitis
0,1,0,0,1,0,0,1,0,0,0,1,0,1,0,0,1,0,0,1,1,0,0,0,0,0,Common Cold
0,1,0,1,0,1,1,1,0,1,1,1,1,1,0,1,0,1,1,0,0,1,0,1,1,0,Typhoid
0,1,1,0,1,0,1,1,0,1,0,1,0,1,1,1,0,1,1,1,0,0,1,1,1,1,Appendicitis
0,0,1,1,0,0,1,1,1,1,1,1,0,1,1,1,1,1,0,0,1,0,0,1,1,0,Common Cold
1,1,1,1,1,0,1,0,1,1,0,0,0,1,1,1,1,1,0,1,0,0,0,1,0,1,Heart Disease
1,0,0,0,0,1,0,0,0,1,1,1,1,1,1,1,1,1,1,0,0,1,1,1,0,1,Pneumonia
1,1,0,1,0,1,0,1,0,0,1,1,0,1,0,1,1,1,0,1,1,1,1,1,1,0,Tuberculosis
1,0,0,0,1,0,0,1,0,1,0,0,1,1,0,0,1,1,1,1,1,1,1,0,0,1,Tuberculosis
1,0,1,1,1,1,1,0,0,1,0,1,0,1,1,1,1,0,0,0,0,1,1,1,0,0,Dengue
1,0,0,0,1,1,0,1,1,0,1,0,0,0,1,1,1,1,0,1,0,1,0,0,0,1,Common Cold
1,0,0,0,1,1,0,0,0,1,0,1,0,1,1,0,1,0,0,0,1,0,1,0,1,0,Bronchitis
0,0,0,0,1,1,0,1,1,1,0,0,0,0,1,1,0,0,1,0,0,0,0,0,0,0,Influenza
0,1,0,1,0,0,1,1,0,0,1,1,1,0,0,0,1,1,0,0,0,1,0,1,1,0,Tuberculosis
1,0,1,1,0,1,1,1,1,0,0,1,0,1,1,0,0,0,0,0,0,1,1,0,0,0,Influenza
0,1,1,0,0,0,0,1,1,0,1,0,1,1,0,1,0,0,0,1,1,0,1,1,0,1,UTI
1,1,0,0,0,1,0,1,0,0,1,0,0,1,0,0,1,0,0,1,0,0,1,1,0,1,Dengue
1,1,1,0,0,0,1,1,0,0,1,0,0,1,1,0,1,1,0,0,0,0,0,0,0,0,Appendicitis
1,0,0,1,0,0,0,1,1,0,0,0,0,1,1,0,1,1,0,1,0,0,0,1,0,0,Dengue
0,1,1,0,0,0,1,0,0,0,0,1,1,0,1,0,0,1,1,0,0,1,1,0,1,0,Arthritis
1,0,0,0,1,0,1,0,1,0,0,1,1,0,1,1,1,1,1,1,1,1,1,0,1,1,Arthritis
1,0,1,0,1,0,0,1,1,1,0,1,1,1,1,0,1,0,0,1,1,1,0,1,0,1,Gastroenteritis
1,1,1,0,1,0,0,1,1,1,1,0,1,0,1,1,1,0,1,0,0,0,0,0,1,0,Heart Disease
1,0,0,0,0,1,0,1,1,0,1,1,1,1,0,1,1,1,1,1,1,0,1,1,1,0,Influenza
0,0,1,1,1,1,1,1,0,0,1,1,1,0,0,0,0,1,1,0,1,1,1,0,1,0,Typhoid
1,1,0,1,1,0,1,1,0,0,0,1,1,0,0,0,1,1,1,0,0,0,0,1,1,0,Influenza
1,0,1,1,0,0,0,1,1,1,0,1,0,0,0,1,1,0,1,1,1,0,0,0,1,0,Tuberculosis
1,1,0,0,0,1,0,1,0,1,0,1,0,0,0,1,1,1,1,1,0,1,1,0,0,1,COVID-19
1,1,0,1,1,0,0,0,1,0,0,0,0,1,1,1,0,0,1,0,1,0,1,1,1,1,Hepatitis
0,1,0,1,1,0,1,0,0,1,1,1,1,1,0,0,0,0,0,1,0,0,1,1,0,1,Heart Disease
0,1,1,0,1,1,1,0,1,1,1,0,1,1,0,1,0,1,1,1,1,0,1,0,1,1,Migraine
1,1,0,0,1,0,0,1,1,0,0,0,1,0,0,0,0,1,1,1,1,1,0,0,0,0,Typhoid
0,1,0,1,1,1,0,0,1,1,0,0,1,1,0,0,1,1,0,1,1,0,0,0,0,1,Food Poisoning
1,0,1,0,1,0,0,0,1,0,0,0,1,0,0,1,0,0,0,1,0,1,0,1,0,0,Dengue
1,1,0,0,0,1,1,0,1,0,1,1,1,0,1,1,1,1,0,1,1,0,1,0,1,0,Gastroenteritis
1,0,1,0,0,0,1,1,0,1,0,1,0,0,0,1,1,0,1,0,1,0,0,0,1,0,UTI
1,1,0,0,0,0,1,1,1,1,1,0,1,1,1,0,0,0,1,0,0,0,0,1,1,0,Asthma
0,0,0,0,1,1,1,1,1,0,0,1,1,0,1,0,1,1,0,1,0,0,1,0,1,1,Appendicitis
1,1,0,0,0,1,0,1,1,1,1,1,0,1,1,0,1,1,1,1,0,1,1,1,0,0,Arthritis
0,0,0,1,0,0,1,0,0,0,0,0,0,0,1,0,1,1,0,0,0,1,1,0,1,1,Appendicitis
0,0,0,1,0,1,0,0,1,0,0,0,0,0,0,1,1,0,0,1,1,1,1,1,0,0,Common Cold
1,0,0,1,1,0,1,1,0,1,1,0,0,1,0,0,0,1,1,1,0,1,0,1,1,1,Arthritis
0,1,0,0,1,0,0,0,0,1,1,1,1,1,1,1,1,1,0,0,1,1,0,0,1,1,Common Cold
0,0,1,1,1,1,1,0,0,1,1,1,0,1,0,1,1,1,1,0,1,0,1,1,1,0,Gastroenteritis
1,0,1,1,0,1,1,0,0,0,1,1,0,1,0,0,1,0,0,1,1,0,1,1,0,1,Chickenpox
0,0,1,0,0,1,0,1,1,0,0,0,1,1,0,1,0,0,1,1,1,1,1,0,0,1,Dengue
0,0,1,0,1,1,0,0,1,0,0,0,1,1,1,1,1,1,0,1,0,1,1,1,1,1,Conjunctivitis
0,0,0,0,1,0,0,0,0,0,0,1,1,1,0,0,0,1,1,1,1,0,0,1,1,0,Common Cold
0,0,0,1,1,0,1,0,0,0,1,1,0,1,0,1,1,0,0,1,1,1,0,1,1,0,Dengue
0,0,1,0,1,1,0,0,0,0,1,1,0,0,0,1,1,1,1,0,1,0,0,1,1,1,Chickenpox
0,1,0,0,1,0,0,1,0,1,0,1,1,0,0,1,0,0,0,1,0,1,1,0,0,0,Dengue
0,1,0,1,0,0,0,1,0,1,0,0,1,1,0,1,1,0,1,1,0,1,1,1,1,0,Asthma
1,0,0,0,1,1,0,0,0,1,0,0,1,0,1,1,1,1,0,0,1,1,0,0,0,1,Malaria
0,1,0,0,1,1,1,1,1,1,1,0,1,0,0,0,1,1,0,0,1,0,0,0,1,0,Meningitis
1,1,0,1,0,0,1,0,0,0,0,1,0,0,1,1,1,1,0,0,0,0,0,0,1,1,Chickenpox
0,1,0,0,1,0,0,0,0,1,0,1,0,0,1,1,0,1,0,1,1,0,0,0,0,0,Malaria
0,0,1,0,0,0,0,1,1,1,1,0,0,1,1,0,0,0,0,0,0,0,0,1,1,1,COVID-19
0,0,1,0,1,1,0,1,0,1,0,0,1,1,1,1,0,1,0,0,1,1,1,1,0,0,Asthma
0,1,0,0,0,0,0,0,0,1,0,0,0,0,1,0,1,1,1,0,1,1,1,1,1,1,Arthritis
1,1,1,1,0,1,1,0,0,1,0,0,0,1,0,1,0,1,0,1,0,0,0,1,1,0,Meningitis
0,0,0,0,0,0,0,0,1,1,1,0,0,1,0,0,1,0,1,1,0,1,1,1,1,1,Dengue
1,1,0,0,0,0,0,1,0,1,1,1,1,0,0,0,0,0,0,1,1,1,0,1,1,0,Bronchitis
0,1,1,0,0,0,1,0,1,0,0,0,1,1,0,0,0,0,1,1,1,1,0,0,0,0,Gastroenteritis
1,0,0,1,0,1,1,0,1,1,0,0,1,1,0,1,1,0,1,1,1,1,0,1,0,1,UTI
1,1,0,1,1,1,0,1,1,0,0,1,1,0,1,1,0,0,0,0,1,1,0,0,0,1,COVID-19
1,0,0,0,0,0,1,0,1,1,1,1,0,1,0,0,1,0,0,1,1,1,0,0,0,1,Migraine
1,1,1,1,0,1,0,0,0,0,1,1,1,1,1,0,1,0,1,1,1,1,1,0,0,1,Chickenpox
1,0,0,1,0,1,0,0,0,1,1,0,0,1,1,0,1,1,0,0,0,0,1,1,0,0,COVID-19
1,0,1,1,1,1,0,1,0,1,0,0,1,1,1,1,0,1,1,1,0,0,1,0,0,0,Typhoid
0,1,1,1,0,1,0,0,0,0,1,0,0,0,0,0,1,0,0,0,0,1,0,1,1,1,Pneumonia
1,1,1,0,1,1,0,1,0,0,1,1,0,0,1,1,1,1,1,0,0,0,1,0,0,1,Migraine
0,0,1,0,1,0,0,1,1,1,0,1,0,0,1,1,1,1,1,1,1,1,0,0,0,1,Meningitis
1,0,1,1,0,0,1,0,1,0,0,0,0,1,1,0,0,0,0,0,0,1,0,0,0,1,Gastroenteritis
1,0,0,1,0,1,1,1,0,0,1,0,0,1,0,0,1,1,1,1,1,1,0,0,0,1,Tuberculosis
1,0,0,0,1,0,0,1,1,1,1,1,0,0,1,1,0,1,0,1,0,0,0,0,1,1,Appendicitis
1,1,1,0,1,0,0,1,0,0,1,0,0,1,1,0,0,0,1,0,1,0,1,0,0,1,Bronchitis
1,1,0,1,0,1,0,0,1,1,0,0,1,0,0,1,0,1,1,1,0,0,0,0,0,1,Heart Disease
1,1,1,1,0,1,1,0,1,1,0,0,0,1,0,1,0,0,1,0,1,1,0,0,1,0,Pneumonia
0,1,1,0,1,1,1,1,1,0,1,1,0,0,0,1,1,1,1,1,0,0,1,1,1,1,Migraine
0,0,1,1,1,1,0,0,1,0,0,1,1,1,0,1,1,1,0,0,1,0,0,1,1,1,Appendicitis
0,1,0,0,1,0,1,0,0,0,0,0,1,0,1,1,1,1,0,0,1,1,1,1,0,0,Migraine
0,0,1,1,1,0,0,0,0,1,0,1,1,0,0,1,0,1,0,1,1,1,1,1,1,0,Influenza
1,1,1,1,0,0,0,0,1,0,0,0,0,0,1,0,1,0,1,1,0,0,1,0,1,1,UTI
0,0,1,1,0,0,1,1,0,1,1,0,1,0,0,1,1,0,0,0,0,0,0,0,1,1,COVID-19
0,0,0,1,1,0,1,1,0,1,1,1,0,1,0,1,1,1,0,1,0,0,0,0,0,1,Heart Disease
0,0,1,1,1,1,0,0,0,1,0,1,1,0,1,0,0,0,0,0,1,1,1,1,1,0,Heart Disease
0,0,1,1,1,0,0,1,0,0,0,1,0,1,1,0,0,0,1,1,1,0,1,1,0,0,Typhoid
0,1,0,0,0,0,0,0,0,0,0,0,0,1,0,0,1,1,0,0,0,0,0,1,0,0,COVID-19
0,0,1,0,1,1,1,0,1,1,0,0,1,1,0,0,1,0,1,0,1,1,1,1,1,0,Pneumonia
0,1,0,1,0,0,0,0,0,1,0,0,0,0,0,0,1,0,0,0,1,0,0,0,1,1,Chickenpox
1,0,1,1,1,1,0,1,0,0,0,1,0,1,0,0,1,1,1,1,0,1,0,0,1,1,Appendicitis
1,1,1,0,0,1,1,1,1,1,1,0,1,1,1,1,1,1,0,1,1,1,1,0,1,1,Appendicitis
0,0,1,1,1,0,1,0,1,1,0,0,0,1,0,0,1,1,1,1,0,0,0,0,0,1,Arthritis
1,1,0,0,0,1,0,0,1,0,0,1,1,1,1,1,0,1,0,1,0,0,0,0,1,0,COVID-19
0,0,0,1,1,0,1,1,1,0,1,0,1,0,0,1,0,0,1,1,0,1,0,0,1,1,Pneumonia
1,0,0,0,1,0,0,1,1,1,0,1,1,1,1,1,1,0,1,1,0,0,0,0,0,1,Arthritis
0,1,0,0,0,0,0,0,0,0,0,1,0,0,0,0,1,1,0,0,0,1,0,0,1,1,Heart Disease
1,1,1,0,1,0,1,0,0,0,0,0,1,0,0,0,1,1,0,0,0,1,0,0,0,0,UTI
1,1,0,0,1,1,1,0,0,1,1,1,0,1,1,1,1,1,1,1,1,1,1,1,1,1,Pneumonia
1,0,0,1,0,1,0,0,1,1,0,1,1,1,1,0,0,0,1,1,0,1,0,1,1,0,Typhoid
0,0,1,1,0,0,0,1,0,0,0,0,1,0,1,1,0,1,1,0,1,1,1,1,0,1,Dengue
0,0,1,0,0,1,0,1,0,0,0,1,1,1,0,0,1,0,0,1,0,1,0,1,1,0,Common Cold
1,0,0,0,0,1,1,1,1,1,1,0,0,1,0,0,0,1,0,1,0,0,1,1,0,0,Influenza
1,0,0,0,1,0,0,0,1,0,0,0,0,1,1,1,1,0,1,0,1,0,1,1,0,1,Asthma
0,0,0,0,0,1,1,0,0,1,1,1,0,0,1,0,0,1,1,1,0,0,0,1,0,0,Malaria
1,0,0,0,0,1,1,0,1,1,0,1,1,1,0,1,1,0,0,0,1,1,1,1,1,0,Tuberculosis
0,0,1,1,1,0,1,1,0,1,0,0,0,1,1,0,1,1,1,1,0,0,0,0,0,0,Pneumonia
0,1,1,0,0,0,1,1,1,0,1,0,1,1,1,0,0,0,1,0,0,0,1,0,0,0,Chickenpox
1,0,1,1,1,1,0,0,0,0,1,1,1,1,0,0,1,0,1,0,0,0,0,1,0,1,Malaria
0,1,1,0,0,0,0,0,1,0,1,0,1,0,0,0,1,0,1,1,0,1,1,1,0,1,Tuberculosis
1,0,0,0,0,0,1,0,0,0,1,1,0,1,1,0,0,1,0,1,0,1,1,1,0,1,Arthritis
0,0,0,1,0,1,0,0,1,1,1,0,1,0,0,1,0,0,0,1,1,0,1,1,1,1,Meningitis
1,0,0,1,0,1,1,1,0,0,0,1,0,1,0,1,0,1,1,1,0,0,0,1,0,1,Common Cold
0,0,1,1,0,0,0,0,0,0,0,0,0,1,1,0,0,1,1,1,1,1,0,1,1,0,Conjunctivitis
0,1,0,0,0,0,0,0,0,0,1,1,1,0,1,1,1,1,0,1,1,1,1,1,1,0,Food Poisoning
0,1,0,1,0,0,0,1,1,1,1,1,1,0,1,1,0,1,0,0,1,1,0,0,0,1,Malaria
1,1,1,0,1,1,0,1,0,0,0,0,1,1,0,0,1,1,0,0,0,1,0,0,0,1,Gastroenteritis
1,0,0,0,1,1,1,0,1,0,1,1,1,1,1,1,0,1,1,1,0,1,0,1,1,1,Malaria
0,0,0,1,1,0,0,1,0,1,1,0,0,1,0,1,1,0,0,0,1,1,0,1,1,1,Typhoid
0,1,1,1,0,0,1,1,1,0,0,1,1,1,1,0,0,0,0,1,0,1,1,0,1,1,Tuberculosis
1,0,0,0,0,1,0,0,0,1,0,0,1,1,1,1,0,1,0,0,0,0,0,1,0,1,Hepatitis
1,1,1,1,1,1,0,1,1,0,1,0,0,0,0,1,0,1,0,0,1,1,1,0,0,1,Heart Disease
0,1,1,1,1,0,1,0,0,0,0,1,1,0,1,0,0,0,1,0,0,0,1,1,0,0,Tuberculosis
0,1,1,1,1,1,0,0,0,1,1,1,0,1,0,1,1,0,0,1,0,1,0,0,0,0,Common Cold
0,0,1,0,1,0,1,1,1,0,1,1,1,1,0,0,0,0,0,1,0,0,0,1,1,1,Common Cold
1,1,0,1,1,0,1,0,1,1,1,0,0,0,1,0,1,1,0,0,1,1,1,1,1,1,Heart Disease
0,1,0,1,0,0,0,1,0,1,0,0,0,0,1,1,0,0,0,1,1,1,0,1,1,0,Tuberculosis
1,0,0,0,1,0,1,1,0,1,1,0,0,0,0,0,1,0,0,1,1,0,1,1,0,1,Common Cold
0,1,1,0,0,0,1,0,0,0,0,1,0,1,1,0,1,1,1,0,0,0,1,0,0,0,Migraine
1,0,0,0,1,0,0,0,0,0,0,1,1,0,0,1,0,0,0,1,1,0,1,0,1,1,Hepatitis
0,1,0,1,0,0,0,0,0,0,0,1,1,1,1,1,1,0,1,1,1,1,0,1,0,1,Meningitis
1,0,0,1,0,1,0,0,1,0,0,0,0,0,1,0,1,0,0,1,0,0,1,0,1,0,Hepatitis
0,1,1,1,0,1,1,1,1,1,1,1,0,0,1,1,0,0,1,1,1,0,1,1,0,0,Migraine
1,0,0,0,1,1,0,1,1,0,0,0,0,0,1,1,0,0,1,0,1,1,0,1,1,1,Typhoid
1,0,1,1,0,0,1,0,0,1,0,1,0,1,1,1,1,1,1,0,0,1,1,0,1,1,Influenza
1,0,1,0,0,1,0,1,0,0,1,0,0,0,0,0,0,1,1,1,1,1,0,1,1,0,Pneumonia
0,0,1,1,1,0,1,1,0,1,0,0,1,1,0,1,0,1,0,1,0,1,0,0,1,1,COVID-19
0,0,1,1,0,0,1,0,1,0,1,1,0,0,1,1,1,0,1,0,0,0,1,0,0,1,Malaria
1,0,0,0,0,1,1,0,1,1,0,0,1,1,1,1,0,1,0,1,1,0,1,0,0,0,Pneumonia
1,0,0,0,0,1,1,0,1,0,0,0,1,1,0,0,0,0,0,0,1,1,0,1,0,0,Tuberculosis
1,0,0,0,1,0,0,1,0,1,1,0,0,0,1,1,0,1,1,1,1,1,1,1,0,1,UTI
1,0,1,1,1,0,1,1,1,0,1,0,0,1,1,1,1,1,0,1,1,0,1,1,0,0,Migraine
0,0,1,0,1,0,1,1,0,0,1,0,1,1,0,0,1,0,0,1,1,1,1,1,1,0,COVID-19
0,0,1,1,0,0,0,1,0,1,1,1,1,0,0,0,1,0,0,0,1,1,0,0,0,0,Conjunctivitis
0,1,1,0,0,0,0,0,1,1,0,1,1,0,0,1,1,0,0,0,0,1,0,1,1,0,Meningitis
0,0,0,1,1,1,1,1,0,1,0,1,1,0,0,1,0,1,1,1,1,0,0,0,1,1,Food Poisoning
1,0,0,0,0,1,1,1,1,0,0,0,1,1,1,1,1,0,1,0,0,0,1,1,1,1,Conjunctivitis
1,1,1,1,0,0,0,0,1,0,0,0,0,1,0,0,0,1,1,0,0,0,0,0,1,1,Influenza
0,1,1,0,0,1,0,0,1,0,0,1,1,1,0,0,0,0,0,1,1,1,0,0,1,0,Gastroenteritis
0,1,1,1,0,1,1,0,0,1,1,0,1,0,1,0,1,1,1,1,1,0,0,1,1,0,Chickenpox
0,0,0,0,0,1,1,0,0,1,1,1,1,1,1,1,1,1,0,1,0,0,1,1,1,1,Appendicitis
1,1,0,0,1,0,0,1,0,1,1,0,0,0,0,0,1,0,1,0,1,0,1,0,1,1,Tuberculosis
1,0,0,0,0,1,0,1,1,0,1,1,0,1,1,1,1,0,0,0,1,1,0,0,1,0,Typhoid
0,0,1,0,0,0,0,0,0,1,0,0,1,1,0,1,0,1,1,0,0,1,1,0,0,0,Tuberculosis
0,0,1,1,0,0,0,0,0,0,0,1,1,0,0,1,0,1,0,0,1,1,0,0,1,1,Arthritis
1,1,0,0,0,1,0,1,1,1,1,1,1,1,0,0,0,0,0,1,0,1,0,1,0,0,Bronchitis
0,0,0,1,1,0,1,1,1,1,0,1,1,0,1,1,1,0,1,1,1,1,1,0,1,0,Gastroenteritis
1,0,1,1,1,0,0,1,0,1,1,0,0,1,1,0,0,1,1,1,0,0,0,1,1,1,Arthritis
0,0,0,0,0,0,1,1,0,0,1,1,0,1,1,0,0,1,0,1,1,0,1,1,1,1,Typhoid
0,1,0,0,0,0,0,0,0,1,1,0,1,1,0,1,0,0,0,1,0,1,0,1,0,0,Chickenpox
0,1,1,1,0,1,1,1,0,1,0,1,1,1,1,1,1,0,1,0,1,1,0,1,0,0,Gastroenteritis
0,0,1,0,0,1,1,0,0,1,1,0,0,1,1,0,1,1,1,0,0,1,1,0,1,1,Common Cold
1,1,1,1,0,1,0,0,1,1,1,1,1,1,1,1,0,1,0,1,0,0,0,0,0,0,Migraine
1,1,0,1,1,0,1,1,0,0,0,1,0,0,1,1,1,1,1,1,0,1,1,1,0,1,Asthma
1,0,0,0,0,0,0,1,1,0,0,0,1,0,0,0,0,0,1,1,0,1,0,1,0,1,Appendicitis
0,1,1,1,0,1,0,1,1,1,0,0,0,0,1,0,1,0,0,1,0,0,1,1,0,0,Food Poisoning
1,1,1,1,1,1,0,1,0,1,1,0,1,0,0,1,0,1,1,1,1,1,0,0,1,0,Conjunctivitis
1,0,0,0,1,1,0,1,0,1,1,0,1,1,0,0,1,0,0,0,0,1,0,1,0,0,Asthma
1,0,1,0,0,0,1,1,0,1,1,0,1,1,1,1,1,0,0,0,0,1,1,1,1,0,Hepatitis
0,0,1,0,0,0,0,0,1,0,0,0,1,0,1,0,0,0,1,1,0,1,1,1,0,0,UTI
1,1,1,0,0,0,0,1,0,1,1,1,0,0,0,0,1,1,0,1,0,0,1,0,1,0,Meningitis
1,0,1,0,1,0,1,0,1,0,1,1,0,1,0,1,1,0,1,1,0,1,0,1,0,0,Common Cold
0,1,1,1,1,0,1,1,0,0,1,0,0,1,0,1,0,0,1,0,1,0,0,1,0,0,COVID-19
0,1,0,0,0,1,0,1,0,0,1,1,1,1,1,0,0,1,1,1,0,0,0,0,1,0,Malaria
0,0,0,0,1,1,1,1,1,1,1,1,0,1,1,1,0,1,0,1,1,1,1,0,0,0,Conjunctivitis
1,1,1,0,1,1,0,1,1,0,0,1,1,1,1,1,0,1,1,0,0,0,0,1,0,1,Chickenpox
0,0,1,1,0,0,1,0,0,1,1,1,0,1,0,0,0,0,1,0,1,1,1,0,0,0,Typhoid
0,1,0,1,0,1,1,1,1,1,0,1,0,0,1,1,0,0,0,0,0,0,1,1,0,0,Tuberculosis
1,1,1,1,1,1,1,0,0,0,0,1,0,0,1,0,0,1,0,1,1,0,1,0,1,0,COVID-19
0,1,0,0,1,1,0,1,0,0,0,1,0,0,1,1,1,0,0,0,1,0,0,1,0,1,Gastroenteritis
0,0,1,0,1,1,1,0,0,1,0,0,0,0,0,0,1,0,0,0,1,1,1,0,1,0,Tuberculosis
0,1,0,0,0,0,0,1,0,0,1,0,1,1,0,0,0,0,0,0,0,0,0,0,0,1,Gastroenteritis
1,1,0,0,0,1,1,1,0,1,0,0,0,0,0,0,0,1,1,1,1,0,1,0,0,1,Tuberculosis
1,1,0,0,0,0,1,1,1,0,0,0,1,1,0,0,0,0,1,1,0,0,1,0,1,1,Influenza
1,1,0,1,0,1,1,1,0,0,0,0,1,0,0,0,0,1,0,0,0,0,0,0,0,1,Asthma
0,1,1,1,1,0,0,0,1,1,1,0,0,1,0,1,1,0,1,1,1,1,1,1,1,1,Hepatitis
0,1,0,0,0,0,0,0,1,1,0,1,1,0,1,0,1,1,1,0,1,1,1,1,1,1,Migraine
0,1,0,0,0,1,1,0,1,0,1,0,1,0,0,1,0,1,0,0,1,0,1,1,1,1,Dengue
1,1,1,1,0,0,1,1,0,1,0,0,1,0,1,1,1,1,1,0,1,0,1,1,1,0,Pneumonia
0,1,1,1,1,1,1,0,0,0,0,0,0,1,1,0,1,0,1,0,0,0,1,0,1,0,Common Cold
0,1,1,0,0,0,0,0,0,0,1,0,0,1,0,1,1,0,1,1,1,0,1,1,0,1,Food Poisoning
1,0,0,0,1,0,1,1,0,0,0,0,0,1,1,1,0,1,1,1,0,0,0,1,1,0,Typhoid
1,0,1,0,1,0,0,1,0,1,1,1,1,1,1,1,0,1,0,1,0,1,1,1,1,1,Hepatitis
0,0,1,1,1,1,1,0,1,1,0,1,1,0,1,1,0,0,1,1,0,1,0,0,0,1,Influenza
1,1,1,1,1,1,0,0,0,1,1,0,0,1,0,0,0,1,0,1,1,0,0,1,1,0,Gastroenteritis
1,0,1,1,1,1,0,1,0,0,0,1,1,1,1,1,0,0,0,1,1,0,0,1,0,0,Meningitis
0,0,1,0,1,1,0,0,1,1,0,0,1,1,1,1,0,1,1,1,0,1,1,1,0,1,Meningitis
0,1,0,0,1,1,1,1,1,1,0,0,1,0,0,1,0,1,0,0,1,1,1,1,0,1,Typhoid
1,0,0,0,1,1,0,0,0,0,0,1,0,0,1,1,0,1,0,1,1,0,1,1,1,0,Dengue
0,0,0,1,1,1,1,1,1,1,0,0,1,1,0,0,0,1,1,0,1,1,1,1,0,0,Gastroenteritis
0,0,1,0,1,0,1,0,0,0,1,1,0,1,1,1,1,1,1,1,1,1,1,0,0,1,Heart Disease
0,1,0,1,0,0,0,1,1,0,0,0,0,1,1,0,0,0,0,0,0,1,0,1,1,0,Common Cold
1,1,0,0,1,1,0,1,0,1,0,0,1,1,0,0,1,0,0,1,0,0,1,0,1,1,Conjunctivitis
1,1,0,1,1,1,1,1,0,0,1,1,1,0,0,1,1,0,1,0,0,0,1,1,0,1,Appendicitis
0,0,1,1,0,0,0,1,0,1,1,1,0,1,1,0,0,1,1,0,1,0,1,1,0,1,Gastroenteritis
0,1,1,1,1,0,0,0,0,0,0,0,1,1,0,1,1,0,0,0,1,1,1,1,0,1,Malaria
0,1,1,0,0,0,0,0,0,1,1,1,0,0,1,0,0,1,0,0,1,1,0,1,1,1,Chickenpox
0,1,1,0,0,0,0,0,1,0,0,0,0,0,1,1,0,0,0,1,0,1,1,0,0,1,COVID-19
1,0,1,1,1,1,1,1,0,1,0,1,0,1,1,0,1,0,0,0,0,1,0,1,0,1,Chickenpox
0,0,0,0,1,1,0,0,0,1,1,0,1,1,1,1,0,1,1,0,0,1,0,1,0,0,Gastroenteritis
0,1,0,0,1,1,1,1,0,1,1,0,0,0,1,1,0,1,1,0,1,1,0,1,0,0,COVID-19
0,0,1,1,0,1,1,0,1,1,1,0,0,0,1,1,0,1,0,1,1,0,0,0,1,1,Hepatitis
0,0,0,0,0,1,0,0,0,1,0,0,0,0,0,1,0,1,1,1,0,0,0,0,1,0,Pneumonia
1,0,0,0,0,1,1,0,0,1,1,0,1,1,0,0,1,0,1,1,0,1,1,0,0,0,Pneumonia
1,1,1,1,0,1,1,0,1,0,0,0,0,0,0,0,0,1,0,0,0,0,1,0,0,0,Meningitis
1,0,1,1,1,0,0,0,1,0,0,1,1,0,1,1,1,1,0,1,1,1,1,0,1,1,Influenza
0,0,0,0,1,0,1,0,1,1,0,0,1,0,1,1,0,0,1,1,1,0,1,1,1,0,COVID-19
1,0,1,1,1,0,0,1,1,1,0,0,0,0,1,0,0,1,1,0,0,1,0,1,1,1,Bronchitis
1,1,1,1,1,1,0,1,0,0,0,0,0,0,1,0,1,0,1,1,0,1,0,1,1,1,Malaria
0,1,1,0,1,0,0,0,1,1,1,0,1,0,0,1,0,0,1,1,0,0,1,1,0,0,Food Poisoning
0,1,1,1,0,1,0,0,1,0,0,0,0,1,1,1,1,0,0,1,1,1,1,0,0,1,COVID-19
1,0,0,1,0,0,0,1,1,0,0,1,1,1,1,0,0,0,0,1,0,0,1,1,1,1,Conjunctivitis
1,1,1,0,1,0,0,1,0,1,0,0,0,1,0,1,0,1,1,1,1,0,1,1,0,1,Conjunctivitis
1,0,1,1,0,1,0,1,0,1,1,0,1,0,0,1,0,1,1,0,0,1,0,0,0,1,Meningitis
0,1,1,1,1,0,1,1,1,1,1,0,0,1,0,0,0,0,1,0,0,0,0,0,0,0,Common Cold
1,1,1,0,1,1,0,1,0,1,0,0,0,0,1,0,1,1,0,0,1,1,0,0,1,0,Migraine
0,0,0,0,0,1,1,0,0,0,1,0,1,1,0,0,0,1,0,0,0,1,0,0,0,0,Appendicitis
1,0,0,0,0,1,1,0,0,0,1,1,1,0,1,0,0,0,1,1,1,1,0,1,0,1,Pneumonia
0,0,1,1,0,1,1,0,1,0,0,1,0,1,1,1,1,1,1,1,0,1,0,1,0,1,Malaria
1,1,1,0,0,1,0,0,1,0,0,1,1,1,0,1,1,1,1,0,1,0,0,0,0,1,Migraine
1,1,0,0,0,0,0,1,0,0,1,1,1,0,0,1,1,1,0,0,1,0,0,1,1,0,Chickenpox
0,0,1,0,0,1,0,1,1,1,0,1,1,0,1,1,1,0,0,1,0,1,1,0,0,1,Conjunctivitis
1,1,0,1,0,0,0,1,1,0,1,1,1,0,0,1,1,1,0,0,0,1,1,0,1,1,COVID-19
0,0,1,0,0,1,1,0,1,1,1,1,0,0,1,0,1,1,0,1,0,1,1,0,1,1,Influenza
1,1,0,0,1,0,0,0,0,0,0,0,1,0,1,1,1,1,0,0,1,1,0,1,1,0,Pneumonia
1,1,0,1,0,1,1,1,0,1,0,0,0,0,1,0,0,1,1,1,0,1,1,0,1,1,Pneumonia
0,1,0,0,0,1,0,0,0,0,0,1,0,1,0,0,1,0,1,0,1,0,1,0,1,0,Pneumonia
1,1,1,0,1,0,0,0,1,0,1,0,0,0,1,0,0,1,0,0,0,1,1,0,1,1,Migraine
0,0,0,1,1,0,0,0,1,1,1,0,1,0,1,0,1,1,1,1,0,0,0,1,0,1,COVID-19
0,1,0,1,0,1,0,0,0,0,0,1,1,0,1,1,1,1,1,1,1,1,0,1,1,1,Asthma
0,1,1,1,0,0,1,1,1,0,0,1,1,1,0,1,1,0,0,1,0,1,1,0,1,0,COVID-19
0,0,0,1,0,0,1,0,1,0,1,1,1,0,1,0,0,0,1,0,1,0,0,0,1,0,Tuberculosis
1,1,1,1,1,1,1,0,1,1,0,1,0,0,1,1,0,0,0,0,1,0,1,0,1,0,Chickenpox
0,0,0,1,1,1,1,0,1,0,1,0,1,1,0,1,1,0,0,1,0,0,1,0,0,0,Hepatitis
0,1,0,0,1,1,1,0,1,1,1,0,1,0,0,1,0,0,1,0,1,0,1,0,0,0,UTI
0,0,1,1,0,0,0,1,1,1,1,1,0,0,1,1,0,1,0,0,1,0,0,0,0,0,Heart Disease
1,1,1,1,1,1,0,0,1,1,1,0,0,0,1,0,1,0,0,1,1,1,0,0,1,1,Appendicitis
1,1,1,0,1,0,0,0,1,1,0,1,1,0,1,1,1,0,0,1,0,0,1,0,0,1,Influenza
0,1,1,0,1,1,0,0,1,1,0,0,0,1,1,1,1,1,1,1,1,1,1,1,1,1,Conjunctivitis
0,1,0,0,0,1,0,0,0,0,0,1,1,0,0,0,1,0,1,0,1,1,0,1,1,1,Hepatitis
0,1,1,0,0,1,1,0,0,1,0,0,1,1,1,0,0,1,0,0,1,1,0,0,0,1,UTI
0,0,0,0,0,1,1,0,1,0,1,1,0,1,1,0,1,1,1,0,0,1,0,0,1,1,Malaria
0,1,0,0,1,1,0,1,1,1,1,1,0,1,1,1,0,0,1,0,0,1,0,0,1,0,Food Poisoning
1,1,0,0,0,0,0,1,1,1,0,0,0,0,1,1,1,1,1,1,0,1,1,1,1,1,Appendicitis
0,1,1,1,1,0,0,0,1,0,1,1,1,1,1,0,1,1,1,1,0,0,1,0,0,0,Common Cold
0,1,0,0,0,1,1,0,1,0,0,0,0,0,1,1,0,1,1,1,1,0,1,0,1,0,Heart Disease
1,0,0,1,0,1,0,1,1,0,0,1,1,1,1,0,0,1,0,0,1,1,0,1,1,1,Malaria
0,1,0,0,1,1,0,1,0,1,0,0,0,0,0,0,0,0,1,0,0,1,0,0,1,0,Tuberculosis
0,1,0,1,1,1,0,1,1,1,1,1,1,1,1,1,1,1,1,1,1,1,1,0,0,0,UTI
1,1,1,1,1,0,1,0,0,1,1,0,1,0,0,1,0,1,1,0,0,0,0,1,0,0,Dengue
0,0,0,0,1,1,0,0,0,1,1,0,1,1,1,1,1,0,0,1,1,1,1,1,1,0,Heart Disease
1,0,1,0,0,0,1,1,1,1,1,1,1,0,0,0,0,1,1,0,0,1,0,1,0,1,Malaria
0,1,1,0,1,0,0,1,1,0,0,0,0,0,1,1,0,0,0,0,1,0,0,0,1,1,Chickenpox
0,0,1,1,0,1,0,0,1,1,0,1,1,1,1,1,1,1,0,1,0,0,1,0,1,0,Influenza
1,0,1,0,0,0,1,0,1,1,0,0,1,0,0,0,1,0,1,0,0,1,1,1,1,1,Influenza
0,1,1,1,0,0,1,0,0,0,0,0,1,0,1,0,1,0,1,1,0,0,1,0,1,0,Chickenpox
1,1,0,0,1,0,0,1,1,1,0,1,0,1,1,0,1,1,0,0,0,0,0,1,0,0,COVID-19
1,1,0,0,1,0,0,1,1,0,1,1,0,1,1,1,1,1,1,1,0,0,0,0,0,0,Appendicitis
0,1,1,1,1,1,0,1,1,1,1,0,0,0,0,1,1,1,1,1,0,0,0,1,1,0,UTI
0,1,1,0,1,1,0,1,1,1,0,0,0,1,0,0,0,1,0,0,1,0,0,0,0,0,Conjunctivitis
1,1,0,0,0,0,0,1,0,1,1,0,1,1,0,1,0,1,1,1,0,0,1,1,1,0,Pneumonia
0,1,0,1,1,1,1,1,1,0,1,1,1,1,0,0,1,1,1,1,1,0,0,1,1,0,Tuberculosis
1,1,1,0,1,1,1,0,1,1,0,1,0,0,0,1,1,1,1,0,0,1,0,1,0,1,Bronchitis
1,1,0,1,0,0,0,0,0,1,0,1,0,0,0,1,0,1,0,0,1,0,0,1,0,1,Common Cold
1,1,0,1,1,0,1,1,0,1,0,0,0,1,1,1,0,0,1,1,0,0,0,1,1,0,UTI
0,0,0,1,0,0,0,1,1,1,1,1,1,1,1,1,0,0,0,0,1,1,1,1,0,1,Food Poisoning
1,1,1,1,1,1,0,0,0,1,0,1,0,1,1,0,1,0,1,1,1,1,0,1,0,0,Common Cold
1,0,1,0,1,1,0,1,0,1,0,0,0,1,1,0,0,1,0,1,0,1,1,1,0,1,Appendicitis
0,1,0,1,1,0,1,1,1,0,0,1,1,0,1,0,1,1,0,1,0,1,0,0,0,0,Conjunctivitis
1,1,0,0,0,0,1,0,0,0,1,1,0,1,1,1,1,1,0,1,1,1,0,0,0,1,Chickenpox
0,1,0,0,0,1,0,1,0,0,1,0,1,0,1,0,1,0,1,1,1,0,1,0,1,1,Dengue
1,0,1,0,1,1,1,0,1,0,0,0,1,1,1,0,1,1,0,1,0,1,0,1,0,1,Bronchitis
1,0,1,1,0,0,0,0,0,1,0,1,1,1,0,0,1,0,1,1,1,0,0,1,1,1,Conjunctivitis
0,1,0,0,0,1,1,0,1,0,0,0,0,1,1,1,0,1,0,0,1,1,1,0,1,0,Bronchitis
0,0,0,0,0,1,1,0,0,1,1,0,0,0,1,1,1,1,1,0,1,1,0,1,0,1,Conjunctivitis
1,1,0,0,1,0,1,1,1,0,0,0,0,1,1,0,1,1,0,1,1,0,0,0,1,0,Food Poisoning
1,0,0,0,0,1,1,0,1,0,0,1,0,1,1,1,1,0,1,1,1,0,0,1,0,1,Migraine
0,1,1,1,1,0,0,0,1,1,1,1,0,0,0,1,1,1,0,0,1,1,1,0,0,1,Common Cold
1,0,0,0,1,1,0,0,1,0,0,0,0,0,0,0,1,1,0,1,0,0,1,1,0,0,Typhoid
1,0,1,0,0,0,0,0,0,1,1,1,1,1,1,0,1,0,1,1,0,1,1,1,0,0,Chickenpox
0,1,0,0,1,1,1,1,1,1,0,1,1,0,0,0,1,1,1,1,1,1,1,0,0,1,Food Poisoning
0,1,0,1,0,0,0,1,0,1,1,0,1,1,0,1,1,1,1,0,0,0,1,0,0,0,Bronchitis
1,1,1,0,1,0,1,1,1,0,0,1,1,1,1,0,0,1,1,1,0,1,0,1,0,1,Typhoid
1,0,0,0,1,1,0,1,1,1,1,0,1,0,0,0,0,1,0,0,0,1,1,0,1,1,Appendicitis
1,1,1,1,0,0,1,1,0,0,0,1,0,1,0,1,1,1,1,1,0,0,1,1,1,1,Arthritis
1,0,0,1,1,1,0,0,1,0,1,0,1,0,1,0,0,1,0,1,1,0,0,1,1,0,Malaria
1,1,1,1,0,1,1,1,1,1,0,1,1,1,1,1,1,0,1,0,0,1,1,1,0,0,Asthma
0,0,1,1,0,0,0,0,1,1,0,0,0,1,0,0,0,1,0,1,1,0,1,0,1,0,Gastroenteritis
0,0,1,0,1,0,0,0,0,0,1,1,0,0,0,1,0,1,1,0,1,0,1,0,0,1,Bronchitis
0,0,0,0,0,1,1,0,0,1,1,1,0,0,0,1,1,1,1,0,1,0,0,1,1,0,Malaria
0,1,1,0,1,0,1,1,0,0,1,1,1,0,0,0,0,1,1,0,0,1,1,1,1,1,Migraine
1,1,0,1,0,1,1,0,1,1,0,0,1,1,0,0,1,0,1,1,0,0,0,1,0,0,Meningitis
0,0,0,0,0,0,1,0,0,1,0,0,1,1,1,1,0,0,0,1,1,0,0,1,1,1,Chickenpox
0,0,0,1,1,0,1,0,1,0,0,0,0,0,1,1,1,0,0,1,1,0,1,0,1,0,Common Cold
0,1,0,1,0,0,1,1,0,0,0,1,1,1,1,1,0,0,0,0,1,0,1,0,1,1,Dengue
0,0,0,1,0,1,1,0,0,0,0,1,0,1,1,0,1,0,1,1,0,0,0,1,1,1,Bronchitis
0,1,0,1,0,1,1,0,1,0,0,0,0,1,0,1,1,1,1,0,1,0,0,0,1,1,Migraine
0,1,0,1,0,1,0,0,0,1,1,0,0,1,0,0,0,1,1,0,0,1,1,0,1,0,Migraine
1,1,0,1,1,0,1,1,0,1,1,1,1,0,0,1,0,0,0,1,1,0,1,1,0,0,Asthma
1,0,0,0,0,1,0,0,0,1,1,1,1,0,0,1,0,0,1,0,0,0,0,0,0,0,Food Poisoning
1,1,0,1,0,1,0,1,0,1,0,0,1,0,0,1,0,1,1,0,0,1,1,1,1,0,Tuberculosis
1,0,1,1,0,1,0,1,0,1,0,1,0,0,0,0,0,0,1,0,0,0,0,0,1,0,Arthritis
1,1,1,1,0,0,1,0,1,1,1,0,0,1,1,1,0,1,0,1,0,0,0,0,1,1,Typhoid
0,1,0,0,1,0,0,1,0,1,1,1,1,0,1,0,1,1,1,1,1,0,1,1,1,0,Influenza
0,1,1,0,0,1,0,1,1,1,0,1,1,0,0,0,0,0,1,0,1,1,1,1,0,1,Tuberculosis
1,1,1,0,0,1,1,0,0,1,1,0,0,1,1,1,0,0,0,1,0,0,1,1,0,1,Gastroenteritis
1,1,1,1,1,0,0,0,0,0,0,0,0,1,0,0,0,1,0,0,0,1,0,0,0,0,Bronchitis
0,1,1,0,0,0,1,0,1,1,1,1,1,0,1,1,1,1,1,0,0,0,1,0,0,0,Malaria
0,0,1,1,0,0,0,0,0,1,0,1,1,1,1,1,0,1,1,0,0,1,1,0,1,1,Heart Disease
1,0,0,1,1,0,0,0,1,1,0,0,1,1,1,0,1,1,1,1,0,0,0,1,0,0,Common Cold
1,0,1,1,1,0,0,0,0,1,1,0,0,1,0,0,0,1,0,1,1,0,0,0,0,1,Meningitis
0,0,0,0,1,0,0,0,0,0,1,1,0,0,0,1,0,0,0,0,1,1,0,0,1,1,Hepatitis
1,0,0,0,1,0,1,1,0,0,0,1,1,1,1,0,1,0,1,0,1,0,1,1,0,0,COVID-19
0,0,1,1,0,1,1,1,0,1,0,1,1,0,0,1,1,1,1,0,1,0,0,0,1,1,Heart Disease
0,0,1,1,0,1,0,0,1,1,1,1,1,1,0,0,1,1,1,0,0,0,1,0,0,0,Chickenpox
1,0,0,1,1,0,1,1,1,1,0,1,1,1,1,0,1,1,1,1,1,1,0,0,0,0,Influenza
0,1,1,0,1,0,0,1,0,1,1,1,1,1,1,1,0,1,1,0,0,0,1,1,0,1,Meningitis
1,1,1,0,1,0,0,1,0,0,0,1,0,0,1,0,1,1,0,0,1,1,0,1,1,1,Appendicitis
1,0,0,1,0,1,0,0,1,1,0,0,0,1,1,0,1,0,1,1,0,0,0,1,0,1,Dengue
1,0,0,0,1,0,0,1,1,1,1,1,1,1,1,0,1,0,1,1,0,0,1,0,1,0,Gastroenteritis
0,0,0,0,0,1,0,1,1,0,1,0,0,1,1,0,1,1,0,1,1,1,1,0,1,1,Arthritis
0,1,1,0,0,1,0,0,1,0,0,0,1,0,1,0,1,0,0,0,1,1,1,1,0,1,Appendicitis
0,1,0,1,1,1,1,1,0,0,1,1,1,0,1,0,0,0,0,0,1,1,1,1,0,0,Hepatitis
0,0,1,0,0,0,0,1,1,0,0,0,0,0,1,0,0,1,1,0,0,1,0,1,0,0,Meningitis
1,0,1,1,1,0,0,1,1,1,0,1,1,1,0,1,0,1,1,0,1,1,1,1,1,1,Food Poisoning
0,0,1,0,1,1,0,0,1,0,1,1,1,0,1,0,1,1,1,1,1,1,0,1,0,0,Influenza
0,1,0,0,1,0,1,1,1,0,1,1,0,1,0,1,0,0,1,0,1,1,0,0,0,1,Influenza
1,1,1,0,0,1,0,0,1,1,0,0,1,0,0,0,0,1,1,0,0,0,1,0,0,0,Asthma
1,1,0,1,0,0,1,0,0,0,0,0,1,1,0,1,1,1,0,0,1,1,1,0,1,1,UTI
0,0,0,1,1,1,1,0,0,1,0,1,1,0,1,0,1,1,1,1,0,0,1,1,1,0,Malaria
1,0,1,1,0,1,1,1,0,1,1,1,1,0,1,0,0,0,0,0,1,0,1,1,1,0,Tuberculosis
0,1,0,0,1,1,0,0,1,0,0,1,0,0,0,0,0,1,0,1,0,1,0,0,1,1,Influenza
0,0,0,0,1,1,0,1,1,0,0,0,0,1,1,1,1,0,0,1,1,1,1,0,0,1,Heart Disease
1,1,1,0,0,0,1,1,0,1,1,0,0,0,0,0,1,0,0,1,1,0,1,0,0,0,Typhoid
1,1,1,0,1,0,1,0,1,0,1,0,1,0,0,0,1,1,1,1,1,1,0,1,0,1,Migraine
1,1,0,1,1,1,0,1,0,1,1,0,0,0,0,0,0,1,0,0,0,0,0,0,0,1,Heart Disease
0,1,1,0,0,0,1,1,1,1,1,1,0,1,1,0,1,1,1,1,1,1,0,1,1,0,Arthritis
1,0,0,0,0,1,1,0,0,0,0,1,0,0,1,1,1,1,1,1,0,0,1,0,0,0,Typhoid
0,1,1,1,0,0,1,0,0,1,1,1,0,1,1,0,1,0,0,0,0,0,1,0,1,1,Arthritis
1,1,0,0,1,0,1,0,0,1,0,1,1,1,0,1,1,0,0,0,0,0,1,1,1,0,Malaria
1,1,0,1,1,0,1,1,1,1,0,1,1,0,0,1,1,1,0,0,1,0,0,0,1,1,Hepatitis
1,1,1,0,0,1,0,0,0,1,0,0,1,1,0,1,0,1,1,0,0,0,1,0,1,1,Appendicitis
1,0,0,1,1,0,1,0,1,0,0,0,1,1,1,0,1,0,0,1,1,0,1,1,1,0,Typhoid
1,1,1,1,0,1,0,0,1,1,0,0,1,0,0,0,1,0,0,0,1,1,0,1,1,0,Meningitis
0,0,1,0,1,1,0,1,1,1,1,0,0,0,0,1,1,1,1,1,0,0,0,0,0,1,Common Cold
1,0,0,0,1,1,0,0,0,0,0,0,1,0,1,1,0,1,0,1,0,1,1,0,1,0,Influenza
0,1,0,1,0,0,0,0,1,1,1,0,1,0,0,0,0,0,1,0,1,1,0,1,1,1,Gastroenteritis
0,0,1,0,0,0,1,1,1,0,0,0,0,0,0,0,0,0,0,0,1,1,1,0,1,1,Hepatitis
1,0,1,1,1,0,1,0,1,1,0,1,0,0,1,1,1,1,1,0,1,1,1,0,1,1,Meningitis
0,1,0,0,0,0,1,0,1,1,0,0,1,1,1,1,0,0,1,0,1,1,1,1,0,0,Food Poisoning
0,1,0,1,1,0,1,1,1,0,1,1,1,0,0,1,0,0,1,1,1,0,0,1,1,0,Conjunctivitis
1,1,1,0,1,0,1,0,1,0,1,1,1,1,1,1,1,0,1,0,1,0,0,1,1,1,Hepatitis
0,1,0,1,0,0,0,1,1,1,1,1,1,0,1,1,0,0,0,0,1,1,0,0,0,0,Pneumonia
1,1,0,1,1,1,1,0,1,1,0,1,1,0,0,0,1,0,1,1,0,1,0,1,0,0,COVID-19
1,0,0,0,0,1,1,1,0,0,0,1,0,1,1,0,0,0,1,0,0,1,0,1,1,0,Hepatitis
0,1,1,0,0,0,1,0,0,1,1,0,1,0,0,0,0,0,0,1,1,1,0,1,0,0,Heart Disease
0,0,1,0,1,0,0,0,0,1,1,0,1,1,1,1,1,1,0,0,1,0,0,1,0,1,Chickenpox
1,1,0,0,0,0,0,1,1,1,0,0,1,0,0,0,1,1,1,0,1,0,1,1,1,1,Bronchitis
0,1,1,1,1,1,0,0,0,1,1,1,1,1,0,1,0,0,0,0,0,1,0,1,0,0,Bronchitis
1,0,0,1,1,0,1,1,1,0,1,1,1,0,0,1,0,0,1,0,1,0,0,1,1,1,Meningitis
0,1,0,0,0,1,1,0,0,1,0,1,0,1,1,1,1,0,1,0,1,1,0,0,0,0,Pneumonia
0,0,0,1,1,0,0,0,1,1,1,1,0,0,1,1,1,0,1,1,0,1,0,1,1,0,Chickenpox
0,0,1,0,1,0,0,1,0,1,1,0,1,0,0,0,0,0,1,1,1,0,0,0,0,0,Influenza
1,1,1,0,0,0,1,0,0,1,0,1,0,1,1,0,0,0,1,0,0,0,1,0,0,0,Meningitis
0,1,1,0,0,1,1,0,1,0,0,1,0,1,0,1,1,1,0,1,0,1,0,0,1,0,Malaria
0,1,0,1,0,0,0,0,0,0,0,1,1,1,1,1,0,1,0,1,1,1,1,0,1,0,Gastroenteritis
0,1,0,1,1,0,0,0,1,0,0,0,1,0,1,1,0,1,1,0,1,0,1,0,0,1,Malaria
0,1,1,1,0,1,1,1,0,1,0,0,0,1,1,1,0,1,1,1,0,1,0,1,0,1,Typhoid
1,0,1,0,1,1,0,0,1,0,0,1,1,0,0,1,0,1,0,0,0,1,1,1,1,1,Gastroenteritis
1,1,1,1,0,0,1,0,0,0,0,1,0,1,1,1,1,0,0,1,1,0,0,1,0,0,Arthritis
0,1,0,1,0,1,1,0,0,0,0,0,1,0,0,0,1,0,0,1,1,1,0,0,1,0,Meningitis
0,0,1,0,1,1,1,0,1,0,0,1,0,1,1,0,1,0,0,0,0,0,1,0,1,1,Typhoid
1,0,1,0,0,1,0,0,0,1,0,0,0,1,1,0,1,1,0,1,0,0,1,1,0,1,UTI
1,0,1,1,0,0,0,0,1,1,0,1,0,0,0,0,1,0,0,0,0,1,0,1,0,0,Tuberculosis
0,1,1,0,1,0,1,1,1,0,1,0,0,1,0,0,1,0,1,0,1,0,0,1,0,1,Heart Disease
1,0,1,1,1,1,0,1,1,1,1,0,1,0,1,0,1,1,0,1,1,1,1,1,1,0,Chickenpox
1,0,1,0,1,0,0,1,1,0,1,1,0,1,0,1,0,1,1,0,1,0,0,1,1,0,Common Cold
1,1,1,0,0,0,1,1,0,1,1,0,0,1,1,1,1,0,1,1,0,0,0,0,0,1,Dengue
1,0,0,1,0,1,0,0,1,0,1,1,1,1,0,0,0,1,1,0,1,0,0,1,1,1,Typhoid
0,0,0,0,0,1,0,0,1,0,1,0,1,0,1,1,0,0,1,0,0,1,1,1,0,1,UTI
0,0,0,1,0,1,0,0,0,0,0,1,1,1,0,0,1,1,1,1,1,1,0,1,0,0,Chickenpox
0,1,0,1,0,1,0,1,1,1,1,1,0,1,0,1,1,0,1,0,1,1,1,1,0,1,Food Poisoning
0,1,1,1,1,0,1,0,1,0,0,1,0,1,1,1,1,1,1,0,0,0,1,0,1,0,COVID-19
1,0,1,0,1,0,0,1,1,0,0,1,1,0,0,1,1,1,0,0,1,1,1,0,1,1,COVID-19
1,0,0,1,1,1,1,1,1,0,0,0,1,0,1,0,1,0,0,0,0,1,0,1,0,0,UTI
0,0,0,0,0,1,1,1,1,1,0,1,1,0,1,0,1,1,1,1,0,1,0,0,0,0,Chickenpox
1,1,0,1,1,1,1,1,1,0,0,1,0,1,1,1,1,1,1,0,0,1,1,0,0,0,Meningitis
0,0,0,1,0,1,1,0,1,1,0,1,0,1,1,0,0,0,1,0,0,1,1,1,0,1,Influenza
0,1,1,0,1,1,1,1,0,0,1,0,0,0,0,0,0,0,1,0,1,0,0,1,1,1,Migraine
0,0,0,1,0,0,1,0,0,0,1,0,0,0,0,0,1,1,1,1,0,0,0,0,1,1,Common Cold
1,1,1,0,0,1,1,1,1,1,1,1,1,1,0,0,0,1,1,1,1,1,0,0,1,1,Gastroenteritis
0,0,1,0,0,1,1,0,1,1,0,1,1,0,1,1,0,0,0,0,0,1,1,0,0,1,Pneumonia
1,1,1,1,0,0,0,1,1,0,1,0,0,0,0,1,0,0,0,1,1,0,0,1,0,0,Hepatitis
1,0,1,1,0,1,0,0,0,1,1,1,0,1,1,0,1,1,1,1,0,1,0,0,1,1,UTI
1,1,1,1,0,0,1,0,1,1,1,0,0,1,1,1,1,1,0,0,1,0,1,1,0,1,Conjunctivitis
1,1,1,0,1,0,1,1,0,1,0,1,0,0,0,1,1,0,1,1,1,1,0,1,1,0,Hepatitis
1,1,0,0,1,1,1,0,0,0,1,1,1,0,0,0,1,1,1,1,1,0,0,0,1,0,Influenza
1,1,1,1,1,1,0,1,1,1,0,1,0,0,0,0,0,0,1,1,0,1,1,1,0,1,Malaria
0,0,1,1,1,0,0,1,0,1,0,0,1,1,1,1,0,0,1,0,1,0,0,0,0,0,Bronchitis
0,1,1,0,1,0,1,1,0,1,0,1,1,0,1,1,1,0,1,0,1,1,0,0,0,0,UTI
0,0,1,1,1,0,0,1,0,1,0,0,0,1,1,1,0,1,0,1,0,1,0,1,0,1,Meningitis
1,0,0,1,1,1,0,0,0,1,1,1,0,0,1,0,1,1,0,0,0,1,0,0,1,0,UTI
0,1,0,0,0,1,1,1,1,0,0,0,0,0,1,1,1,1,1,0,0,1,0,1,1,1,Meningitis
1,1,0,0,0,0,0,0,1,0,0,0,1,0,0,1,0,1,1,1,1,0,1,1,1,1,Hepatitis
0,0,0,0,1,0,0,1,1,0,1,0,0,1,1,1,1,1,0,0,1,1,1,1,1,1,Hepatitis
1,0,1,1,1,1,1,0,1,0,0,1,1,0,1,0,1,0,0,0,0,1,1,1,1,0,Appendicitis
0,0,1,0,1,0,1,0,1,0,1,1,1,1,1,1,1,1,0,1,0,0,1,1,0,1,Bronchitis
1,1,0,0,0,0,0,1,0,0,1,0,0,1,1,0,0,0,1,0,1,0,1,1,1,0,UTI
0,1,0,0,0,1,1,0,1,1,1,1,1,1,0,1,0,1,1,1,0,0,1,1,1,0,Tuberculosis
0,0,1,0,0,0,1,0,1,1,1,1,1,0,0,0,0,0,0,0,1,0,0,1,0,1,Tuberculosis
0,0,0,0,0,1,0,0,0,1,1,1,0,0,1,1,0,1,0,0,1,1,1,1,1,0,Gastroenteritis
1,0,1,0,1,0,0,1,0,1,1,0,1,1,0,1,0,1,0,1,1,0,1,0,1,0,Arthritis
0,1,0,0,1,1,0,1,0,0,1,0,1,0,1,1,0,0,1,1,1,0,0,1,0,0,Migraine
0,0,1,1,0,0,0,1,1,1,0,1,1,0,1,0,0,0,0,0,1,1,1,1,0,1,Asthma
0,1,0,1,1,0,1,0,1,1,1,0,0,1,0,0,0,0,0,1,0,0,0,1,1,0,Malaria
1,1,1,0,0,0,0,0,0,1,1,0,0,1,1,0,0,0,0,1,0,0,0,0,0,0,Conjunctivitis
0,1,0,0,0,1,0,0,1,1,0,0,0,1,0,0,1,1,0,0,1,1,0,0,0,0,Influenza
0,0,0,1,0,1,1,0,1,0,0,1,0,0,0,1,0,1,1,1,1,0,1,0,1,1,Malaria
0,1,0,0,1,0,1,0,0,0,1,0,1,1,1,0,1,0,0,0,0,0,1,0,1,1,Tuberculosis
0,0,1,1,0,0,0,0,0,0,0,0,1,0,0,1,1,0,0,1,1,1,1,0,0,0,COVID-19
1,0,1,0,1,1,0,1,1,1,1,0,0,1,0,0,1,0,1,1,0,0,1,1,1,0,UTI
0,1,1,1,1,0,1,1,0,0,0,1,1,1,0,0,0,0,1,0,1,1,0,0,1,1,Chickenpox
1,1,0,1,1,1,0,1,0,0,0,0,0,1,0,1,1,1,0,1,1,0,0,1,0,1,Gastroenteritis
1,1,1,0,1,0,1,1,1,0,0,0,0,1,1,1,1,0,1,1,0,0,0,1,0,0,Heart Disease
0,1,0,1,1,1,1,0,0,1,0,1,0,0,0,0,1,0,0,1,0,1,1,1,1,1,Asthma
1,1,0,1,0,1,1,0,1,0,1,1,1,1,1,0,0,1,0,0,1,0,1,1,0,0,Arthritis
0,1,1,0,0,0,1,0,1,1,0,1,1,0,1,0,0,0,1,0,1,0,0,0,1,0,Tuberculosis
1,1,0,0,0,1,1,0,0,1,1,0,1,0,0,1,1,1,1,1,0,0,1,0,1,0,Appendicitis
0,0,0,0,1,0,0,1,1,0,0,0,1,0,1,1,1,1,0,0,0,0,1,1,0,0,Common Cold
1,1,1,1,1,1,0,0,0,0,0,1,1,1,0,1,1,1,0,0,1,0,0,0,1,0,Influenza
0,0,1,1,1,0,0,1,1,0,0,0,1,1,1,1,0,1,0,0,1,0,1,1,1,0,Meningitis
0,1,1,0,1,1,1,1,0,0,1,0,0,1,0,1,0,1,0,0,1,0,0,0,0,1,Typhoid
0,1,1,1,1,1,0,0,0,0,0,0,0,1,1,0,1,1,0,0,1,0,0,1,0,0,Gastroenteritis
1,1,1,0,1,1,0,0,0,1,1,1,0,1,0,0,1,0,1,1,1,1,0,0,1,1,Arthritis
1,1,0,1,1,1,1,0,0,1,1,1,1,0,0,1,1,0,0,1,0,0,1,1,0,0,Common Cold
0,0,1,1,1,1,0,1,0,1,0,0,0,0,0,0,0,0,1,0,1,1,0,1,0,1,UTI
1,1,0,1,0,0,0,0,0,0,1,1,0,1,0,1,1,0,1,0,1,1,1,0,1,1,Influenza
0,0,1,1,1,0,1,0,0,1,0,0,0,0,1,0,1,0,0,1,1,1,0,1,1,0,Pneumonia
0,1,0,1,1,0,1,1,0,1,1,1,1,0,1,0,1,1,0,1,0,1,0,0,0,1,Heart Disease
0,1,0,1,1,0,1,1,0,0,0,0,0,0,0,1,0,1,0,1,0,1,1,0,0,0,Migraine
1,1,0,1,0,1,1,1,1,0,1,0,0,0,1,1,1,0,0,1,1,1,0,1,0,1,Tuberculosis
1,0,1,0,1,1,0,0,0,1,1,1,1,0,0,1,0,0,0,1,0,1,0,0,1,1,Arthritis
0,0,1,0,0,0,0,0,1,1,0,1,1,1,0,1,1,1,0,1,1,0,1,0,1,0,Heart Disease
1,1,1,0,0,1,0,1,1,1,1,0,1,0,0,1,0,1,1,1,0,0,0,1,0,0,COVID-19
0,1,0,0,1,0,1,0,1,0,0,0,0,0,1,1,0,0,0,0,1,1,1,0,0,1,Pneumonia
1,0,0,0,0,0,1,0,1,1,0,1,0,0,1,1,1,1,1,0,1,1,0,1,1,0,COVID-19
1,1,1,1,0,0,1,0,1,1,1,0,1,1,1,1,0,0,0,0,0,1,1,1,1,0,Meningitis
0,0,1,0,0,0,0,0,1,1,1,0,1,0,1,1,0,0,1,0,0,1,0,0,0,0,Conjunctivitis
0,0,1,1,1,0,1,0,0,0,0,1,0,0,0,1,1,0,0,0,1,1,0,0,1,1,Appendicitis
1,0,1,1,0,0,0,1,0,1,1,0,1,0,0,0,0,0,1,0,1,0,0,1,0,1,Tuberculosis
1,0,1,0,1,0,0,1,1,0,1,1,1,1,1,0,0,0,0,1,1,1,1,0,1,0,Appendicitis
1,1,1,1,1,1,0,1,1,1,0,0,0,1,0,1,1,1,0,0,0,1,0,0,0,0,Bronchitis
1,0,0,0,0,0,1,1,1,1,1,0,1,0,1,0,0,1,1,0,1,1,0,1,0,1,Pneumonia
0,1,0,1,0,0,0,1,0,0,1,1,0,0,1,0,1,0,1,1,0,1,0,0,0,0,Tuberculosis
1,0,0,0,1,0,1,0,1,1,1,1,1,0,1,0,0,1,0,1,0,1,0,0,0,0,Malaria
1,0,0,1,0,0,1,0,0,1,1,1,0,0,0,1,1,0,1,0,1,1,1,1,0,1,Bronchitis
1,0,0,1,1,0,0,0,0,0,0,0,0,1,0,1,1,0,0,1,0,1,0,0,0,1,Malaria
1,0,1,1,1,1,1,1,1,0,1,0,1,1,0,0,0,1,1,0,1,1,0,1,1,0,Heart Disease
0,1,1,0,1,0,1,0,0,1,0,1,0,1,1,1,1,0,1,0,0,0,1,0,0,1,Tuberculosis
0,1,1,0,1,1,1,0,1,0,0,1,1,0,1,0,0,0,1,1,1,1,0,0,0,1,Chickenpox
0,1,0,1,1,1,1,1,0,0,0,1,0,0,1,0,1,0,0,0,0,1,1,1,1,1,Pneumonia
1,0,1,1,1,0,1,0,0,1,0,0,1,0,0,1,0,0,1,1,0,0,0,0,0,0,COVID-19
1,1,0,1,1,1,1,1,1,1,1,1,1,1,1,0,0,1,1,1,0,1,1,1,0,0,Influenza
1,1,1,0,1,0,0,0,0,0,1,0,0,1,0,0,1,1,1,0,1,0,0,0,1,1,Chickenpox
0,1,0,1,1,0,1,0,1,0,1,1,1,1,1,1,1,1,0,1,0,0,1,1,1,1,Migraine
0,0,0,1,0,0,0,0,0,1,1,0,1,0,0,0,0,0,1,0,1,0,1,0,1,1,COVID-19
1,0,0,0,1,1,1,1,0,0,0,1,0,0,1,1,1,0,1,0,0,0,0,0,1,1,Bronchitis
1,0,0,1,1,0,1,1,0,1,1,0,1,0,0,0,0,0,1,1,1,1,0,1,0,0,Heart Disease
0,1,1,0,0,0,1,0,0,0,1,0,0,0,1,0,1,0,0,1,1,1,0,1,0,1,Influenza
1,1,0,0,1,0,1,0,0,1,0,1,0,1,1,0,0,0,0,1,0,0,1,0,0,1,Food Poisoning
1,1,1,1,1,0,0,0,0,1,0,1,0,0,0,0,0,0,0,0,1,1,1,1,0,0,Influenza
1,1,1,1,1,0,0,0,0,1,0,0,1,1,1,1,1,0,1,0,1,1,1,1,0,0,Hepatitis
1,1,1,0,0,1,0,0,1,0,0,1,1,1,1,1,1,1,1,0,0,0,0,1,0,1,Meningitis
0,1,1,1,1,1,0,1,1,1,0,0,0,0,0,1,1,0,0,0,0,0,1,0,1,1,Malaria
0,0,1,1,1,0,1,0,1,0,0,1,0,1,0,0,1,0,1,1,0,0,0,1,1,1,Gastroenteritis
1,0,1,1,0,1,0,0,1,0,0,1,0,0,1,1,0,0,1,0,0,1,1,1,1,0,UTI
1,1,1,0,0,0,1,1,1,1,0,0,0,1,0,0,1,1,1,0,1,1,0,1,0,1,Typhoid
0,0,1,0,1,0,0,1,0,1,1,1,0,1,0,0,1,0,1,1,1,0,1,1,0,0,UTI
1,1,0,0,1,1,1,1,1,1,0,1,0,1,1,0,1,1,1,1,1,1,0,0,1,1,Gastroenteritis
0,1,1,0,1,0,0,1,1,0,1,0,1,0,1,0,1,0,1,0,1,1,1,0,1,0,Appendicitis
1,0,0,1,0,1,1,1,1,1,1,1,0,1,0,1,1,0,0,0,0,1,1,1,1,0,Influenza
1,0,1,1,0,0,1,0,1,0,0,0,0,1,0,1,0,1,1,1,1,1,0,1,1,0,Meningitis
1,1,1,0,0,0,1,0,1,0,1,1,1,1,0,0,0,1,0,0,1,1,1,0,0,1,Malaria
0,1,1,1,0,1,1,0,0,0,1,0,1,0,0,1,0,0,1,0,1,1,1,0,0,0,Influenza
1,1,0,0,0,0,1,0,1,0,1,1,1,0,0,1,1,0,0,1,1,0,1,0,0,1,Common Cold
0,0,1,0,1,0,1,1,1,1,1,0,0,0,0,0,0,0,1,0,1,0,0,0,1,1,Meningitis
1,1,1,1,1,1,1,0,1,1,0,0,1,1,1,1,1,1,1,0,0,1,1,0,1,1,Appendicitis
1,1,1,1,0,1,0,1,1,0,1,0,0,1,1,0,1,0,0,1,0,1,1,1,0,0,Meningitis
1,0,1,1,1,1,0,1,0,0,0,1,0,0,0,1,1,1,0,0,0,1,1,1,0,1,Pneumonia
1,0,1,0,1,0,1,0,1,1,1,1,0,0,0,0,1,1,1,0,0,1,1,1,1,0,Hepatitis
0,1,1,0,0,1,1,1,0,0,1,0,0,0,1,0,0,0,0,1,0,1,0,0,0,1,Hepatitis
0,0,0,1,1,0,1,0,1,0,0,0,1,1,1,0,0,1,0,1,0,1,1,1,1,1,Chickenpox
0,0,0,0,1,0,0,0,1,1,1,0,1,0,1,1,1,1,0,0,1,0,0,0,0,0,UTI
0,0,1,0,1,1,0,0,0,0,1,1,1,0,0,1,0,1,0,0,1,1,1,1,0,0,Appendicitis
1,1,0,0,1,0,0,1,0,1,1,0,1,1,0,1,0,0,0,1,0,1,1,1,1,1,Influenza
1,1,1,0,0,0,0,0,1,0,1,1,1,1,0,0,1,1,0,0,1,0,0,0,0,0,Conjunctivitis
0,1,0,0,0,0,1,1,1,0,1,1,1,1,0,0,0,1,0,1,0,1,1,1,1,0,Arthritis
0,1,0,0,1,0,1,0,0,1,0,0,0,0,0,1,0,0,0,0,0,0,1,0,1,1,Food Poisoning
1,1,1,0,0,1,0,1,0,0,1,0,0,0,1,1,0,0,1,0,0,0,0,1,0,0,Bronchitis
1,1,0,0,0,0,0,0,0,1,0,0,0,1,1,1,0,0,0,1,0,0,0,0,1,0,Malaria
0,1,0,1,0,1,1,0,1,1,0,0,0,0,0,1,1,1,1,0,0,0,1,0,1,0,Hepatitis
0,1,0,1,1,0,1,0,1,0,0,0,0,0,1,1,0,0,1,0,0,0,0,1,0,0,Chickenpox
1,0,1,1,1,1,1,1,0,0,0,1,1,0,0,0,0,0,1,1,0,1,1,1,1,1,Asthma
0,1,0,1,1,1,1,0,1,1,0,0,1,1,1,1,1,0,0,1,0,0,0,1,0,0,Influenza
0,1,0,1,1,0,1,1,1,1,0,0,1,0,1,1,0,0,0,0,1,1,0,0,1,1,Migraine
0,1,1,1,0,0,0,1,1,1,0,0,0,0,1,0,1,1,1,0,0,0,1,0,0,1,Heart Disease
0,1,0,0,1,1,1,0,1,0,1,1,0,0,0,0,1,1,1,1,1,1,1,0,0,1,Malaria
1,1,1,0,1,0,0,1,0,0,0,1,0,0,1,1,0,1,1,0,1,0,1,0,0,0,Gastroenteritis
1,0,1,0,0,0,0,1,1,1,1,1,0,0,0,1,1,0,0,1,1,0,1,0,0,0,Common Cold
1,1,1,1,1,1,1,1,0,0,1,0,1,1,0,1,1,1,1,1,1,0,1,0,0,0,Common Cold
1,0,0,1,1,1,1,1,1,1,1,0,1,0,0,0,1,1,0,0,0,1,1,0,1,1,Bronchitis
1,0,0,0,0,1,0,1,0,1,1,1,1,0,1,0,0,0,1,1,0,0,1,0,0,0,Common Cold
0,1,1,1,0,0,1,0,0,0,1,1,1,0,0,0,0,1,1,0,0,1,0,0,1,1,Influenza
1,0,1,1,1,1,0,1,1,0,0,0,0,0,0,1,0,1,1,1,0,1,1,0,0,1,Tuberculosis
1,0,0,1,0,0,0,1,0,0,1,0,0,1,0,0,0,0,1,0,1,1,0,0,1,1,Hepatitis
1,0,0,0,0,1,0,1,0,0,0,0,0,0,1,1,1,1,0,0,0,1,1,1,0,0,Common Cold
1,1,0,1,1,1,1,1,0,1,0,1,0,1,1,0,0,1,0,1,0,0,1,1,0,1,Meningitis
1,1,1,0,0,0,1,1,1,1,1,0,1,1,1,1,0,1,1,0,1,0,0,0,0,1,Hepatitis
1,1,1,0,0,1,1,0,1,0,1,0,1,1,0,0,1,0,1,0,1,1,1,0,1,0,Tuberculosis
1,0,0,1,0,1,1,0,1,0,0,1,0,0,1,1,1,0,0,1,0,0,0,0,0,1,Meningitis
1,0,1,1,1,0,1,1,1,0,1,1,0,1,1,1,1,1,0,0,0,0,1,1,0,1,Gastroenteritis
0,1,1,1,0,0,1,0,1,1,0,1,0,1,1,1,0,0,0,1,0,1,0,1,0,0,Dengue
1,0,0,0,0,1,1,1,0,1,1,0,1,0,1,1,1,1,0,1,1,1,1,0,0,0,Pneumonia
0,0,0,1,1,0,1,1,1,0,0,0,1,0,0,1,0,1,1,0,0,0,1,0,1,1,Meningitis
1,0,0,0,0,1,1,1,1,1,0,1,1,1,1,0,0,0,1,0,1,0,1,0,1,1,Pneumonia
1,1,0,1,0,0,0,1,1,0,1,1,0,0,0,0,0,1,1,0,0,1,0,1,0,1,Appendicitis
0,0,0,1,0,1,0,1,0,1,0,1,1,0,0,0,1,1,1,0,1,1,1,1,0,0,Meningitis
0,1,1,0,0,0,1,1,0,0,1,0,1,0,1,0,0,0,0,0,0,1,1,0,0,1,Bronchitis
0,0,1,0,0,1,0,1,1,1,0,0,0,1,0,0,0,0,0,0,1,1,0,1,0,0,Influenza
0,1,0,0,0,1,1,1,1,1,1,1,0,0,0,0,1,1,0,0,0,0,0,0,1,1,COVID-19
0,0,0,1,0,1,1,1,0,1,1,0,0,1,1,0,1,1,0,0,0,1,1,0,1,1,Arthritis
1,1,1,0,0,0,1,1,0,1,1,0,1,1,1,1,1,0,1,1,0,1,1,1,0,1,Chickenpox
0,1,0,0,0,1,1,1,0,0,1,1,0,0,0,0,1,0,1,1,0,0,0,1,0,1,Migraine
1,0,0,1,0,1,1,0,1,0,0,1,0,0,1,0,1,1,1,0,1,1,1,0,1,1,Appendicitis
1,0,1,0,0,0,1,0,1,0,0,0,1,1,1,1,1,0,0,0,0,1,0,0,0,1,Gastroenteritis
1,1,1,0,0,0,1,0,1,1,0,1,1,0,0,0,0,0,1,0,0,1,1,1,1,1,Meningitis
1,1,0,1,0,1,1,1,1,1,0,0,0,0,1,1,0,1,0,1,0,0,0,1,1,0,Tuberculosis
1,1,0,0,1,0,1,1,0,1,1,0,1,0,1,0,1,1,0,1,1,0,0,0,0,1,Food Poisoning
1,0,0,1,0,1,0,1,1,0,1,1,1,1,1,0,0,0,1,1,0,1,0,0,1,0,Pneumonia
0,0,1,1,0,0,0,1,1,0,0,1,1,1,0,1,1,0,0,1,0,1,1,0,0,0,Migraine
1,1,1,1,1,0,0,0,0,1,0,1,0,0,0,1,1,1,0,0,0,0,0,1,0,0,Heart Disease
0,1,0,1,0,1,1,1,0,0,0,0,1,0,0,0,1,1,1,1,0,0,0,1,0,1,Chickenpox
0,0,1,0,0,0,0,0,1,1,0,0,0,0,1,0,0,1,0,0,1,0,0,0,0,0,Heart Disease
1,0,1,0,0,0,0,1,0,1,0,0,1,0,0,1,1,0,1,0,1,0,1,1,1,0,Food Poisoning
0,1,0,0,0,0,1,0,1,0,0,0,0,0,0,0,0,1,1,1,0,1,0,1,0,0,UTI
0,1,0,1,1,0,1,1,0,1,0,1,1,1,0,0,0,0,0,0,0,0,1,0,0,0,Malaria
1,0,0,0,0,1,0,1,1,1,0,1,1,1,0,1,0,1,1,1,0,1,1,1,1,0,Tuberculosis
1,1,0,0,0,0,1,0,0,1,0,0,0,0,0,0,0,0,1,0,1,1,0,1,1,1,Influenza
0,1,0,1,0,1,1,0,0,1,0,0,1,0,1,1,0,1,1,1,0,1,0,0,0,1,COVID-19
0,1,1,0,1,0,1,0,1,1,1,0,1,0,0,1,0,1,1,0,0,0,0,0,1,1,Hepatitis
1,1,1,0,0,0,1,0,0,1,1,0,0,0,1,1,1,1,1,0,0,0,1,0,1,0,UTI
1,1,0,1,0,1,0,1,1,0,1,0,1,0,1,0,0,1,1,0,0,1,0,1,0,1,Migraine
1,0,1,1,0,1,0,1,0,0,1,0,1,1,1,1,0,1,1,1,0,0,1,0,0,1,Hepatitis
0,1,0,0,0,1,1,0,1,0,1,0,0,0,0,1,1,0,0,1,0,1,1,0,0,0,Malaria
1,0,0,0,0,1,1,1,0,0,0,1,1,1,1,1,0,0,0,0,1,0,0,0,0,0,Conjunctivitis
1,1,1,0,0,0,0,1,1,0,1,1,1,0,0,1,0,1,0,0,1,1,1,1,0,1,Arthritis
0,1,1,0,1,1,1,0,1,1,1,0,1,1,0,1,0,1,0,1,1,0,0,1,0,0,Tuberculosis
1,1,1,0,1,1,1,0,0,1,1,0,0,0,0,0,0,0,1,1,0,0,0,0,1,0,Malaria
0,0,1,1,1,1,0,1,0,1,0,0,0,1,0,1,0,0,0,1,0,1,1,0,1,0,Influenza
0,0,1,1,0,1,0,1,1,0,0,1,1,0,1,0,0,1,1,0,0,1,0,1,1,1,Meningitis
1,0,1,1,0,0,0,0,0,0,0,0,0,0,0,1,0,0,1,1,1,1,0,0,0,0,Influenza
0,0,1,1,1,0,1,0,1,1,0,0,0,1,1,0,0,1,1,0,0,1,0,1,0,1,UTI
0,1,0,0,1,1,0,1,1,1,1,0,1,0,1,1,0,0,0,0,0,1,1,1,1,0,Asthma
0,1,1,0,1,1,0,1,1,1,1,1,0,0,0,0,0,1,0,1,0,0,0,1,1,0,Conjunctivitis
0,0,1,1,0,1,1,1,0,0,1,1,0,0,0,0,1,1,0,1,1,0,1,1,1,1,Conjunctivitis
1,0,0,0,1,0,0,1,1,1,1,1,1,0,0,1,1,0,0,1,0,0,1,0,0,0,Migraine
1,1,0,1,1,0,0,0,1,1,1,1,1,1,1,1,0,0,0,1,1,0,1,0,0,1,Chickenpox
1,1,1,1,1,0,1,0,0,0,0,0,0,0,1,1,1,0,1,1,0,1,0,0,1,1,COVID-19
1,1,1,0,1,1,1,1,0,1,1,1,0,0,1,0,0,0,1,0,1,1,1,0,0,1,Gastroenteritis
1,0,0,0,1,0,0,0,0,0,1,1,0,0,1,0,1,1,1,1,0,1,1,0,1,0,Conjunctivitis
1,0,1,0,1,0,0,0,1,0,1,0,0,0,1,1,1,0,1,1,0,0,0,1,0,1,Bronchitis
0,0,0,0,0,1,0,1,0,0,1,1,1,0,1,1,0,1,1,1,0,1,0,0,1,0,UTI
0,0,0,0,1,0,0,1,1,0,0,1,1,1,0,0,1,1,1,1,1,0,1,1,1,0,Conjunctivitis
1,1,0,0,0,0,1,0,1,1,0,1,0,0,1,1,1,1,1,1,0,0,1,0,0,0,Tuberculosis
1,1,0,1,0,1,0,1,1,0,1,1,0,1,0,1,1,0,1,0,0,0,1,0,1,0,Asthma
0,0,1,1,1,0,0,0,1,0,0,0,1,1,1,1,1,1,0,0,1,1,0,0,1,0,Influenza
0,1,0,1,0,0,1,1,1,0,1,1,0,0,1,1,0,0,0,1,1,1,1,1,1,1,Typhoid
1,0,0,1,1,1,1,1,1,1,0,0,1,1,0,1,0,0,0,1,0,0,0,1,1,1,Hepatitis
1,1,0,0,0,1,0,0,1,0,0,1,1,0,1,0,1,0,1,1,0,1,0,1,0,0,Arthritis
1,1,1,0,1,0,0,0,1,1,1,0,1,0,1,1,1,1,0,0,1,1,1,1,0,1,COVID-19
1,0,1,1,1,0,1,0,0,1,0,0,1,1,1,0,0,0,1,0,1,0,1,1,1,0,COVID-19
0,1,0,0,1,0,1,1,0,1,1,1,1,0,1,1,1,0,0,0,0,0,1,1,0,0,Common Cold
1,0,0,0,1,1,0,0,1,0,0,1,0,1,0,1,0,0,1,0,0,1,0,1,0,1,Pneumonia
0,0,0,0,0,1,0,0,0,0,1,1,0,0,1,0,0,1,0,1,0,0,0,0,0,1,Arthritis
0,1,0,1,1,1,1,0,1,0,1,1,0,1,1,0,0,1,0,0,0,1,0,0,1,0,Influenza
1,1,1,1,1,0,0,1,0,1,1,1,1,1,0,0,0,0,0,0,0,0,1,0,1,0,Tuberculosis
0,0,0,0,1,0,1,0,0,0,1,0,0,1,0,0,0,1,0,0,1,1,0,0,0,1,Typhoid
1,0,0,0,1,1,0,0,1,0,1,1,1,0,1,0,1,0,0,1,0,1,1,0,1,0,Typhoid
1,1,0,1,0,0,0,1,0,0,0,1,0,1,1,0,1,0,0,1,0,0,1,1,0,1,Appendicitis
0,1,0,0,0,1,1,0,1,1,1,1,0,0,1,1,1,1,0,0,0,1,1,0,1,0,Gastroenteritis
0,0,1,0,0,1,0,1,1,0,0,1,0,0,1,0,1,1,0,0,1,0,0,1,1,0,Typhoid
1,1,0,1,1,1,0,1,0,0,1,0,0,0,0,0,0,0,1,0,1,1,0,0,1,0,Common Cold
1,0,1,1,1,1,1,1,1,1,1,1,0,1,0,1,1,1,0,0,0,1,0,0,1,0,Appendicitis
0,0,0,0,0,0,1,0,0,1,1,0,0,1,0,0,0,0,1,1,1,0,1,1,0,1,Asthma
1,0,0,1,0,1,1,1,0,1,1,0,1,0,0,0,0,1,0,1,0,0,0,1,1,1,Hepatitis
0,1,0,1,0,1,0,0,0,1,1,1,0,1,0,1,1,1,1,0,1,1,0,0,0,0,Dengue
0,1,1,0,0,0,1,0,0,1,0,0,0,0,1,1,1,1,1,0,0,1,1,0,0,0,Pneumonia
1,0,1,0,0,0,1,1,0,1,1,1,1,1,1,1,1,0,1,0,0,1,1,1,0,0,Influenza
1,1,1,0,1,0,0,0,0,1,1,0,1,0,1,0,0,0,1,1,1,0,0,0,0,0,Migraine
0,1,0,1,1,1,0,1,0,1,1,1,0,1,1,0,0,0,0,1,1,0,0,1,1,1,COVID-19
1,1,1,0,1,0,0,0,0,1,0,0,0,0,0,1,1,0,0,1,1,1,0,1,0,1,Bronchitis
0,0,0,0,1,0,0,0,0,0,1,0,0,0,1,0,1,0,1,1,1,1,0,1,0,1,Dengue
0,1,0,0,0,1,1,0,0,1,1,1,1,0,0,1,0,1,0,1,0,1,1,0,1,1,Conjunctivitis
0,0,0,1,0,1,1,0,1,0,1,0,1,1,1,0,0,1,0,1,0,0,0,0,0,1,Gastroenteritis
1,1,1,1,1,0,1,0,1,1,1,1,1,1,0,0,1,0,1,0,0,0,1,1,1,0,COVID-19
0,0,1,1,0,0,0,1,0,1,0,0,0,1,0,0,0,0,0,0,1,1,0,0,0,1,Meningitis
1,0,1,1,0,0,1,0,0,1,0,0,0,1,1,0,0,0,0,1,0,1,0,0,1,1,Arthritis
1,1,1,1,1,0,1,0,0,0,0,1,1,1,1,1,1,0,1,0,0,1,0,0,0,0,COVID-19
0,1,1,0,1,0,1,0,1,1,0,0,1,0,1,0,1,0,1,0,1,1,1,1,0,1,Gastroenteritis
0,0,1,0,0,0,0,1,0,0,1,0,1,1,1,0,0,1,0,0,0,0,1,0,1,1,Conjunctivitis
1,0,1,1,1,1,1,0,1,1,0,0,1,1,0,1,0,0,0,1,1,1,1,1,1,0,Pneumonia
1,1,1,1,1,0,0,1,1,1,0,0,1,1,0,1,0,1,1,1,0,0,0,0,0,0,Bronchitis
1,1,1,1,0,1,0,1,1,1,1,1,0,0,0,0,1,1,0,1,0,1,0,1,0,0,Bronchitis
1,1,0,0,1,0,1,0,0,0,1,1,0,1,1,0,0,1,0,0,0,0,0,1,0,0,Gastroenteritis
1,0,1,0,1,1,1,0,0,1,1,1,1,1,0,0,0,1,0,0,1,1,0,0,1,1,Chickenpox
1,0,1,1,1,1,0,0,0,1,0,0,1,0,1,1,0,1,0,1,1,1,0,1,0,0,Bronchitis
0,0,1,0,1,1,1,0,1,1,0,1,0,1,0,0,0,0,1,1,1,1,0,0,0,1,Pneumonia
0,0,0,1,0,0,0,0,0,1,0,1,1,0,1,1,1,1,1,1,0,0,0,0,0,0,Meningitis
0,1,1,1,1,0,1,0,0,1,1,0,0,1,1,1,0,1,0,1,0,0,0,1,0,0,Tuberculosis
0,0,0,0,1,0,0,0,1,0,1,1,0,1,1,1,1,1,1,0,0,0,1,0,0,0,Bronchitis
1,1,0,0,0,1,1,0,1,0,0,0,1,0,0,1,1,0,0,0,1,0,0,1,0,1,Appendicitis
1,0,1,1,0,1,1,1,1,1,1,1,0,1,1,0,0,1,1,1,0,1,1,0,0,0,Gastroenteritis
0,0,1,1,1,1,0,1,0,0,0,1,0,1,0,1,0,0,0,1,1,1,0,1,1,0,UTI
1,1,1,1,1,0,0,0,0,0,0,1,0,0,0,0,1,1,0,0,0,0,1,1,1,1,Chickenpox
1,0,1,0,1,1,0,1,1,1,1,1,1,1,1,1,1,1,1,1,0,0,0,0,1,0,Heart Disease
0,0,1,1,0,1,1,1,0,1,0,1,1,1,1,0,0,0,1,1,0,0,1,0,1,0,Pneumonia
0,1,1,0,0,1,0,0,1,1,0,0,0,1,1,0,1,0,1,1,1,0,1,1,0,0,Migraine
0,0,0,1,0,0,1,0,1,1,1,0,0,0,0,1,1,0,0,0,1,1,1,0,0,1,Arthritis
1,1,1,0,0,1,0,1,1,1,1,0,1,1,0,0,0,0,1,1,1,0,0,1,0,1,Influenza
1,0,1,0,1,1,0,0,1,1,1,0,1,0,1,0,0,0,1,1,0,0,0,1,1,0,Conjunctivitis
0,1,0,0,1,1,0,0,1,0,0,0,0,1,0,1,0,0,0,1,1,0,0,0,1,1,Conjunctivitis
1,0,0,1,1,0,0,1,0,1,1,0,0,1,0,0,1,0,0,0,1,0,1,1,0,1,COVID-19
1,1,1,0,0,1,0,0,1,1,1,1,1,1,0,1,0,0,0,1,1,0,1,1,1,1,Influenza
1,1,0,1,0,1,0,1,1,1,1,1,0,1,1,0,0,0,0,0,1,1,1,1,1,0,Malaria
0,1,0,1,1,1,1,0,1,1,1,0,0,0,1,0,1,1,1,0,1,0,1,1,1,0,Heart Disease
1,0,0,1,1,0,0,0,0,1,1,1,1,0,1,1,1,0,1,1,1,0,1,1,1,0,Chickenpox
0,0,0,0,0,1,0,1,1,0,0,1,0,0,0,0,1,1,0,1,0,1,1,1,0,0,Bronchitis
1,1,0,0,1,1,0,1,1,1,1,0,1,1,0,1,0,1,0,0,1,0,1,0,1,1,Hepatitis
0,0,0,1,0,1,1,1,0,0,1,0,1,1,1,1,1,0,0,1,1,0,1,1,1,0,Food Poisoning
0,0,0,1,1,1,1,0,0,0,0,0,1,1,0,0,0,1,1,1,0,0,1,0,0,0,Dengue
0,0,0,1,1,0,0,1,0,1,0,0,0,0,1,0,0,0,0,1,0,1,0,0,1,1,Chickenpox
0,0,0,0,1,1,1,1,1,0,0,1,1,1,1,1,1,1,1,0,0,0,0,1,1,0,Gastroenteritis
1,1,1,1,1,0,0,1,0,0,0,1,1,1,0,0,0,0,1,1,0,0,0,1,0,0,Gastroenteritis
0,1,1,0,0,1,1,1,1,1,0,0,0,0,1,0,0,1,0,0,0,1,1,1,0,1,UTI
0,1,1,0,0,0,0,0,0,1,1,0,1,1,0,1,0,0,1,1,0,0,1,0,0,0,Dengue
1,0,1,0,0,0,1,1,1,1,1,0,1,1,0,0,1,1,1,1,0,1,1,1,0,1,Heart Disease
1,0,1,0,0,0,0,1,1,0,1,1,0,1,0,0,0,0,1,0,1,1,0,1,0,1,Asthma
1,1,0,0,0,1,0,0,0,0,1,1,1,1,1,0,0,0,0,0,0,1,1,0,0,0,Hepatitis
0,0,1,0,0,1,0,1,0,0,1,1,0,0,1,0,1,0,0,1,0,1,0,1,0,1,Migraine
0,1,1,1,0,0,1,0,1,1,0,0,0,0,1,1,1,1,0,0,0,0,0,1,0,0,Typhoid
0,0,0,1,1,0,0,1,0,1,0,1,0,1,1,0,0,0,0,1,0,0,1,0,1,1,Arthritis
1,0,1,1,0,1,0,1,0,1,1,1,1,1,1,1,1,0,0,1,0,1,1,1,0,1,Chickenpox
1,0,0,1,1,0,0,0,0,1,1,1,0,1,1,0,1,0,0,1,0,0,0,0,0,0,Common Cold
0,0,1,0,1,1,1,1,0,0,0,1,1,0,1,1,1,1,0,0,0,1,1,1,0,0,UTI
1,0,1,1,1,1,0,1,0,1,0,1,1,0,1,0,0,1,1,0,1,0,1,1,1,1,Food Poisoning
0,1,0,1,0,0,1,1,0,0,1,1,1,0,0,1,0,0,1,0,1,1,0,0,0,0,Pneumonia
1,1,1,1,1,0,0,1,1,1,0,1,1,1,0,0,0,0,0,0,1,0,0,1,0,0,UTI
0,1,0,0,0,1,0,0,1,0,1,1,1,1,0,1,1,0,0,0,1,0,1,0,1,0,Pneumonia
0,0,1,0,1,1,0,1,1,1,1,0,1,1,0,0,0,1,1,0,1,1,0,1,1,1,Food Poisoning
1,0,0,1,1,0,1,0,1,0,1,1,1,1,0,1,1,0,1,0,1,0,0,0,0,0,Asthma
0,0,0,1,0,0,1,1,1,0,1,1,0,0,0,0,0,1,0,1,0,1,1,1,0,0,Chickenpox
0,1,1,1,1,0,0,0,0,1,1,0,1,0,0,1,0,1,1,1,0,1,0,1,1,0,Common Cold
1,0,0,0,0,0,1,0,0,1,1,1,0,0,1,1,1,1,1,1,0,0,1,1,0,1,Appendicitis
1,0,0,0,0,1,1,0,1,0,0,1,0,1,0,0,1,1,0,1,0,1,0,1,0,0,Gastroenteritis
0,1,1,1,1,1,0,1,1,1,1,0,0,0,0,0,1,0,0,0,1,0,0,0,1,0,Tuberculosis
1,0,1,0,0,0,0,0,0,0,1,1,1,0,1,1,0,1,0,1,1,0,0,1,1,1,Gastroenteritis
1,1,0,1,1,0,0,1,0,0,0,1,1,0,0,1,0,0,1,1,0,0,0,1,1,0,Malaria
0,0,0,0,0,1,0,0,0,1,1,0,1,0,1,1,1,1,1,0,1,0,0,0,0,0,COVID-19
0,1,0,0,0,1,1,1,1,1,1,1,1,0,0,1,0,1,0,0,0,0,0,0,1,1,Asthma
1,1,1,1,0,0,0,0,0,1,1,0,1,1,0,1,0,0,0,0,1,0,0,1,1,0,Typhoid
1,1,0,1,1,0,1,0,0,1,0,0,1,0,0,1,1,1,0,0,1,0,0,0,1,1,Tuberculosis
0,1,1,0,1,1,0,0,1,1,1,1,1,1,1,0,0,0,0,0,0,0,1,0,1,0,Conjunctivitis
0,0,0,1,0,0,0,0,0,1,0,1,1,0,1,1,0,0,0,1,1,1,0,1,0,0,Hepatitis
0,0,0,0,1,0,1,0,1,0,1,0,1,0,1,1,1,1,0,1,1,1,0,0,0,1,Hepatitis
0,0,0,1,0,1,0,1,0,1,1,1,1,0,1,1,0,0,0,1,1,0,0,0,1,0,Arthritis
1,1,1,1,0,1,1,1,1,0,0,1,1,0,1,0,0,1,1,1,1,1,1,0,1,1,Common Cold
1,1,1,1,0,1,0,1,0,0,1,1,1,0,0,0,1,0,0,0,0,1,0,0,1,1,Conjunctivitis
0,0,0,1,1,1,1,0,1,1,1,0,1,0,1,1,0,1,1,0,0,1,0,1,1,1,Food Poisoning
1,1,0,0,1,0,0,0,0,1,0,1,1,0,0,0,0,0,1,0,0,1,1,1,0,1,Typhoid
0,1,1,0,0,1,1,0,1,0,1,1,1,0,0,0,1,0,0,1,1,1,1,1,0,1,Migraine
0,0,0,0,1,0,0,0,1,1,1,0,0,1,0,0,0,1,0,1,0,1,1,1,1,0,Arthritis
1,1,0,0,0,0,0,0,1,0,0,0,1,1,1,1,0,0,1,0,0,0,0,1,0,0,Food Poisoning
0,1,1,1,1,1,1,0,1,1,0,1,1,1,0,0,1,1,1,0,0,1,0,1,1,1,Conjunctivitis
0,0,1,1,0,1,0,0,1,1,1,1,1,0,1,0,1,1,1,1,1,1,1,0,0,1,Dengue
0,1,0,0,1,0,0,0,0,0,0,1,1,1,1,1,1,1,0,1,0,0,0,0,1,0,Migraine
1,1,0,0,0,1,1,1,0,0,0,0,1,1,1,1,1,0,1,1,1,0,1,0,1,0,Asthma
0,1,1,0,1,0,0,1,1,0,0,0,0,1,1,0,0,1,1,0,1,1,1,1,1,0,Gastroenteritis
0,1,0,0,1,1,0,1,0,0,1,1,0,1,1,1,0,1,1,1,0,1,1,0,1,1,COVID-19
0,0,1,1,0,1,0,1,1,1,0,0,1,0,1,0,1,1,1,1,1,1,0,0,1,1,COVID-19
0,0,0,0,1,0,0,1,1,0,1,1,0,0,1,1,1,0,0,1,0,0,1,1,1,1,Gastroenteritis
0,0,0,0,0,1,1,1,1,1,0,0,1,1,1,0,1,0,1,0,1,0,1,0,0,0,Dengue
0,1,0,0,0,0,0,1,0,0,1,0,0,0,1,1,0,1,0,1,1,0,0,0,1,1,Arthritis
0,1,0,0,0,0,0,0,0,0,1,0,0,0,1,1,0,1,1,0,0,1,1,1,1,0,Pneumonia
1,1,0,0,1,1,0,0,1,0,1,0,1,1,0,1,0,1,1,1,1,0,0,0,1,0,Appendicitis
0,1,1,0,0,1,0,0,0,1,0,0,1,0,0,0,0,1,0,0,0,1,1,0,1,1,Chickenpox
0,1,1,0,1,1,1,0,0,1,0,1,0,0,1,0,0,0,0,1,1,0,0,0,1,1,Gastroenteritis
0,0,0,1,0,1,0,1,0,0,0,0,1,0,0,0,1,0,1,1,0,1,1,1,1,1,Chickenpox
1,1,1,1,1,0,0,0,1,1,0,0,1,1,0,0,0,0,0,1,0,0,0,1,0,1,Tuberculosis
1,0,0,1,0,1,1,1,1,0,0,0,0,1,1,1,1,0,0,0,1,0,1,1,1,1,Dengue
1,1,1,1,0,0,1,1,0,1,0,1,0,0,0,0,1,0,0,0,0,0,0,1,0,1,Heart Disease
1,0,0,0,1,0,1,1,0,1,1,1,1,1,0,0,1,0,0,1,0,1,1,1,1,0,Typhoid
0,1,1,0,1,0,0,1,1,0,1,0,0,0,1,1,0,0,0,1,1,0,1,1,0,1,Asthma
1,1,0,1,0,1,0,1,1,0,0,1,1,0,0,0,0,0,0,0,0,0,0,1,0,1,Asthma
1,0,0,0,1,1,0,0,0,1,0,1,0,0,1,1,1,1,0,0,1,0,1,1,1,1,Tuberculosis
0,0,0,0,1,0,1,1,1,0,1,0,1,1,1,0,1,1,1,0,1,0,0,0,0,1,Food Poisoning
0,0,0,1,0,1,0,1,0,0,0,1,1,0,1,1,0,0,1,0,1,0,1,0,1,1,Gastroenteritis
0,1,0,0,1,1,0,0,0,1,0,1,1,1,0,1,0,1,0,0,1,0,0,0,0,0,Dengue
0,0,0,1,0,0,0,1,0,1,1,1,0,1,1,1,1,0,0,1,0,0,0,1,0,1,Bronchitis
1,1,0,1,1,1,0,1,0,1,1,0,1,0,1,0,1,1,1,1,0,0,1,0,1,0,Common Cold
1,0,1,0,1,1,0,0,0,1,1,1,0,1,0,1,1,0,0,1,0,1,1,0,1,1,Asthma
1,0,1,0,1,1,0,0,1,1,0,1,1,0,0,1,0,0,0,1,0,0,0,1,1,1,Migraine
0,1,0,1,1,1,1,1,1,0,0,1,1,1,1,0,1,1,0,1,1,1,0,0,1,1,Tuberculosis
1,0,1,1,0,0,0,0,0,1,1,0,0,1,0,0,1,0,1,1,1,0,0,1,0,0,Hepatitis
1,0,0,1,0,0,1,0,1,1,0,1,1,1,1,0,1,1,0,0,0,0,1,1,1,0,Appendicitis
0,1,0,0,1,0,0,0,0,1,1,1,0,0,1,0,1,1,1,1,0,1,0,0,1,0,Gastroenteritis
0,0,1,0,1,1,1,1,0,1,0,1,1,0,0,1,1,0,1,0,1,0,1,1,0,0,Malaria
0,1,0,0,0,1,0,0,1,0,1,0,1,1,1,0,1,0,1,1,1,1,1,0,0,0,Hepatitis
0,0,0,1,0,0,1,1,1,1,1,1,0,0,1,1,1,0,1,0,1,1,0,1,1,0,Typhoid
0,0,1,1,1,1,1,0,0,1,0,1,1,1,1,0,1,0,1,0,1,0,1,1,0,1,Dengue
1,0,1,1,1,0,0,0,0,1,1,1,0,0,1,1,1,1,1,0,1,0,0,1,1,0,Meningitis
1,0,1,1,0,1,0,1,1,1,1,0,0,0,0,1,0,1,0,1,1,0,0,1,0,1,Arthritis
0,1,0,1,0,1,1,1,0,0,1,0,1,0,0,1,1,0,0,0,0,1,1,1,1,1,Bronchitis
1,0,0,0,0,0,1,0,0,1,0,0,0,1,0,1,1,1,0,0,1,1,0,0,1,0,Tuberculosis
1,1,1,1,1,1,1,0,0,1,0,1,0,0,1,0,1,0,0,0,1,0,0,0,0,0,Common Cold
1,1,1,0,1,1,0,0,1,1,1,0,1,0,1,0,1,1,0,0,0,1,0,1,0,0,Asthma
1,1,0,1,0,1,0,1,1,1,1,0,1,0,0,0,0,0,1,1,1,0,1,0,1,1,COVID-19
0,0,0,0,1,1,0,0,0,0,1,1,1,1,0,0,0,1,1,1,1,0,1,1,1,1,Heart Disease
1,1,1,1,1,1,0,1,0,1,0,0,0,0,1,1,1,0,1,1,1,0,0,1,0,0,Bronchitis
1,1,1,0,1,0,0,0,0,0,1,1,1,1,1,1,1,0,0,0,0,0,1,0,1,0,Bronchitis
0,0,0,1,1,0,0,1,1,0,0,1,1,0,1,0,0,1,0,0,0,0,0,1,0,0,Chickenpox
0,1,0,0,1,0,1,0,1,0,0,1,1,0,1,1,0,1,1,0,0,0,0,1,1,0,Conjunctivitis
1,1,1,1,0,1,0,1,0,0,1,0,0,0,1,1,1,1,1,0,1,0,0,0,0,1,Common Cold
0,1,0,0,0,0,0,1,1,0,0,0,0,1,1,0,1,1,0,1,0,1,1,1,1,1,COVID-19
1,1,0,1,1,1,1,1,0,1,1,1,0,0,1,1,0,0,0,0,0,0,0,0,0,0,COVID-19
1,0,1,1,1,1,0,0,1,1,0,0,1,1,0,0,0,0,0,1,1,1,0,0,1,0,Bronchitis
0,1,0,1,0,0,0,0,0,0,1,1,0,0,1,1,1,0,1,0,0,1,1,1,1,1,Food Poisoning
0,0,0,0,0,1,0,0,1,1,0,0,0,0,0,0,1,0,0,1,1,1,1,1,0,0,Tuberculosis
1,0,0,1,0,0,1,0,0,0,0,0,0,0,1,0,1,0,0,0,0,0,1,0,0,0,Pneumonia
1,1,0,1,1,1,1,1,1,1,1,1,0,1,1,1,1,0,1,1,0,1,1,0,0,0,UTI
1,0,1,0,0,1,0,1,0,0,1,0,0,1,1,0,1,0,0,1,1,1,1,1,1,1,UTI
1,1,1,0,1,1,1,0,1,1,1,1,1,1,0,0,1,0,1,1,0,1,1,0,0,1,Malaria
1,1,1,1,1,0,0,0,1,0,1,0,1,1,0,1,0,1,1,1,1,1,0,0,1,1,Tuberculosis
1,0,0,0,0,1,0,0,1,1,1,1,0,0,0,1,1,1,0,1,0,1,0,1,1,1,Malaria
1,0,0,1,1,1,0,0,0,1,1,0,1,1,0,0,1,0,0,1,1,1,1,1,0,0,Common Cold
0,1,1,0,1,0,1,0,0,0,1,1,0,1,0,1,0,0,0,1,0,1,0,1,0,1,Pneumonia
0,0,1,1,0,0,1,0,0,1,1,1,0,1,0,0,1,0,1,1,1,0,0,0,0,0,Malaria
0,1,0,0,1,1,1,0,1,0,0,1,1,1,1,0,1,0,0,1,1,1,0,0,1,0,Influenza
0,0,0,1,0,1,1,0,1,0,0,1,1,1,1,1,1,0,0,0,0,0,0,1,0,1,Meningitis
1,0,1,0,1,0,0,1,0,0,0,0,0,0,1,0,0,0,1,0,0,0,0,1,1,1,Meningitis
0,1,1,0,1,1,0,1,1,1,0,1,1,0,1,1,0,0,0,1,0,1,1,0,1,0,Arthritis
1,1,0,1,0,1,0,0,1,0,1,0,1,0,1,0,1,1,0,0,1,0,1,1,1,1,Influenza
0,1,1,0,1,1,0,0,1,0,1,1,1,1,0,0,1,0,1,1,0,0,0,1,0,1,Typhoid
1,0,1,0,1,1,1,1,0,0,0,1,1,1,0,0,1,0,0,1,1,1,1,1,1,1,Bronchitis
0,0,0,0,1,0,0,0,0,0,0,1,0,0,0,0,1,1,0,1,0,0,1,0,1,1,Gastroenteritis
1,1,0,1,0,1,1,1,0,1,1,1,1,0,0,1,0,1,0,1,0,0,0,0,0,0,COVID-19
1,1,0,1,0,0,1,0,1,1,1,1,1,1,1,1,1,0,0,1,0,1,0,0,0,1,Common Cold
0,1,0,1,0,1,1,0,0,1,0,1,1,0,0,1,0,0,1,0,1,0,1,1,0,1,Tuberculosis
1,0,0,0,1,0,0,0,0,1,0,0,0,0,1,0,0,1,1,1,1,1,0,1,0,0,Arthritis
0,0,1,0,0,0,0,0,1,0,0,1,0,0,0,0,1,0,1,1,1,0,0,0,0,0,Tuberculosis
0,1,0,1,1,1,1,1,0,0,0,1,1,0,1,0,1,1,0,1,1,0,0,1,0,0,Meningitis
0,1,1,1,0,0,1,0,0,1,0,0,1,1,1,0,0,0,0,1,0,0,0,0,1,1,Common Cold
1,0,0,0,0,0,0,0,0,0,0,1,0,1,1,0,0,1,0,1,0,1,0,1,1,1,Chickenpox
0,1,1,1,0,0,1,0,0,1,1,1,0,0,1,0,1,0,0,1,1,0,1,1,0,0,Bronchitis
1,1,1,0,1,1,1,0,0,0,0,1,1,1,1,0,0,0,1,1,0,0,1,0,1,0,Hepatitis
1,0,1,1,1,1,1,0,0,1,1,1,1,0,1,0,0,0,0,1,1,0,0,0,0,1,Typhoid
0,1,0,0,1,0,0,1,0,1,0,0,1,0,1,1,1,1,0,0,0,1,1,1,1,0,Meningitis
0,0,0,1,1,1,0,0,1,0,1,0,1,0,1,1,1,1,1,0,1,0,1,0,1,0,Typhoid
1,0,0,0,1,1,0,0,0,0,1,1,0,1,0,1,1,1,0,0,0,0,1,0,1,0,Migraine
0,0,0,0,0,1,1,0,0,0,1,1,0,0,1,1,0,0,1,1,0,0,1,1,1,0,Conjunctivitis
1,0,1,0,1,1,1,0,0,0,0,0,0,0,0,0,1,0,0,0,1,1,1,1,0,0,Dengue
1,1,0,0,0,1,1,0,1,1,1,1,0,1,1,0,0,0,1,0,1,0,0,1,1,1,Common Cold
1,0,0,0,0,0,1,1,1,1,1,0,1,1,0,1,0,0,0,0,0,1,1,1,0,1,Food Poisoning
0,0,1,1,1,0,1,1,1,1,1,1,0,1,1,1,0,0,1,1,0,0,1,1,1,1,Hepatitis
0,0,0,1,1,0,1,0,0,1,1,1,0,0,0,0,0,1,0,0,1,0,1,1,1,0,Pneumonia
0,1,0,0,0,0,0,1,0,0,1,1,0,0,1,1,0,0,1,0,1,0,0,1,1,0,Chickenpox
1,1,1,0,0,1,0,0,1,0,0,0,0,1,1,1,1,0,0,1,0,0,0,1,0,1,Influenza
0,0,1,1,1,1,1,1,1,1,0,0,1,1,1,1,1,1,1,1,0,1,1,1,1,0,Malaria
0,1,1,0,0,1,0,1,1,1,0,0,1,1,1,1,0,1,0,0,1,1,1,0,0,1,Meningitis
0,1,1,0,0,0,0,1,0,0,1,0,0,1,0,0,0,1,1,0,1,0,0,1,0,0,Dengue
1,0,0,1,0,1,0,1,1,0,0,1,1,1,1,1,1,0,0,0,0,1,0,1,1,1,Common Cold
0,1,0,1,0,1,1,0,1,0,0,0,1,1,1,0,0,0,1,1,0,1,1,1,0,1,COVID-19
1,0,1,1,0,1,1,1,0,0,1,0,0,1,0,1,1,1,1,0,0,1,1,1,1,1,Pneumonia
1,0,1,1,0,1,0,0,0,1,0,1,1,0,0,0,1,1,1,0,1,1,0,0,0,1,Typhoid
1,0,0,1,0,1,0,0,0,0,1,0,0,1,0,0,1,1,0,1,0,0,1,1,1,0,Bronchitis
1,1,1,1,0,1,1,0,0,0,1,0,1,1,1,0,0,1,1,1,1,1,1,0,0,0,COVID-19
1,0,0,0,0,1,0,0,1,1,1,0,0,1,0,0,0,1,0,1,1,1,1,0,1,0,Gastroenteritis
0,1,1,0,1,1,1,0,0,0,1,0,0,0,1,0,1,0,0,1,1,0,1,0,1,1,Tuberculosis
0,1,0,1,0,1,1,0,1,0,1,1,1,1,0,1,0,0,0,1,0,0,0,1,0,1,Malaria
0,0,1,1,1,0,0,1,1,1,1,0,1,1,1,0,0,0,1,0,1,1,0,1,1,1,Bronchitis
1,0,0,1,1,0,0,0,0,1,0,0,1,0,1,1,1,1,0,0,0,1,0,1,1,1,Typhoid
1,0,0,0,0,1,0,0,1,0,1,1,0,0,0,0,1,0,0,1,1,0,0,1,0,0,Hepatitis
0,0,0,1,0,0,1,1,0,1,0,0,0,0,0,0,0,0,0,0,1,1,0,0,1,1,UTI
1,1,0,1,1,1,0,1,1,0,1,1,1,0,0,1,0,0,1,1,0,1,0,1,0,0,COVID-19
1,0,1,1,0,0,1,0,0,0,1,0,0,1,1,0,0,1,1,1,1,1,1,0,0,0,Asthma
0,0,0,1,1,0,1,0,0,0,0,0,1,0,0,0,0,0,1,1,1,0,1,1,1,0,Conjunctivitis
1,0,1,0,0,0,1,1,1,1,1,0,1,0,1,1,1,1,0,1,0,0,0,1,1,0,Dengue
0,0,1,0,0,0,1,1,0,0,0,1,1,0,0,1,1,1,0,1,1,1,1,0,1,1,Asthma
1,1,1,1,0,1,1,1,1,1,1,1,1,1,1,1,0,0,0,1,1,1,0,0,0,1,Conjunctivitis
0,1,1,1,0,1,1,0,1,0,0,1,0,1,1,1,1,0,0,1,1,0,1,1,1,1,UTI
1,1,0,1,0,0,0,0,1,1,1,0,1,1,0,0,0,0,0,0,0,0,0,1,1,0,Malaria
0,0,1,1,0,1,0,0,1,1,0,0,0,1,0,0,1,1,1,1,0,1,0,1,0,1,Pneumonia
0,0,0,1,1,1,0,0,1,0,1,0,1,0,0,0,0,1,0,0,0,1,1,1,1,1,Malaria
1,0,1,1,0,0,0,1,1,1,0,0,0,1,0,0,0,1,1,1,0,1,0,1,1,1,Pneumonia
0,1,0,1,1,0,0,1,0,0,1,1,0,0,1,0,0,1,1,1,0,1,1,0,1,1,Hepatitis
1,1,1,1,1,0,1,1,0,1,0,0,1,1,0,1,0,0,0,0,1,0,0,0,0,1,UTI
1,0,0,1,1,0,1,0,0,1,0,1,1,1,1,1,0,1,0,0,0,1,1,1,1,1,Appendicitis
0,0,1,0,0,0,0,0,0,1,0,1,0,0,1,0,1,1,1,1,0,0,0,0,1,1,Heart Disease
1,1,0,0,0,1,0,0,1,1,0,1,0,1,1,1,0,1,1,1,1,1,0,1,1,1,Gastroenteritis
0,1,1,1,0,0,1,0,0,1,1,1,0,1,1,1,0,1,1,1,1,0,0,0,0,0,Typhoid
1,1,1,1,0,1,0,1,0,0,1,0,0,1,0,0,1,1,0,0,1,0,1,0,0,1,Asthma
0,0,1,1,0,0,0,1,0,0,0,1,0,1,1,1,0,0,0,1,1,0,0,0,0,1,Appendicitis
1,1,1,1,1,0,1,1,1,1,1,1,1,0,1,0,0,0,0,1,0,1,0,1,1,0,Typhoid
0,1,0,1,1,0,1,0,0,1,0,0,0,1,1,0,0,1,0,1,0,1,0,0,1,0,Conjunctivitis
0,1,1,0,0,1,0,1,1,0,0,0,0,0,1,1,1,1,1,0,1,1,1,1,1,0,Conjunctivitis
0,0,1,0,0,0,1,1,0,1,0,1,0,0,1,0,1,0,0,1,0,1,1,0,0,0,Hepatitis
0,1,0,1,1,0,0,1,0,0,0,1,1,1,0,1,1,1,1,1,0,0,0,1,1,1,Appendicitis
0,1,0,0,1,0,0,1,0,1,1,1,0,1,1,1,1,1,1,0,1,1,1,0,1,1,Tuberculosis
1,0,0,1,1,1,1,1,1,0,1,1,0,0,0,1,0,0,1,0,0,0,0,1,1,1,Food Poisoning
0,0,0,0,1,1,0,0,1,1,1,1,0,0,1,1,0,1,1,0,1,1,1,1,0,1,Tuberculosis
1,0,1,1,1,1,0,1,0,0,0,0,0,0,0,1,0,1,0,0,1,0,0,0,0,0,Arthritis
1,1,0,0,1,0,0,1,0,0,0,1,1,1,0,1,1,0,1,0,0,1,1,0,1,0,Typhoid
0,1,1,1,0,1,1,0,0,0,0,0,1,0,0,0,0,0,1,0,0,1,0,1,0,1,Conjunctivitis
0,0,0,0,0,0,0,1,1,1,1,0,0,1,0,0,1,1,1,1,0,0,1,0,1,1,Food Poisoning
0,1,1,0,1,1,1,1,1,0,1,0,0,0,1,1,1,0,1,1,0,1,0,0,0,1,Heart Disease
0,0,1,0,1,0,0,0,0,1,1,0,0,0,1,0,0,0,0,0,0,1,1,1,1,0,Asthma
0,0,1,1,1,1,1,0,0,0,1,0,1,0,1,1,0,0,1,1,1,1,0,0,0,0,Asthma
1,1,1,1,0,1,0,1,1,1,0,0,1,1,1,1,0,1,0,0,0,1,0,1,1,0,Malaria
1,1,1,0,0,0,0,0,1,0,1,0,1,1,0,1,0,0,0,0,0,1,1,0,0,1,Appendicitis
1,0,0,1,0,1,0,1,0,1,1,1,1,1,1,0,0,0,1,0,1,0,0,0,0,0,Chickenpox
0,0,1,0,1,1,1,0,1,1,0,0,1,1,1,1,0,1,0,0,1,0,1,1,1,0,Food Poisoning
0,0,0,0,0,0,0,1,1,0,1,1,1,0,1,0,1,1,0,0,1,0,0,1,1,1,Migraine
1,1,0,0,1,0,0,1,0,1,0,1,0,1,1,1,1,0,1,1,0,1,0,0,1,1,Food Poisoning
1,0,0,1,1,1,0,0,0,1,0,1,0,1,0,0,0,1,1,0,1,1,1,1,1,0,Common Cold
0,0,1,0,0,0,1,1,0,1,0,0,1,0,0,0,1,0,1,0,1,1,1,1,0,1,Migraine
1,1,0,1,0,0,1,1,1,0,0,0,0,1,1,1,1,0,1,1,0,0,1,1,0,0,Conjunctivitis
0,0,0,0,1,0,0,1,1,0,0,1,0,1,1,1,1,1,1,1,0,1,1,0,1,1,Common Cold
1,0,0,0,1,1,0,0,0,0,0,0,1,0,1,1,1,0,1,0,0,0,0,1,1,1,Dengue
1,0,0,0,0,1,1,0,0,0,0,0,1,1,1,1,0,1,0,1,0,0,0,0,1,1,Arthritis
0,0,1,1,0,0,0,0,0,0,1,1,1,1,0,0,0,1,0,0,0,0,1,1,0,0,COVID-19
0,0,1,1,1,0,0,1,1,0,1,0,0,0,0,0,0,0,0,1,1,1,0,0,1,1,Common Cold
1,1,0,1,1,0,1,1,0,0,0,1,0,1,1,1,1,0,0,0,1,1,1,0,1,0,Tuberculosis
1,0,1,1,1,0,1,0,1,1,0,0,1,1,1,1,1,1,0,1,0,0,0,1,1,1,COVID-19
0,1,0,0,0,0,1,0,0,0,0,0,0,1,0,1,0,1,1,1,1,1,0,0,1,0,Hepatitis
1,1,1,0,1,1,0,1,1,1,0,0,1,1,1,1,1,0,1,1,1,0,1,1,1,1,Chickenpox
0,0,1,0,0,0,1,0,1,0,1,0,0,0,1,1,1,0,1,1,0,0,0,0,0,0,Conjunctivitis
0,1,1,1,0,1,1,0,0,0,0,1,1,1,1,1,1,1,1,1,1,0,0,1,0,0,COVID-19
0,1,1,0,1,1,0,1,0,0,0,1,0,0,1,1,0,0,1,0,1,0,1,1,1,1,Heart Disease
1,0,0,1,0,0,0,0,0,1,0,1,1,0,1,0,1,0,0,0,1,1,0,1,0,1,Dengue
1,1,1,1,1,1,1,1,0,0,0,1,0,1,0,1,1,0,1,1,1,0,1,1,1,1,Gastroenteritis
0,0,0,0,1,0,1,0,0,0,1,0,1,0,1,1,1,0,1,0,1,0,0,0,0,1,Migraine
0,1,1,0,1,0,0,0,1,1,0,0,1,1,1,0,0,1,1,0,1,1,1,1,0,1,Tuberculosis
0,1,0,1,1,0,0,1,1,1,1,0,0,1,0,1,0,1,1,0,1,1,0,1,1,1,Dengue
0,0,1,1,1,0,0,1,0,1,1,0,1,0,1,1,0,0,0,1,0,0,0,0,1,1,Appendicitis
0,0,1,1,0,1,0,0,1,0,0,1,1,0,1,1,0,1,1,1,1,0,1,1,1,1,UTI
0,1,1,0,1,1,1,1,1,0,0,1,0,1,0,0,0,1,0,0,0,1,1,1,0,0,Gastroenteritis
1,1,1,0,1,0,1,0,1,1,0,1,0,1,0,0,1,0,0,0,1,0,0,1,1,1,Migraine
0,1,0,0,1,1,1,1,1,0,1,0,1,0,0,0,1,0,0,1,1,0,1,0,0,1,Hepatitis
1,1,1,1,1,0,1,0,0,0,1,0,1,0,1,0,1,0,1,0,1,1,0,0,0,1,Influenza
0,1,1,1,0,0,0,0,0,0,0,0,1,0,1,0,1,0,0,1,1,0,1,0,1,0,Pneumonia
0,1,0,0,0,1,1,1,1,0,0,0,1,1,0,0,0,0,1,1,0,1,1,0,0,0,UTI
1,1,0,0,1,0,1,0,1,0,0,1,1,0,1,1,0,1,0,1,1,0,0,1,1,1,Migraine
1,0,1,1,0,1,0,0,1,1,1,0,1,1,0,0,1,0,1,1,0,1,1,0,1,1,Gastroenteritis
1,1,1,1,0,1,0,1,0,1,0,1,0,0,1,0,0,1,1,0,0,1,0,1,1,1,Appendicitis
1,0,1,0,0,1,0,1,0,0,1,1,0,0,0,1,1,0,0,1,0,1,0,0,1,0,Malaria
1,1,0,1,1,0,1,0,0,0,1,0,1,1,0,1,1,1,1,1,0,1,1,0,0,1,Common Cold
1,0,0,1,1,0,0,0,0,1,0,0,0,0,1,0,0,1,1,0,0,0,1,1,0,1,Asthma
0,0,0,1,0,0,0,0,0,1,0,1,1,1,1,0,1,1,1,0,0,1,0,1,1,0,UTI
1,0,1,1,0,0,0,1,1,1,0,1,0,0,1,0,0,0,0,1,0,0,0,0,0,1,Gastroenteritis
1,0,1,0,0,1,0,0,0,1,0,0,1,1,0,1,1,0,1,1,0,0,1,0,1,0,Asthma
0,1,1,0,1,1,1,0,0,0,0,1,1,1,0,0,1,0,0,0,1,1,1,1,0,0,Common Cold
1,1,1,1,1,1,0,1,0,0,0,0,1,0,1,1,0,1,1,0,0,1,0,1,0,1,Meningitis
0,0,0,0,1,1,0,0,0,0,1,1,0,0,0,1,0,0,1,0,0,1,1,1,1,0,Asthma
1,0,0,0,1,1,0,0,1,0,0,1,0,0,1,0,0,1,0,0,1,1,0,0,1,0,COVID-19
0,0,1,1,1,1,0,0,0,1,0,0,1,1,0,0,0,0,1,0,1,1,1,0,0,1,Hepatitis
0,1,0,1,1,1,0,0,0,1,1,0,0,1,0,0,0,1,0,0,1,0,1,1,1,0,Chickenpox
1,0,1,0,1,0,0,1,0,0,1,1,0,1,0,1,0,1,0,1,1,1,1,0,0,1,Dengue
0,0,1,1,0,0,1,0,0,0,1,1,0,0,0,0,0,1,1,1,1,0,1,1,0,1,Food Poisoning
0,1,1,1,1,1,1,1,1,1,1,1,0,0,1,0,0,0,1,1,0,1,1,1,0,0,Meningitis
1,1,0,0,1,1,1,1,0,1,0,0,1,0,0,0,0,1,0,0,0,1,0,1,0,1,Asthma
1,0,1,1,1,0,1,1,0,1,0,1,0,0,1,0,1,0,1,1,0,1,0,0,0,0,Appendicitis
0,1,0,0,1,0,0,1,1,1,0,0,1,1,1,0,1,1,1,1,0,1,0,1,1,0,Common Cold
0,1,1,0,1,1,1,1,0,0,0,1,1,0,0,0,1,1,1,0,0,1,1,1,0,1,Appendicitis
0,1,1,1,1,0,1,1,1,0,0,1,0,0,0,1,0,0,1,0,0,1,1,1,0,1,Chickenpox
1,0,1,0,0,0,1,0,1,1,0,0,1,1,0,1,0,1,0,0,0,1,0,0,1,0,Arthritis
1,0,0,1,0,0,1,0,0,1,1,1,0,1,0,1,1,0,0,0,0,1,0,0,1,0,Heart Disease
0,1,0,1,0,1,0,0,1,0,1,0,0,0,1,1,0,0,0,0,1,1,0,1,1,1,Chickenpox
0,0,0,0,0,0,0,1,1,0,0,1,0,0,1,1,1,0,0,0,1,1,1,0,0,0,Heart Disease
0,1,0,0,0,1,1,0,1,1,1,0,0,0,0,0,1,1,1,0,1,1,1,1,1,1,Pneumonia
0,0,1,0,0,1,0,0,0,0,1,0,1,1,0,1,0,0,0,1,1,0,1,0,1,0,Pneumonia
0,0,1,1,1,1,1,0,0,0,0,0,0,1,1,0,1,0,0,1,0,1,1,0,0,0,Tuberculosis
1,0,0,0,0,0,0,0,1,1,0,1,1,0,0,1,0,0,0,1,0,0,0,0,0,1,COVID-19
1,1,1,0,0,1,0,1,0,0,0,1,0,1,1,1,0,0,1,0,1,0,0,1,0,1,Conjunctivitis
1,0,1,1,0,1,1,0,0,1,1,0,1,1,1,1,1,0,1,1,1,0,1,1,1,0,Food Poisoning
0,0,0,1,0,0,0,1,0,1,0,0,1,0,0,1,1,1,0,0,0,0,1,0,0,0,Food Poisoning
0,0,0,1,1,1,1,1,0,0,0,1,1,1,1,0,1,1,1,0,1,0,1,1,1,0,Hepatitis
1,1,0,1,1,1,0,1,0,1,0,0,1,0,0,0,1,1,0,1,1,1,1,1,1,1,Dengue
0,0,0,0,0,0,1,0,1,1,0,1,0,1,1,1,0,1,0,0,1,0,1,1,0,1,Appendicitis
0,1,1,1,1,0,0,0,0,0,0,0,0,0,0,1,0,1,0,1,1,1,1,1,1,0,Conjunctivitis
1,1,1,1,0,0,1,0,0,1,0,0,1,0,1,1,1,1,1,0,0,1,0,0,0,1,Influenza
0,1,0,1,1,0,1,0,1,1,1,1,0,1,0,1,1,1,0,0,0,1,1,1,0,0,Chickenpox
1,1,1,0,1,1,0,1,1,0,0,0,0,1,0,0,1,0,0,0,0,1,0,0,1,1,Meningitis
0,0,1,0,0,1,0,0,0,0,0,1,1,1,1,0,1,0,0,0,0,0,1,1,0,1,Influenza
0,0,1,0,0,1,1,1,0,1,1,1,0,1,0,0,0,1,0,1,0,0,1,1,1,0,Appendicitis
1,1,0,0,0,0,1,0,1,1,1,1,0,1,0,1,1,1,0,0,1,0,0,1,0,0,Asthma
0,1,0,0,0,0,0,0,0,0,0,1,0,1,0,0,0,0,0,1,0,0,0,0,0,0,Appendicitis
0,1,0,1,1,1,1,1,0,0,1,0,1,0,0,1,0,1,0,1,1,1,0,1,0,0,Migraine
0,0,1,1,1,0,1,0,1,1,0,1,0,1,0,1,0,0,1,0,0,1,0,1,1,1,Influenza
0,0,1,1,1,1,1,0,1,0,0,1,0,1,1,0,1,0,1,1,0,0,1,1,1,1,Food Poisoning
1,0,1,0,0,0,0,1,0,0,0,0,0,1,1,1,1,0,1,1,1,0,0,0,0,0,Influenza
0,1,0,0,1,0,1,0,0,0,1,0,1,1,1,0,0,0,0,0,0,0,0,0,0,1,Heart Disease
0,0,1,0,1,1,1,1,1,1,1,0,1,0,1,1,0,0,1,0,0,1,0,1,1,1,Bronchitis
0,0,1,1,0,1,0,1,0,1,0,0,0,1,0,0,0,0,1,1,0,0,1,0,1,0,Typhoid
0,0,0,1,0,0,1,0,1,0,0,0,1,1,0,0,0,1,0,1,0,1,1,0,1,0,Influenza
0,0,0,0,0,0,0,0,1,1,1,0,0,1,1,1,0,1,0,1,0,0,0,0,0,1,Tuberculosis
0,0,1,0,1,0,0,0,0,0,0,0,1,1,0,1,0,1,1,1,0,1,0,1,0,0,Tuberculosis
0,1,0,1,1,0,0,1,1,0,0,1,0,1,1,1,1,1,1,1,0,1,0,1,0,1,Chickenpox
1,1,0,1,0,1,1,1,0,1,0,1,0,1,1,0,0,0,0,0,0,0,0,1,0,0,Malaria
0,1,1,1,1,0,1,0,1,1,0,0,0,0,0,1,1,0,1,0,1,0,1,0,0,0,Appendicitis
0,0,0,1,0,1,1,0,1,1,0,1,0,0,0,0,1,1,0,1,1,0,1,0,0,0,Gastroenteritis
0,0,0,0,1,1,0,0,1,0,0,1,1,1,1,0,0,1,1,1,1,0,0,1,1,1,COVID-19
1,0,1,0,1,0,1,0,0,0,0,0,0,1,0,1,1,1,1,1,1,0,1,1,0,0,Food Poisoning
0,0,0,0,1,0,1,1,0,1,1,0,0,1,0,1,0,0,0,0,0,0,0,1,1,0,Meningitis
0,0,1,1,1,0,1,0,0,0,0,0,0,0,0,1,1,0,1,1,0,0,0,1,1,0,Chickenpox
0,0,0,0,1,1,1,1,0,1,0,0,0,1,1,0,1,0,1,1,0,1,0,1,0,1,Bronchitis
1,0,0,0,1,0,0,0,1,1,1,0,0,0,0,0,1,1,1,1,1,0,0,1,1,1,Pneumonia
1,1,1,0,0,0,1,1,0,0,1,1,0,1,1,0,1,0,0,0,0,1,0,1,1,0,Bronchitis
0,0,1,0,0,1,1,1,0,1,1,0,1,1,0,0,0,0,1,0,0,1,0,1,1,0,Dengue
0,1,1,0,1,1,0,0,0,0,0,1,1,1,0,1,0,0,0,1,1,0,0,1,1,1,Bronchitis
1,1,1,1,1,1,1,0,0,1,1,1,0,1,0,1,0,0,0,1,0,1,1,0,0,1,UTI
1,0,0,0,1,1,1,0,1,1,0,0,0,1,0,0,0,1,0,0,1,1,1,0,1,0,Arthritis
1,1,0,1,1,0,0,1,0,1,1,0,0,0,1,0,0,0,1,0,0,1,1,1,0,1,Conjunctivitis
1,1,1,0,0,0,0,1,0,0,0,1,0,1,1,0,0,0,0,0,0,1,0,0,1,1,Typhoid
1,1,1,0,0,0,1,0,1,1,1,1,0,0,1,1,1,0,1,0,0,0,1,1,1,1,UTI
1,1,1,1,0,1,1,1,1,0,0,1,1,1,1,1,0,1,0,1,1,1,1,0,1,0,COVID-19
1,0,0,1,0,1,0,0,0,0,0,0,0,1,1,1,0,1,0,0,0,1,0,1,1,1,Appendicitis
0,0,1,0,1,0,1,1,1,0,1,0,0,0,0,1,0,0,0,0,1,0,0,1,0,1,Appendicitis
1,0,0,0,0,1,0,0,0,1,1,0,0,1,0,0,0,0,0,0,1,0,0,0,0,1,Pneumonia
0,0,1,1,1,1,1,0,1,1,1,1,0,0,0,1,0,1,0,0,1,0,1,1,0,1,UTI
0,1,0,1,0,0,1,1,0,1,1,0,1,1,0,1,0,1,1,0,1,0,1,0,0,0,Conjunctivitis
1,0,1,1,0,0,1,0,0,0,1,1,1,1,1,1,0,0,0,1,0,0,0,0,1,0,Meningitis
0,0,0,0,1,1,0,1,1,1,1,1,1,0,0,1,1,1,1,0,0,1,1,0,0,1,Appendicitis
1,0,0,0,1,1,0,1,1,0,0,1,1,1,1,0,1,1,0,1,1,0,1,1,1,0,Pneumonia
0,0,1,0,1,1,1,0,0,1,1,1,1,0,0,1,1,1,1,0,0,1,1,0,1,0,Hepatitis
0,0,1,1,0,0,1,0,1,0,1,1,0,1,0,0,0,0,1,0,0,0,0,0,0,1,Typhoid
1,1,0,0,0,0,1,0,1,1,1,1,0,1,0,0,0,0,0,0,0,0,1,0,1,0,Tuberculosis
1,0,0,0,0,0,0,0,1,0,1,1,1,1,0,1,0,1,0,0,0,0,0,1,1,0,COVID-19
1,1,1,0,1,0,0,1,0,0,1,0,1,0,0,1,1,1,0,0,0,0,1,1,0,1,Influenza
0,1,0,0,1,0,0,0,0,0,0,0,0,0,1,0,1,1,0,0,0,1,1,0,0,0,Tuberculosis
0,1,0,1,1,0,0,1,1,1,0,0,0,1,1,1,0,1,0,1,0,0,1,1,0,0,UTI
0,0,1,0,0,0,1,0,0,0,1,1,0,1,1,1,0,0,1,0,1,0,1,1,1,1,Pneumonia
1,0,0,1,0,0,0,0,1,1,0,0,0,0,0,1,1,0,1,1,0,1,1,0,0,0,Typhoid
0,0,1,1,1,1,0,0,0,1,0,1,0,0,0,0,0,0,1,1,1,1,0,1,1,1,Malaria
1,1,0,0,0,0,1,0,1,0,0,1,1,0,1,0,1,1,0,0,0,1,0,0,0,0,Asthma
1,1,0,0,1,0,0,0,1,0,0,1,0,1,0,1,1,1,1,1,0,1,0,1,0,1,Dengue
0,1,1,1,0,0,0,1,0,0,1,0,0,1,1,1,1,1,1,1,1,1,1,0,0,0,Pneumonia
0,1,1,0,0,1,1,1,0,0,0,0,0,0,1,0,0,0,1,0,0,0,1,0,1,0,Asthma
0,0,1,1,0,0,0,1,1,0,1,0,1,0,0,1,0,1,1,1,1,1,1,1,1,0,Dengue
1,0,1,0,0,0,0,1,1,1,1,1,1,0,1,0,0,0,0,1,0,0,0,0,0,1,Hepatitis
1,0,1,1,1,0,0,0,1,1,1,1,1,1,0,1,0,0,0,0,1,0,0,0,1,0,Tuberculosis
1,1,0,1,1,1,0,0,1,1,0,1,1,1,1,0,1,0,0,1,0,1,1,0,1,0,Chickenpox
1,0,0,0,1,0,0,0,0,0,0,1,1,0,0,0,1,0,0,0,0,0,0,1,1,1,Dengue
1,1,1,1,1,1,1,0,1,1,0,0,0,0,0,0,1,1,0,0,0,1,0,1,0,1,Arthritis
1,1,0,1,1,0,0,0,0,1,0,0,0,0,0,1,0,0,1,1,0,0,0,0,0,1,Bronchitis
0,1,0,1,0,0,0,0,0,0,0,0,0,1,1,1,0,0,1,0,1,0,0,1,1,1,Food Poisoning
0,0,1,0,1,1,0,0,0,0,0,0,0,0,1,0,1,1,1,1,0,1,1,0,0,1,Migraine
0,1,1,0,1,1,0,1,0,1,1,1,0,1,0,0,1,1,0,1,0,1,1,0,0,0,Malaria
0,1,1,1,0,1,0,1,0,0,0,0,1,1,1,0,0,1,0,0,0,0,1,0,1,0,Chickenpox
0,1,1,0,1,0,1,1,0,1,0,0,1,0,1,0,0,1,0,1,1,1,0,1,1,1,Asthma
1,1,0,1,0,0,1,1,1,0,1,1,1,1,0,0,1,0,0,1,0,1,0,1,1,0,Chickenpox
0,1,0,1,1,1,1,0,0,1,1,1,0,0,0,1,0,0,0,0,1,1,0,1,1,0,Appendicitis
0,1,0,1,1,0,1,0,1,0,1,1,1,1,0,1,0,0,1,0,1,1,1,0,0,0,UTI
1,0,1,0,1,0,1,1,0,0,1,0,1,1,0,1,0,1,1,0,1,1,0,1,1,1,UTI
1,1,0,1,0,1,0,1,1,1,0,0,1,0,0,0,0,0,1,0,0,1,1,0,0,0,Migraine
1,0,1,1,0,0,1,0,0,1,1,0,0,0,1,1,1,1,1,0,1,0,0,1,1,1,Dengue
1,1,0,1,1,1,0,1,1,1,0,0,0,0,1,1,0,0,0,0,1,0,0,1,0,0,UTI
0,1,0,1,1,1,1,1,0,1,1,1,0,1,1,0,0,0,0,1,0,1,1,1,1,0,COVID-19
0,1,0,1,1,1,0,1,1,0,0,0,1,1,0,0,0,1,0,0,1,1,0,0,1,0,Meningitis
0,0,1,1,1,0,0,0,0,1,0,0,0,1,1,0,1,0,0,0,0,1,1,1,0,0,Malaria
1,0,1,0,1,1,0,1,0,0,1,1,0,1,1,0,1,0,0,0,1,0,0,1,1,0,UTI
1,0,0,0,0,1,0,1,1,0,1,1,0,0,1,1,0,1,0,1,1,0,0,0,0,0,Conjunctivitis
1,1,1,0,0,0,1,0,1,1,0,0,0,1,1,1,0,0,0,0,0,1,1,0,1,0,Heart Disease
1,0,1,0,1,1,1,0,0,1,0,0,1,0,0,0,0,1,1,0,1,0,0,0,1,1,Asthma
0,1,0,0,1,1,0,1,0,1,0,0,1,1,0,0,1,0,1,1,1,1,1,1,1,0,Asthma
0,1,0,0,1,1,1,1,1,1,1,0,1,0,1,0,1,1,1,1,1,1,0,0,1,0,Asthma
1,0,0,0,0,1,0,0,0,1,1,0,0,0,1,0,0,0,1,1,1,0,1,1,1,1,Bronchitis
1,1,1,0,1,1,0,1,1,1,1,1,1,0,0,0,1,0,1,0,1,0,1,1,0,0,Bronchitis
1,0,1,1,0,1,0,0,1,1,1,0,1,1,0,1,1,1,1,1,0,0,1,1,1,0,Arthritis
1,0,1,1,1,0,0,1,0,0,0,1,0,0,0,0,0,0,0,0,0,1,1,0,0,1,Dengue
1,1,1,0,1,1,1,1,0,0,0,0,0,1,1,0,0,0,1,0,0,1,1,0,1,1,Hepatitis
1,0,0,1,1,0,0,1,1,0,1,1,0,0,1,1,0,1,0,1,1,1,0,0,0,0,Meningitis
0,1,1,1,0,0,0,1,1,1,0,0,1,1,1,0,1,1,1,1,1,1,1,1,1,0,Influenza
1,0,0,0,0,0,0,0,0,1,0,0,1,0,0,0,1,0,0,1,1,0,1,0,1,0,Bronchitis
0,0,0,1,0,1,1,1,1,0,1,1,0,1,1,0,1,1,0,0,1,1,0,0,0,0,Dengue
0,0,0,0,0,0,1,0,0,0,0,1,0,0,0,1,1,0,1,1,0,1,0,1,1,1,Bronchitis
0,0,1,0,0,1,1,1,0,1,0,0,1,1,0,1,0,0,0,1,0,1,0,1,0,1,UTI
1,1,1,0,1,1,0,1,1,1,1,0,1,0,1,0,0,1,0,0,1,0,1,1,1,1,Dengue
0,1,0,0,1,1,1,1,0,0,0,1,1,0,1,1,0,1,1,1,1,1,1,1,1,0,Food Poisoning
0,1,1,0,1,0,1,0,1,1,0,1,0,1,0,0,1,1,1,1,0,0,0,1,0,0,Asthma
1,0,1,0,1,1,1,1,1,0,1,0,1,1,1,1,1,1,0,0,1,0,1,1,0,1,Malaria
0,0,0,0,0,1,0,1,0,0,0,0,0,1,0,1,0,1,0,1,0,1,0,1,1,0,COVID-19
1,1,0,0,1,0,0,1,1,1,1,1,1,1,0,1,1,1,0,1,1,1,1,1,1,1,Hepatitis
1,1,0,0,1,1,0,0,1,1,1,0,1,1,1,0,1,1,1,1,0,1,0,0,1,0,Influenza
1,0,1,0,0,1,1,1,1,1,1,0,1,0,1,1,0,0,0,0,0,0,1,1,1,0,Heart Disease
1,1,0,0,1,1,0,1,1,1,1,1,0,0,0,0,1,1,1,1,0,1,1,1,0,0,Gastroenteritis
0,0,0,0,0,0,1,0,1,0,1,1,0,1,1,0,0,1,1,0,1,1,0,1,1,0,Meningitis
0,0,0,0,1,0,1,0,1,0,0,0,1,1,1,0,0,1,1,0,0,1,1,1,0,1,Arthritis
1,0,1,1,0,0,0,1,1,1,1,0,0,0,0,0,1,1,1,1,0,0,0,1,0,0,Conjunctivitis
0,0,1,1,0,1,1,1,0,1,0,0,1,1,1,0,0,0,0,1,1,0,0,0,1,1,Tuberculosis
0,1,0,0,1,0,0,1,1,0,1,0,1,0,1,0,0,0,1,0,0,1,0,0,1,1,Meningitis
0,1,0,0,1,0,1,1,1,1,1,0,1,0,1,1,0,0,0,1,0,1,0,0,1,0,Bronchitis
0,0,0,1,1,0,1,0,0,0,1,1,0,0,1,1,0,1,1,0,0,1,0,1,0,0,COVID-19
1,1,0,0,0,1,0,0,0,1,0,0,0,1,0,1,1,1,0,0,1,1,1,0,0,1,Heart Disease
0,1,1,0,1,1,0,1,0,0,1,1,0,1,1,1,0,0,1,1,1,1,1,1,1,0,Conjunctivitis
1,0,1,1,1,0,1,0,0,1,1,1,1,0,0,1,0,0,1,0,0,0,0,1,1,0,Chickenpox
1,1,1,0,0,0,1,1,0,1,1,0,0,0,1,1,0,0,0,0,1,0,0,0,0,1,Influenza
0,0,0,0,1,0,0,1,1,0,1,1,0,1,1,1,1,1,0,1,0,0,0,1,0,0,Dengue
1,1,0,0,0,0,0,0,1,0,0,1,0,0,0,0,1,1,1,0,1,1,1,1,0,0,Asthma
0,1,0,0,1,0,0,1,1,1,0,0,1,0,1,1,1,0,1,0,0,0,1,1,1,1,COVID-19
1,0,1,0,1,0,0,0,0,1,1,0,0,0,1,1,0,1,0,1,1,1,0,0,1,0,Asthma
0,1,0,1,1,1,0,1,1,1,1,1,0,1,0,0,0,0,1,1,1,0,1,0,1,0,Gastroenteritis
0,1,0,0,0,1,0,1,1,0,0,1,0,0,0,1,1,1,1,1,1,0,1,1,1,0,Malaria
1,1,1,0,0,1,1,1,1,1,1,0,0,1,0,1,0,0,0,0,0,0,1,1,0,1,Common Cold
0,0,0,0,0,0,1,0,0,1,1,1,1,1,0,1,1,1,0,0,1,0,1,0,0,1,Meningitis
0,0,0,0,1,1,0,1,1,1,1,0,0,1,1,1,1,1,1,1,1,0,0,1,0,1,Hepatitis
1,0,0,1,0,0,1,1,1,0,0,1,1,0,1,1,0,0,0,0,1,1,0,0,1,1,Asthma
1,1,1,1,1,0,0,0,1,0,1,1,0,0,0,0,1,1,1,1,0,0,0,0,0,0,Migraine
0,0,0,1,0,0,1,1,1,0,1,1,1,0,0,0,0,1,1,0,1,1,0,1,1,0,UTI
0,1,1,0,0,0,1,1,1,1,1,0,1,1,1,0,1,0,1,1,1,1,1,0,1,0,Arthritis
1,0,0,1,0,0,0,0,0,0,0,1,0,1,1,1,1,1,1,0,0,1,1,0,0,1,Malaria
0,1,1,0,0,1,0,0,1,0,1,1,0,1,0,0,0,0,0,0,0,0,0,1,0,1,Pneumonia
0,1,0,0,0,0,1,0,1,0,0,1,1,0,0,1,0,0,1,0,1,1,1,0,0,0,UTI
1,1,1,1,0,1,0,0,0,1,1,1,0,1,1,0,1,1,1,1,1,0,0,1,1,0,Conjunctivitis
0,0,1,0,1,1,0,1,1,0,0,1,0,0,0,0,1,0,0,1,1,1,1,1,0,1,Common Cold
1,0,1,1,1,1,1,0,1,0,0,1,1,0,0,0,1,1,0,1,0,1,1,1,0,0,COVID-19
0,1,1,0,0,1,0,1,0,1,1,1,1,0,0,1,0,1,1,1,1,1,0,1,0,0,Tuberculosis
0,1,1,1,0,1,0,1,0,1,1,1,1,0,1,0,0,1,1,0,0,0,0,1,1,1,Conjunctivitis
1,1,1,0,1,1,0,1,1,0,1,0,0,1,1,1,1,0,1,1,0,0,0,1,0,1,Conjunctivitis
1,0,1,0,0,1,0,0,1,0,1,1,0,1,0,1,0,0,0,0,0,0,0,0,1,0,Heart Disease
0,0,1,1,1,0,1,1,1,0,0,1,0,1,1,0,0,1,1,1,0,1,0,0,0,1,Bronchitis
0,0,0,1,1,1,0,1,1,0,0,1,1,0,0,1,1,1,0,0,0,1,1,1,0,1,Asthma
0,1,1,1,0,1,1,1,0,0,0,1,0,1,1,0,1,0,1,0,0,0,0,0,0,0,Common Cold
1,1,0,0,1,1,0,0,0,0,0,1,0,0,0,0,0,1,1,0,0,1,1,0,1,1,Heart Disease
1,1,1,1,1,1,1,0,1,0,0,1,1,0,1,0,0,0,1,0,0,0,1,0,0,1,Influenza
0,1,0,1,0,0,1,1,1,1,1,1,1,0,1,1,1,1,0,0,0,0,0,0,0,1,Bronchitis
0,0,1,1,0,1,0,0,1,0,0,0,0,1,1,0,1,1,0,1,1,1,0,0,1,0,Influenza
0,1,1,0,0,1,0,0,0,0,1,0,0,0,0,1,1,1,1,0,0,1,1,1,0,1,Malaria
0,0,1,1,1,1,1,1,0,1,0,0,1,1,1,0,1,1,0,0,0,1,0,1,1,0,UTI
1,1,0,0,1,0,0,1,0,1,1,1,0,0,1,1,0,0,0,0,1,1,0,1,0,1,Heart Disease
0,1,0,0,0,0,0,1,1,0,0,1,1,0,0,1,1,1,1,0,1,1,1,0,1,1,Conjunctivitis
1,0,0,0,1,1,0,1,0,1,1,1,1,1,0,1,1,0,0,0,0,1,1,1,0,0,Appendicitis
0,0,1,0,1,1,1,0,1,1,0,0,0,1,1,0,1,1,1,1,1,1,0,1,1,0,Asthma
0,0,1,0,0,1,1,1,0,1,0,1,0,0,0,1,0,0,0,1,0,0,1,0,1,0,Malaria
1,1,1,1,1,1,0,1,0,1,0,1,0,1,1,1,1,1,0,1,1,1,1,0,1,0,Dengue
0,1,0,0,1,1,0,0,0,1,1,1,0,0,0,0,0,0,0,1,1,1,1,1,0,1,Conjunctivitis
0,0,1,0,1,1,1,0,1,0,1,1,1,0,1,1,0,1,1,0,1,1,0,0,0,1,Chickenpox
0,0,1,1,1,1,1,1,0,1,1,0,1,0,0,1,0,1,0,0,1,1,0,1,1,1,Heart Disease
1,1,0,0,0,0,1,0,0,1,0,1,0,0,0,1,1,0,0,1,0,1,1,0,1,0,Influenza
0,0,0,0,1,0,0,1,1,1,0,1,1,1,1,0,1,1,1,0,1,0,1,0,0,0,Pneumonia
0,1,1,1,0,0,1,1,1,1,1,1,1,0,1,0,0,1,1,1,1,1,0,0,0,0,Heart Disease
0,0,0,1,1,0,1,1,0,1,0,1,1,0,0,0,0,1,0,0,0,1,1,0,1,1,Migraine
1,0,1,1,1,0,1,0,1,0,1,1,0,1,0,0,0,1,1,1,0,0,0,1,0,1,Appendicitis
1,1,1,1,1,0,0,1,1,0,0,0,0,1,1,1,0,1,0,0,1,0,0,0,1,1,Common Cold
0,0,0,1,0,0,0,0,1,1,0,0,1,0,0,1,0,1,0,1,0,0,1,0,0,1,COVID-19
0,1,0,0,1,1,0,1,1,0,0,1,1,0,1,0,1,0,1,1,0,0,0,1,0,0,Hepatitis
0,1,0,0,1,1,1,0,1,0,1,0,1,0,0,0,1,1,1,0,1,0,0,0,1,1,Bronchitis
0,0,0,0,1,1,0,1,0,1,1,0,1,1,0,0,1,0,1,0,1,1,1,0,0,0,Meningitis
1,0,0,1,1,0,0,1,0,0,0,1,0,0,0,1,1,1,1,1,1,1,1,0,1,0,Typhoid
0,1,1,0,1,1,1,0,1,1,0,1,0,0,0,0,0,1,0,1,1,1,0,0,1,0,UTI
0,1,0,0,0,1,0,1,1,1,0,1,0,1,1,0,1,1,1,1,1,0,0,1,0,1,Chickenpox
1,1,1,1,1,1,0,0,0,1,0,0,1,0,0,1,0,0,1,0,0,0,0,1,0,1,Influenza
1,1,0,0,0,1,1,1,1,1,0,0,1,0,0,0,0,1,1,0,1,1,1,1,1,0,Chickenpox
1,1,0,0,1,0,0,1,0,1,1,0,1,0,0,0,0,0,1,1,0,1,0,0,1,1,Hepatitis
1,1,1,0,0,0,0,0,0,0,1,0,1,0,0,1,1,1,1,1,0,0,1,0,1,1,Gastroenteritis
0,1,0,1,0,0,0,1,0,1,1,0,1,0,1,1,0,1,0,1,1,1,1,0,0,0,Meningitis
1,1,0,1,0,0,1,1,1,0,1,1,1,0,0,0,0,1,0,1,1,1,0,1,1,0,Pneumonia
1,0,0,0,0,0,1,1,0,0,0,1,1,0,0,1,1,1,1,1,1,0,1,1,0,1,COVID-19
1,1,1,1,0,0,1,1,0,1,0,1,1,0,1,1,1,1,1,0,0,0,1,1,1,1,Arthritis
0,1,0,0,1,1,1,0,0,1,0,1,0,1,1,0,0,1,0,0,1,1,1,1,0,1,Pneumonia
0,1,1,0,1,1,1,0,1,0,0,0,0,1,1,1,0,1,1,1,0,1,1,0,1,0,Gastroenteritis
0,0,1,0,0,1,0,1,0,1,0,1,0,0,1,0,1,0,1,1,1,0,1,0,0,0,Migraine
0,0,1,0,1,0,0,0,0,1,0,0,0,0,1,0,1,1,0,1,1,1,0,1,0,1,Common Cold
1,0,0,1,1,0,1,0,1,1,0,1,1,0,0,1,1,1,0,1,0,0,1,1,0,1,Food Poisoning
1,1,1,1,0,0,1,0,0,0,1,0,0,0,0,0,0,0,1,1,1,1,0,1,1,0,Migraine
0,1,1,1,0,1,0,0,0,0,0,0,1,1,1,0,1,0,1,1,0,1,0,0,0,1,Migraine
0,0,1,0,1,1,1,0,1,1,1,1,1,1,1,0,1,1,0,0,0,0,1,0,0,1,Pneumonia
1,1,1,1,1,1,0,0,0,0,1,0,1,1,1,0,1,0,1,1,0,0,1,1,1,0,Migraine
1,1,0,0,0,1,0,0,0,0,1,0,1,1,1,0,1,0,1,0,1,0,1,1,0,1,Chickenpox
1,0,0,0,1,0,1,0,1,1,0,0,0,0,0,0,1,1,1,1,0,1,1,1,0,0,Appendicitis
1,1,0,0,0,0,0,1,0,0,0,0,1,1,1,0,0,1,1,0,0,0,1,0,0,1,Heart Disease
0,0,1,0,1,0,0,1,1,1,0,0,1,1,1,1,1,1,0,1,1,0,1,0,0,0,Typhoid
1,0,0,1,1,0,0,1,0,1,1,0,1,0,0,0,0,0,0,1,1,1,0,1,0,1,UTI
0,0,0,0,0,1,0,0,1,0,1,1,1,0,0,0,1,1,0,0,0,0,0,1,0,0,Influenza
1,1,1,0,0,0,0,0,1,0,1,1,1,0,0,0,0,0,1,1,1,1,0,1,0,0,Typhoid
0,1,1,1,0,0,0,1,0,1,1,0,1,0,1,1,0,0,1,0,0,0,0,1,0,1,Chickenpox
0,1,0,0,1,1,1,0,1,0,0,1,1,1,1,1,1,1,0,1,0,0,0,0,1,0,COVID-19
1,0,0,1,0,0,0,1,0,0,0,0,0,0,0,0,0,1,1,0,0,1,1,1,0,1,Influenza
0,1,0,1,1,0,1,1,1,0,1,1,0,0,0,0,0,1,1,0,0,1,1,1,0,1,Dengue
0,0,1,0,0,1,1,0,0,0,0,1,1,0,0,1,0,1,0,0,1,0,0,0,0,0,Conjunctivitis
0,1,0,0,0,0,0,1,0,0,0,0,1,0,1,0,0,1,0,0,1,1,0,1,0,1,Migraine
1,1,1,1,1,1,0,0,0,0,1,0,0,0,1,1,1,1,1,1,1,0,0,0,1,1,Typhoid
1,1,1,1,0,0,0,0,1,0,0,0,0,0,0,1,1,0,1,1,0,0,1,1,0,1,Gastroenteritis
0,1,1,1,0,1,1,1,0,1,0,0,1,0,0,1,1,1,1,0,1,0,1,1,0,0,Conjunctivitis
1,0,1,0,0,0,0,1,0,0,1,1,0,0,1,0,1,1,0,0,0,0,1,1,1,1,Migraine
1,1,0,1,1,1,0,0,0,1,1,0,1,0,0,1,1,1,0,0,1,1,1,1,1,1,Bronchitis
0,1,1,1,1,1,0,1,0,1,1,1,0,0,0,1,0,1,0,1,0,0,1,1,1,0,Bronchitis
0,0,0,1,1,1,1,0,1,1,1,1,1,0,0,1,1,0,1,0,0,0,0,0,1,0,Meningitis
1,1,0,1,1,1,1,1,1,1,1,1,0,1,0,1,0,0,1,0,0,0,0,0,1,0,Influenza
1,0,0,1,0,1,1,0,1,0,1,0,1,1,0,1,0,0,1,1,1,1,1,0,1,1,Tuberculosis
0,1,0,1,1,0,1,1,0,0,0,1,1,1,0,0,0,0,1,1,1,0,0,1,1,1,Chickenpox
1,0,0,1,1,1,0,1,1,1,0,0,0,1,0,0,1,1,0,1,0,1,0,0,1,1,Conjunctivitis
0,0,0,1,0,0,0,1,0,0,1,1,1,1,1,0,0,1,0,1,0,1,0,1,1,1,Malaria
0,1,1,0,1,1,0,1,1,0,1,1,0,1,1,1,0,1,0,1,0,0,1,0,0,0,Tuberculosis
0,0,1,0,1,0,0,1,0,0,1,1,0,1,1,1,0,0,1,0,1,1,0,1,1,1,Tuberculosis
1,0,0,0,0,1,0,1,0,1,0,1,0,1,1,0,0,1,0,0,0,1,1,0,1,0,COVID-19
0,0,0,0,0,0,0,1,0,0,1,1,1,0,1,0,1,0,0,0,1,0,0,0,1,1,Conjunctivitis
0,0,0,1,0,1,1,1,1,0,1,1,1,1,0,0,0,1,1,1,1,0,1,1,1,0,Malaria
1,1,0,0,1,1,0,1,0,1,0,0,0,1,0,1,0,1,0,0,1,1,1,0,0,0,Chickenpox
0,0,0,0,0,0,1,0,0,0,0,1,0,0,1,1,1,1,0,1,1,1,1,0,0,0,Pneumonia
0,1,1,0,1,1,1,1,0,0,1,0,1,1,0,0,0,0,0,1,1,0,1,0,0,0,Influenza
1,1,1,1,1,1,1,0,0,1,1,1,0,0,0,1,0,1,0,1,1,0,1,0,0,0,Conjunctivitis
1,1,0,1,1,0,0,0,1,1,0,0,0,1,1,0,0,0,0,0,0,1,0,0,1,0,Gastroenteritis
0,0,1,1,0,1,0,1,1,0,1,1,1,1,1,0,1,0,1,1,0,0,0,1,0,1,Food Poisoning
1,0,0,0,0,0,0,0,1,0,0,1,0,1,1,0,0,1,0,0,0,0,0,0,0,1,Asthma
0,0,1,1,1,1,1,0,1,1,0,0,0,1,0,0,1,0,1,1,0,1,0,0,1,1,Chickenpox
0,0,1,0,0,0,1,1,1,1,1,1,0,0,0,0,1,0,1,1,0,0,1,1,0,1,Typhoid
1,0,0,0,1,1,1,0,0,0,0,1,1,0,1,1,1,0,0,0,1,1,1,1,0,1,Malaria
1,1,0,1,0,1,0,1,0,0,1,1,0,0,0,0,0,1,0,1,0,1,1,1,1,1,Malaria
1,0,1,0,0,0,1,1,1,0,1,0,1,0,1,1,0,0,0,0,0,0,1,0,0,1,Migraine
0,0,0,0,0,0,0,1,0,1,0,1,1,1,1,0,0,0,1,1,1,0,1,0,0,0,Migraine
0,0,1,1,0,0,1,0,1,0,0,0,0,1,0,0,1,0,1,1,1,1,0,0,0,1,COVID-19
0,1,0,1,1,1,0,0,0,1,0,0,0,0,0,1,0,0,1,0,0,0,1,0,1,1,Dengue
1,0,1,0,1,0,1,0,0,0,0,1,0,0,1,1,0,1,0,0,1,1,1,0,1,1,Arthritis
1,0,1,1,0,0,1,0,1,0,1,0,0,0,0,0,0,1,1,0,0,0,0,0,1,1,UTI
0,1,1,1,1,1,1,1,0,0,0,0,1,0,0,0,0,0,0,1,0,1,1,0,1,0,Gastroenteritis
0,0,0,0,1,0,0,0,1,1,0,1,1,0,1,0,0,0,1,1,1,0,0,0,0,1,Arthritis
0,0,0,1,0,0,1,1,1,1,1,0,0,1,0,1,0,0,1,0,1,1,0,1,0,0,Appendicitis
1,0,1,1,1,1,0,1,0,1,1,1,0,0,1,1,0,0,1,1,1,0,0,1,1,0,UTI
0,1,0,1,1,0,1,0,1,0,0,1,1,0,0,1,1,1,0,1,1,1,1,1,1,1,Bronchitis
1,0,0,1,0,0,1,1,0,0,1,0,1,1,1,1,0,0,1,1,1,0,1,1,0,1,Pneumonia
1,1,1,1,0,1,1,0,0,0,0,1,1,1,0,0,1,0,0,0,1,1,0,0,1,0,UTI
0,1,0,0,0,0,1,0,0,0,1,0,1,0,1,1,1,0,0,0,0,1,1,1,1,1,Chickenpox
0,0,1,1,1,1,1,1,0,0,0,0,0,1,0,1,0,0,0,1,0,0,1,0,1,1,Pneumonia
0,1,0,0,1,1,0,1,0,1,1,0,0,1,0,1,1,1,1,0,0,1,1,1,1,1,Influenza
1,1,0,1,1,1,0,0,0,1,1,1,0,1,1,0,1,1,1,1,1,1,1,1,1,0,UTI
1,1,0,0,0,1,1,1,0,1,0,0,0,1,0,1,0,1,0,0,1,0,0,1,1,0,Heart Disease
0,1,0,1,0,0,0,0,0,1,1,0,0,1,0,0,1,1,1,1,0,1,1,0,1,0,Typhoid
1,0,1,0,1,1,1,0,0,0,1,0,0,1,1,0,1,1,0,0,1,1,0,1,0,1,Meningitis
1,1,1,1,1,0,1,1,1,0,0,0,0,1,1,0,1,0,1,1,1,0,0,1,1,0,Malaria
1,1,1,1,0,0,0,0,1,0,0,1,0,0,0,1,0,1,0,0,1,1,0,1,1,1,Food Poisoning
1,1,1,0,0,1,1,0,1,1,1,1,0,0,0,1,1,1,1,0,1,1,1,0,1,0,Meningitis
0,0,0,0,1,1,0,0,0,1,1,0,1,0,1,0,1,0,1,0,0,1,1,0,1,1,COVID-19
1,0,1,1,0,0,0,1,1,0,0,0,1,0,1,1,1,0,1,0,0,0,0,0,1,1,Conjunctivitis
0,0,1,1,0,1,1,0,1,1,1,1,1,0,1,1,0,0,0,0,1,1,0,0,0,1,Influenza
0,1,1,0,1,0,1,0,1,1,1,1,1,0,0,1,0,1,0,0,0,0,1,1,1,1,Common Cold
1,1,1,0,1,0,0,1,0,0,1,0,1,1,0,0,1,0,1,0,0,1,0,1,0,0,Malaria
0,0,0,0,0,0,0,0,1,0,0,1,1,1,0,1,1,0,1,1,1,0,0,1,1,1,Gastroenteritis
1,1,1,1,0,1,0,0,1,0,1,0,0,1,0,0,1,1,1,1,0,1,1,1,0,1,Bronchitis
1,0,1,1,0,0,1,0,1,1,0,0,0,1,0,1,1,1,0,1,0,1,0,1,0,1,Pneumonia
0,0,1,1,0,0,0,0,0,0,0,0,1,1,1,0,1,0,1,1,0,1,1,0,1,1,Bronchitis
1,1,1,0,0,0,1,1,1,0,0,1,0,1,0,1,0,0,1,1,0,0,0,0,0,1,Pneumonia
1,1,0,1,1,1,1,0,0,1,0,0,1,0,1,1,0,1,1,1,0,0,1,0,0,0,Common Cold
1,0,1,0,0,1,1,0,0,1,0,0,1,1,1,0,0,1,0,0,1,1,0,0,1,1,Arthritis
1,1,0,1,0,1,0,1,1,1,1,0,1,1,1,0,0,0,0,1,0,1,1,0,0,1,Migraine
1,0,0,1,0,0,0,0,0,0,0,0,1,0,1,0,0,0,0,0,1,1,0,1,1,1,Arthritis
0,0,1,0,1,0,1,1,1,1,0,0,0,0,1,1,1,1,1,0,1,0,1,1,1,1,Malaria
1,1,1,0,1,1,0,1,0,0,0,0,0,0,0,1,0,1,1,1,0,0,1,0,1,0,Typhoid
0,1,1,1,0,0,0,0,0,0,0,0,1,1,0,1,0,1,0,0,1,0,0,1,1,0,Appendicitis
0,1,1,0,1,0,1,1,1,0,0,0,0,0,0,0,0,1,0,1,0,1,0,0,0,1,Migraine
1,0,0,1,0,1,1,0,1,0,1,1,1,0,1,0,1,1,1,1,0,1,1,1,1,0,Food Poisoning
0,1,0,1,0,1,1,1,1,1,1,0,1,0,0,1,0,1,0,1,1,1,0,0,1,1,Tuberculosis
0,1,1,1,1,0,1,0,1,0,1,1,0,0,0,0,0,1,1,1,1,1,1,0,0,1,Meningitis
0,0,0,0,0,0,1,0,1,1,1,0,0,0,1,1,0,1,0,0,0,0,0,1,1,0,Malaria
0,0,0,0,0,0,0,1,1,1,1,0,0,0,0,1,0,1,1,1,0,0,1,0,0,0,Tuberculosis
1,1,1,1,1,1,1,0,0,1,0,1,1,0,0,1,0,1,1,1,0,1,0,0,0,1,Tuberculosis
1,0,0,0,1,0,1,0,1,1,1,1,1,1,1,1,1,1,1,0,0,1,0,0,0,0,Bronchitis
0,0,0,1,0,0,1,0,0,0,0,1,1,0,1,1,1,0,0,0,0,1,1,1,1,0,Migraine
0,1,1,1,0,0,0,0,1,1,0,1,1,1,1,0,1,0,1,0,1,0,0,1,0,0,Common Cold
1,0,0,1,0,1,1,0,0,0,1,0,1,1,1,1,0,0,0,1,1,0,0,1,0,1,Asthma
1,0,0,1,0,1,0,1,1,1,1,0,1,1,0,0,1,0,1,0,0,0,0,0,1,0,Hepatitis
0,1,0,0,1,1,0,1,0,0,1,1,1,0,1,0,0,1,1,1,1,1,0,1,0,1,COVID-19
1,0,0,1,1,0,1,0,1,0,1,0,1,1,0,0,0,0,0,0,0,0,1,0,0,0,Bronchitis
0,1,0,1,1,0,0,0,0,0,0,1,0,0,1,1,1,0,1,1,1,1,1,0,1,0,Tuberculosis
1,0,0,0,0,1,0,1,0,1,1,0,0,0,1,0,0,1,1,1,1,1,0,1,0,1,Conjunctivitis
1,0,0,1,1,0,1,0,1,1,0,0,0,0,1,0,0,0,1,1,1,0,1,1,1,1,Tuberculosis
1,1,1,1,0,1,0,0,1,1,0,0,0,0,0,1,1,1,1,0,0,1,1,0,0,1,Meningitis
0,1,0,1,1,0,0,0,0,0,0,0,0,1,1,0,0,0,1,1,0,1,0,0,1,1,Gastroenteritis
0,0,1,1,0,0,0,0,0,1,1,1,0,1,1,0,0,1,1,1,0,0,1,1,0,1,Malaria
1,1,1,1,0,0,0,1,0,0,1,1,0,1,0,1,1,1,0,0,0,1,0,0,0,1,Bronchitis
1,1,0,0,1,0,0,0,1,1,1,0,0,0,0,0,0,1,1,1,0,1,1,1,1,0,Migraine
1,0,1,1,0,1,0,0,0,0,1,1,1,0,1,0,0,0,1,0,1,0,0,1,1,1,Pneumonia
0,0,0,0,1,0,0,0,1,1,1,1,0,1,1,0,0,1,1,1,0,1,1,0,0,0,Asthma
1,1,1,1,1,1,1,1,0,0,1,1,1,1,0,0,1,0,0,1,0,1,0,1,1,1,Common Cold
0,0,1,1,1,1,0,0,0,1,1,1,1,1,1,1,0,1,0,0,1,0,0,0,0,1,Influenza
1,1,0,0,0,0,0,1,0,0,1,0,1,1,0,1,0,1,0,0,1,0,0,0,0,0,Hepatitis
0,0,0,0,1,0,1,1,1,1,1,1,0,0,1,1,1,0,1,1,0,0,1,0,1,0,Gastroenteritis
0,0,0,0,1,1,0,1,0,1,1,0,0,0,0,1,0,0,0,1,0,0,1,0,0,1,Malaria
1,0,0,1,0,1,0,1,1,0,1,0,0,0,1,1,0,0,1,1,0,0,1,1,0,1,Pneumonia
0,0,1,1,0,1,1,0,0,0,1,1,0,1,1,1,0,1,0,1,1,1,0,1,0,0,Typhoid
0,1,0,1,1,0,1,0,1,1,0,0,0,0,0,1,1,0,1,1,1,0,0,0,1,0,Typhoid
0,0,1,1,0,0,1,0,1,0,0,0,0,1,1,1,1,0,1,1,1,1,0,0,1,0,COVID-19
1,0,1,1,0,0,0,0,0,1,1,0,1,0,0,0,1,0,0,0,1,0,1,0,0,0,Hepatitis
0,0,0,0,0,1,1,0,1,1,1,1,1,1,1,0,0,0,0,1,1,1,1,0,1,0,Chickenpox
1,1,1,1,1,0,1,0,1,0,0,0,0,0,0,1,0,1,0,0,0,1,1,1,0,0,Pneumonia
1,1,1,0,0,0,1,1,0,1,1,0,1,1,1,0,1,1,0,0,1,1,0,1,1,0,Gastroenteritis
1,0,1,1,1,1,1,0,1,0,0,1,0,0,1,0,1,1,0,1,0,1,0,1,0,1,Chickenpox
0,0,1,1,0,1,1,1,1,1,1,0,0,0,1,1,1,1,1,0,1,0,0,1,0,0,Appendicitis
0,1,1,0,1,1,1,1,0,0,0,1,1,1,1,0,0,0,0,0,0,0,1,0,1,0,COVID-19
1,0,0,1,1,1,1,1,1,1,1,0,1,0,1,1,0,0,1,0,1,1,1,0,1,0,Meningitis
0,1,1,0,1,0,1,0,1,1,0,0,1,0,0,0,1,1,1,0,1,1,1,1,1,1,Meningitis
0,0,1,0,0,1,1,1,1,0,1,0,0,0,1,1,0,1,0,0,1,1,1,0,0,0,UTI
0,1,0,1,0,0,0,0,1,0,1,0,0,1,1,1,0,0,0,1,1,0,1,0,1,0,Migraine
1,0,0,1,1,1,1,1,0,1,0,1,0,0,0,0,0,1,0,0,1,1,1,1,0,1,Chickenpox
0,0,0,0,0,0,1,1,1,1,1,0,1,1,0,1,0,0,0,1,0,0,0,1,1,1,Gastroenteritis
0,0,1,1,1,0,0,0,1,0,1,0,0,0,1,1,1,1,1,1,1,1,1,1,0,1,Food Poisoning
0,0,0,0,1,0,0,0,1,0,0,1,0,0,1,1,1,1,0,0,1,0,0,1,0,1,Malaria
1,1,0,1,0,1,0,1,1,0,1,1,1,1,1,0,0,1,1,1,1,1,1,0,1,1,Malaria
1,0,1,1,0,0,1,1,1,0,1,1,0,0,1,0,0,0,1,1,1,0,0,0,1,0,Arthritis
0,0,0,1,1,0,1,1,0,0,0,1,0,1,1,1,0,1,1,0,1,1,0,0,0,1,Meningitis
1,0,1,1,0,0,1,1,0,0,1,0,0,1,0,1,1,0,1,1,0,1,0,0,0,1,UTI
0,1,1,0,0,1,0,1,0,0,1,1,1,0,0,1,1,1,1,0,1,0,0,1,0,1,Arthritis
0,0,0,1,1,1,0,1,1,1,0,0,0,0,1,0,0,0,1,1,1,0,1,1,1,0,Asthma
0,1,1,1,0,0,0,0,1,0,0,1,0,0,0,1,1,0,1,0,0,0,0,0,1,0,Bronchitis
0,0,1,0,0,0,1,0,1,1,1,1,1,1,1,0,1,0,1,0,0,0,0,1,0,0,Bronchitis
0,0,0,1,1,1,0,1,0,0,1,0,0,1,1,0,0,1,0,0,1,1,0,1,0,0,Influenza
0,1,1,0,0,1,1,1,0,0,0,0,1,0,1,1,1,1,0,0,1,1,0,1,0,1,UTI
1,1,1,0,0,1,0,0,0,1,1,0,1,1,1,1,1,0,0,1,1,1,1,0,0,1,Typhoid
0,0,1,0,1,1,1,0,0,1,1,1,1,0,0,0,1,0,0,1,0,1,1,1,0,1,Arthritis
1,1,1,1,0,1,0,0,1,1,0,1,1,0,0,0,1,1,0,0,0,1,1,1,1,1,Dengue
0,0,0,1,0,0,1,0,1,1,0,0,0,0,1,0,0,1,0,0,1,1,0,1,0,1,Hepatitis
1,1,1,1,0,0,1,0,0,0,0,0,1,0,0,0,0,0,1,0,0,1,1,0,1,0,Meningitis
0,0,1,0,1,0,1,0,1,0,0,1,0,0,1,0,1,1,0,0,0,0,1,0,1,1,Gastroenteritis
1,1,0,0,1,1,0,0,0,0,0,1,0,1,0,0,1,0,1,1,0,1,1,0,0,0,Malaria
1,1,0,1,0,0,1,1,1,0,1,1,0,0,1,0,1,1,1,1,1,0,0,1,1,0,Heart Disease
0,1,1,0,1,1,1,0,1,0,1,0,0,0,1,1,1,0,0,1,0,0,0,0,1,1,Tuberculosis
1,0,1,1,1,1,1,1,0,0,0,0,0,1,0,1,1,1,1,0,0,0,0,0,1,1,Arthritis
1,0,0,1,1,0,0,1,1,1,1,0,1,0,1,0,1,0,0,1,0,0,0,0,1,1,Typhoid
1,0,0,1,1,0,1,0,0,1,0,1,0,1,1,0,1,1,1,0,0,0,0,1,1,1,Appendicitis
1,1,0,1,1,0,1,0,1,0,0,1,0,0,1,1,0,1,0,0,0,1,0,1,0,1,Gastroenteritis
0,0,1,0,0,1,0,1,0,1,1,0,1,1,1,0,1,0,1,0,0,0,1,1,1,0,Meningitis
0,0,1,1,0,0,0,0,0,0,0,0,1,1,1,1,0,1,1,0,0,1,0,0,0,0,Hepatitis
1,0,0,0,0,0,0,0,0,0,0,1,0,0,0,0,0,1,0,1,0,1,0,1,0,0,Arthritis
0,0,0,0,1,0,0,1,0,0,0,1,0,1,0,1,0,0,1,1,0,0,0,0,1,1,Migraine
1,0,0,1,0,0,1,0,1,0,1,1,0,1,0,0,1,0,0,0,1,1,1,1,0,0,UTI
0,1,0,0,0,1,0,0,1,0,0,0,1,1,0,1,0,0,1,0,1,0,0,1,1,0,UTI
0,1,1,0,1,1,1,1,0,0,1,1,1,0,1,0,0,1,1,1,0,0,1,0,1,1,Tuberculosis
1,0,0,1,1,1,1,1,1,1,1,0,1,1,0,1,1,0,1,1,0,0,0,0,0,1,Pneumonia
0,0,0,1,1,1,1,0,1,0,0,0,1,1,1,0,1,1,0,1,0,0,1,0,1,1,Heart Disease
1,0,0,1,1,0,1,0,1,0,1,1,0,1,1,1,0,0,0,0,1,0,1,0,1,1,Dengue
0,1,0,0,1,1,0,0,0,1,1,0,1,0,0,1,0,0,0,1,1,1,0,0,0,0,Appendicitis
1,0,0,0,1,0,1,1,1,0,0,1,0,0,1,1,1,0,0,1,1,0,0,1,1,0,Hepatitis
1,1,0,1,1,1,0,1,0,0,1,1,0,0,0,0,0,0,1,1,1,0,1,0,0,1,Food Poisoning
1,0,1,0,0,1,0,1,1,0,1,0,1,0,1,0,0,0,0,0,0,1,0,1,1,0,Food Poisoning
1,1,0,0,0,1,0,0,0,0,0,1,0,1,0,1,0,1,1,1,0,0,1,0,0,1,Gastroenteritis
1,1,0,1,0,1,0,1,1,1,0,1,0,1,1,0,0,1,0,1,0,0,1,0,0,0,Chickenpox
0,1,1,1,0,0,0,1,1,1,0,1,0,1,0,0,0,0,0,1,1,0,1,1,0,0,Common Cold
1,1,0,1,1,1,0,1,0,0,1,0,0,1,1,0,0,0,0,0,1,0,1,1,1,1,Malaria
0,0,0,1,1,1,1,1,1,0,1,0,1,0,0,1,1,0,1,1,1,1,1,0,1,1,Tuberculosis
0,0,1,1,0,1,1,1,1,0,0,0,1,0,1,0,0,1,0,1,0,1,1,0,1,1,Appendicitis
1,1,0,1,0,1,1,0,0,0,1,0,1,0,1,0,0,1,1,0,1,0,1,0,1,0,Hepatitis
0,1,0,0,1,1,1,1,1,1,1,0,0,1,0,1,1,0,0,0,1,1,1,0,1,1,Food Poisoning
1,0,1,1,0,0,1,1,0,1,0,1,0,0,0,0,0,1,1,1,0,1,1,0,1,0,Bronchitis
0,1,1,0,1,1,0,0,0,1,0,0,0,0,1,1,0,0,0,1,1,0,0,1,1,0,COVID-19
0,1,1,0,0,0,1,0,0,0,0,0,1,1,1,0,0,0,1,0,0,1,1,0,1,0,Bronchitis
1,0,1,1,0,1,1,0,0,1,1,0,0,1,0,0,1,0,1,0,0,0,0,1,1,1,Migraine
1,1,1,0,0,0,0,0,1,1,1,0,1,0,0,0,0,0,1,0,1,0,0,1,0,0,Meningitis
0,1,0,1,0,1,0,0,0,0,0,1,0,0,0,0,0,1,1,0,0,1,1,1,0,1,Asthma
0,0,0,0,1,0,0,1,1,0,0,0,1,1,0,0,1,1,1,1,1,1,0,1,0,1,Dengue
1,0,0,0,1,1,0,0,1,0,0,1,0,0,1,0,0,1,0,1,0,1,0,1,0,1,Influenza
0,1,0,1,1,0,1,1,1,0,0,0,1,0,0,0,1,1,1,0,0,1,1,0,0,1,Bronchitis
1,1,1,0,0,0,0,1,1,1,0,0,0,1,0,1,1,0,0,1,1,1,1,0,0,0,Common Cold
0,1,1,1,0,0,0,1,0,0,0,0,0,0,0,0,0,0,1,0,1,1,1,0,0,1,Migraine
1,0,1,0,0,0,1,0,1,0,1,1,1,0,0,1,0,0,1,1,0,0,1,1,1,0,Gastroenteritis
1,1,1,0,1,1,1,1,0,0,0,1,0,1,1,1,1,1,1,0,0,0,0,1,1,0,Appendicitis
0,0,1,0,1,1,1,1,1,1,1,1,1,1,1,0,1,1,1,1,0,1,0,1,1,0,Appendicitis
0,0,0,1,0,0,1,0,0,1,0,0,1,0,1,0,1,0,1,1,1,0,1,0,1,1,Tuberculosis
1,0,1,1,1,0,1,1,1,0,0,0,0,1,0,0,1,0,1,0,1,1,1,0,1,0,Dengue
1,1,0,1,0,1,1,0,1,1,1,1,1,1,1,0,0,1,0,0,1,1,1,1,0,0,UTI
1,1,0,0,0,0,1,0,0,1,1,1,0,1,1,0,1,1,0,1,0,0,0,0,0,1,Migraine
0,1,0,1,0,1,0,1,1,1,0,1,1,1,0,1,1,1,1,1,1,1,1,0,0,0,Heart Disease
0,1,0,0,0,1,1,0,0,1,1,0,1,0,0,1,0,1,1,1,1,0,0,1,1,1,Chickenpox
0,1,1,0,0,1,0,1,1,0,0,0,0,0,0,0,1,0,0,0,0,0,1,1,1,0,Chickenpox
1,0,1,1,1,0,0,0,0,0,0,1,0,1,0,1,1,1,1,0,0,0,1,0,0,0,Pneumonia
1,1,1,0,1,1,0,1,1,1,1,0,0,0,1,0,0,0,0,0,1,1,1,0,1,1,Asthma
0,0,0,0,0,1,1,1,1,1,0,1,0,1,1,0,0,0,0,0,0,0,1,1,0,0,Bronchitis
1,1,1,1,1,0,1,0,0,1,0,0,1,1,0,0,0,0,1,0,0,1,0,1,1,1,Hepatitis
0,1,0,1,1,0,0,0,1,0,0,1,1,1,0,1,1,1,1,0,0,1,0,0,1,1,Meningitis
1,1,0,0,0,0,0,1,1,1,0,1,1,1,0,0,1,0,1,0,1,0,0,1,1,1,UTI
1,0,0,0,1,0,0,0,1,0,1,0,1,0,0,1,0,0,0,1,1,0,1,1,1,0,Typhoid
0,0,1,1,0,1,0,1,1,0,0,0,0,0,1,1,1,1,1,1,0,1,1,0,1,1,Heart Disease
0,1,0,1,0,1,1,1,1,1,0,1,0,0,1,0,1,1,0,0,1,1,1,0,1,0,Typhoid
0,0,0,0,0,0,1,1,0,1,0,0,1,0,0,1,1,0,0,0,0,1,0,0,0,1,Typhoid
1,1,1,0,0,1,0,0,0,0,0,1,1,0,0,1,1,1,1,0,1,1,0,1,0,0,COVID-19
1,1,0,0,0,1,0,1,1,0,0,0,0,1,1,0,0,0,1,1,1,1,0,1,1,1,Malaria
0,0,1,1,0,0,1,1,0,0,1,1,0,1,0,1,1,1,1,1,1,0,1,0,0,0,Bronchitis
1,1,0,0,0,1,1,0,1,0,0,1,0,1,1,1,1,1,1,1,1,1,0,1,1,1,Dengue
0,0,1,1,0,0,1,0,1,0,0,1,0,0,1,1,0,0,1,0,0,1,0,0,0,1,Pneumonia
1,0,1,0,1,0,1,0,1,1,1,0,1,0,0,1,0,0,0,1,1,0,0,0,1,0,Influenza
0,0,1,1,0,1,0,1,1,1,0,1,1,0,1,1,1,1,1,1,0,1,0,0,1,1,Common Cold
0,0,0,0,1,0,1,0,0,1,1,1,0,0,0,0,0,0,1,0,1,1,1,0,1,1,Gastroenteritis
0,0,1,0,0,1,1,0,0,0,0,1,0,1,1,0,1,0,1,1,0,1,0,0,1,1,Chickenpox
1,1,1,1,0,0,1,0,1,1,0,0,1,0,0,1,1,1,1,0,0,0,1,1,1,0,COVID-19
1,0,0,1,0,0,0,0,1,0,0,1,1,0,0,1,0,0,0,1,0,0,0,1,0,0,Gastroenteritis
0,1,1,1,1,0,0,1,0,1,1,1,1,0,1,1,0,0,1,1,1,0,1,1,1,0,Food Poisoning
0,1,0,0,0,1,1,1,0,1,1,0,1,0,0,0,0,0,1,0,1,0,0,0,1,0,Arthritis
0,1,1,0,0,1,0,0,1,0,1,0,1,1,1,1,1,0,1,0,1,0,1,0,0,1,COVID-19
0,1,0,1,1,0,0,0,0,1,1,1,1,1,0,1,1,1,1,1,1,0,0,0,0,0,Conjunctivitis
1,1,0,0,0,0,0,1,0,0,0,1,0,1,1,1,1,1,0,1,0,1,0,1,0,1,Pneumonia
0,1,1,1,0,1,1,0,1,1,1,0,0,1,0,1,1,1,0,0,0,0,0,1,1,0,Food Poisoning
1,1,1,1,0,0,1,1,0,0,1,1,0,1,1,0,1,1,1,1,1,0,1,0,1,1,UTI
1,1,1,0,1,0,1,1,1,1,0,0,1,1,1,0,1,1,1,1,0,0,1,0,1,1,Common Cold
1,1,1,1,1,1,1,1,1,0,0,0,0,0,0,0,0,0,1,1,1,0,1,1,0,1,Hepatitis
0,0,0,0,1,0,0,1,0,1,0,1,1,1,1,0,1,0,0,0,1,0,0,0,0,1,Tuberculosis
1,1,0,1,1,1,0,1,1,0,1,1,0,1,1,0,1,0,1,1,1,1,1,0,1,1,Pneumonia
0,1,0,0,1,0,1,0,0,0,0,1,0,1,1,1,1,0,1,1,0,0,0,1,0,1,Food Poisoning
1,0,1,1,1,1,1,1,0,0,0,1,1,1,0,0,0,1,1,0,0,1,0,1,0,1,Arthritis
0,0,1,0,0,0,1,1,1,0,1,0,1,1,0,0,1,1,1,0,1,0,1,1,1,0,Common Cold
0,1,1,0,0,1,1,0,0,0,1,1,1,0,1,0,1,0,1,1,1,1,1,1,0,0,UTI
1,0,1,1,1,0,1,0,0,0,1,0,1,1,1,0,1,1,1,1,0,0,0,0,1,1,Typhoid
0,1,1,1,0,0,0,1,1,1,1,1,0,1,1,1,0,1,0,0,0,1,1,0,0,1,Asthma
0,0,0,0,0,1,0,1,1,1,1,0,1,1,1,1,0,0,0,1,1,1,0,1,1,0,COVID-19
0,0,0,1,0,1,1,0,0,1,1,0,1,0,1,1,1,0,1,0,1,1,1,1,1,1,Gastroenteritis
1,1,1,0,1,1,0,0,0,0,1,0,1,1,1,1,0,1,0,0,1,1,0,1,1,0,Malaria
0,1,1,0,0,1,1,1,0,1,1,1,0,1,1,1,1,0,1,1,0,0,1,1,0,1,Arthritis
0,0,1,0,0,1,1,1,0,0,1,0,0,0,0,1,1,1,0,1,1,0,0,1,0,1,Hepatitis
1,1,0,0,1,0,0,1,1,0,0,0,0,0,0,1,0,0,0,1,0,0,1,1,1,0,Typhoid
0,0,1,0,0,0,1,0,0,0,1,0,0,0,1,1,0,1,1,0,0,1,1,0,0,0,COVID-19
0,0,0,0,1,0,1,1,0,1,0,0,0,1,1,0,0,1,0,1,0,0,0,0,1,0,Hepatitis
1,1,0,0,1,0,1,1,0,0,0,1,1,0,1,0,0,0,1,1,0,1,1,0,1,0,Influenza
0,0,0,1,1,0,1,0,1,0,0,0,0,1,1,1,0,0,0,0,1,0,0,0,0,1,Food Poisoning
0,0,0,0,0,1,1,0,1,0,0,1,1,0,1,0,0,0,1,0,0,0,1,1,1,1,Arthritis
1,1,0,0,0,1,1,1,0,1,0,0,1,0,1,1,0,1,0,0,0,1,0,1,0,1,Typhoid
1,0,0,0,0,1,1,0,1,1,0,1,1,0,1,1,1,1,1,1,1,0,1,0,0,1,Dengue
0,1,1,0,0,1,1,0,0,1,0,0,0,0,0,0,1,0,1,0,0,0,1,0,1,0,Tuberculosis
0,1,0,1,0,0,0,1,0,1,1,0,0,1,0,1,0,0,1,1,0,0,1,0,0,1,Meningitis
1,1,1,1,1,1,1,0,1,1,1,0,1,1,0,0,1,0,0,0,1,0,1,0,1,0,COVID-19
1,0,1,0,1,1,0,1,0,0,0,1,0,0,0,1,1,0,0,0,1,0,1,1,1,1,Gastroenteritis
0,0,0,0,1,1,1,1,0,1,0,0,1,0,1,0,1,1,1,1,1,1,1,0,1,1,Heart Disease
1,1,0,0,1,1,1,0,1,1,0,1,1,1,0,0,0,0,1,1,0,1,1,0,0,0,COVID-19
0,0,0,0,1,1,0,1,0,0,0,1,0,1,0,1,0,1,1,0,1,1,1,1,1,1,Gastroenteritis
1,1,0,1,0,1,1,0,1,1,1,1,1,0,1,1,1,0,0,0,1,1,0,1,0,1,Appendicitis
0,0,0,0,0,0,1,0,0,0,0,0,1,0,0,0,0,0,1,0,1,0,1,1,1,0,Arthritis
1,1,1,0,0,0,0,0,0,0,1,0,0,0,1,1,0,0,0,0,1,0,0,0,0,1,Food Poisoning
1,0,0,0,1,0,1,0,0,1,0,1,1,1,0,0,1,1,1,0,1,1,0,0,0,1,UTI
1,1,1,0,1,1,1,0,1,1,0,0,1,0,1,1,1,0,1,1,1,0,1,1,1,1,Conjunctivitis
1,1,0,1,0,0,0,0,1,0,1,0,1,1,1,0,0,1,0,0,1,0,0,0,1,1,Conjunctivitis
0,1,1,0,0,1,1,0,0,0,0,1,0,0,0,0,0,0,1,1,0,0,0,0,1,0,Appendicitis
0,1,1,1,1,0,1,1,0,0,1,1,0,0,0,0,1,0,1,0,0,1,0,1,0,1,Hepatitis
1,0,0,1,0,1,1,1,1,1,0,1,1,1,1,0,1,0,1,0,0,1,1,0,0,0,Bronchitis
1,1,1,1,1,1,0,1,1,0,0,0,0,1,1,1,0,1,0,0,1,0,1,1,1,0,Heart Disease
0,1,1,0,0,0,0,0,0,0,1,0,0,0,1,0,1,0,1,0,1,1,1,1,0,0,Heart Disease
1,0,1,0,1,1,1,1,0,0,1,0,1,1,0,0,1,0,1,1,0,1,1,1,0,1,Tuberculosis
0,1,0,0,1,1,0,0,1,0,0,0,1,0,0,1,0,0,0,1,0,1,0,1,1,1,Typhoid
1,0,1,1,1,1,0,0,1,0,0,1,0,1,1,0,0,0,0,0,0,0,0,0,0,1,Malaria
1,0,1,0,0,0,0,0,1,1,1,1,1,0,0,1,0,1,1,0,0,1,0,1,1,0,Hepatitis
1,0,0,1,0,1,0,1,1,1,0,0,0,1,1,0,1,1,0,1,1,0,0,0,1,0,Asthma
0,1,0,0,0,0,0,1,1,1,1,1,0,0,1,0,1,1,1,0,1,1,1,1,1,0,Migraine
1,1,0,0,0,0,1,0,0,0,1,0,0,1,0,0,0,0,0,1,1,0,0,1,0,1,Common Cold
0,0,0,0,0,1,0,0,1,1,1,1,0,0,1,0,1,1,1,1,0,1,1,1,1,0,Arthritis
0,1,1,0,1,0,0,1,1,1,0,1,0,0,0,1,0,0,1,1,0,1,1,0,1,1,Malaria
1,1,0,1,1,1,1,0,1,0,0,1,1,0,0,1,0,0,0,1,0,0,1,1,0,1,Heart Disease
0,1,1,1,0,1,0,1,0,1,0,0,0,0,0,1,0,0,1,1,0,1,1,1,0,1,Arthritis
1,0,1,1,0,0,0,0,0,0,0,0,1,0,1,1,0,1,0,1,0,0,1,0,0,1,Meningitis
0,0,1,1,1,1,1,0,1,1,1,0,1,1,0,0,1,1,0,1,1,0,0,0,1,0,Conjunctivitis
0,1,0,1,1,0,0,0,1,0,1,1,0,0,1,0,1,0,0,1,0,0,0,1,0,1,UTI
0,1,0,0,0,0,0,0,0,1,0,1,0,1,1,1,0,0,0,1,0,0,0,0,1,0,Common Cold
1,1,1,0,1,0,0,1,1,0,1,0,1,1,0,0,1,0,0,0,0,1,1,0,1,1,UTI
1,0,0,1,1,0,0,0,1,0,1,0,0,0,1,1,0,1,0,0,1,0,0,0,0,1,Migraine
0,1,0,1,0,0,1,0,1,0,1,0,1,0,1,1,1,0,0,1,1,0,1,0,1,0,Dengue
0,1,1,0,1,1,0,0,1,1,0,1,1,1,0,0,1,0,1,1,1,0,1,0,1,0,Hepatitis
0,0,1,0,1,0,0,0,1,0,0,0,1,0,0,0,1,0,0,1,1,1,0,0,0,1,Chickenpox
1,0,0,1,1,0,1,0,1,1,1,0,1,1,1,1,1,0,1,0,1,0,0,1,1,0,Tuberculosis
0,0,0,1,1,0,0,1,1,0,0,1,0,0,0,1,1,0,1,1,1,0,1,1,1,0,Arthritis
0,1,0,1,1,1,1,0,1,0,0,0,1,1,0,1,1,1,1,0,1,0,1,0,0,0,Migraine
1,0,0,0,1,1,1,0,1,0,1,0,1,0,0,0,1,0,0,1,1,0,0,0,0,1,Food Poisoning
0,0,1,1,0,0,1,0,0,0,1,1,1,0,0,1,0,1,0,0,1,0,1,1,1,1,Migraine
1,0,1,1,1,1,1,1,0,1,0,0,1,0,1,1,1,0,1,0,0,1,1,0,1,1,Gastroenteritis
0,1,0,1,0,1,1,1,1,1,0,1,1,0,0,1,0,1,0,0,0,1,1,1,0,0,Bronchitis
0,1,1,0,0,1,0,1,1,1,1,1,1,1,0,1,0,0,0,1,0,1,0,0,1,0,Heart Disease
1,0,1,0,1,1,0,0,1,1,1,0,0,0,1,0,0,0,0,0,1,0,1,0,0,0,Typhoid
1,1,0,0,1,0,0,1,0,0,1,0,0,1,1,1,0,1,0,1,1,1,0,0,1,0,Pneumonia
1,0,0,1,0,1,0,1,0,0,0,0,1,0,1,1,1,1,1,1,1,1,1,1,1,1,Food Poisoning
0,0,0,0,1,0,1,0,1,1,0,0,1,0,0,1,1,1,1,1,0,0,0,0,1,1,COVID-19
1,1,1,1,0,0,0,1,1,1,1,1,1,1,1,0,1,0,0,0,1,1,0,1,0,1,Typhoid
0,0,0,0,0,0,1,1,0,0,0,0,1,0,0,0,0,1,0,1,0,0,1,0,0,0,Influenza
1,1,0,1,1,1,0,1,1,1,1,1,1,0,0,0,1,0,0,1,1,0,1,0,1,0,Appendicitis
0,1,0,1,0,0,0,1,1,1,1,1,0,1,1,1,0,0,0,1,1,0,1,0,0,1,Malaria
1,0,1,0,1,0,1,0,0,0,0,0,0,1,1,1,0,1,1,0,1,0,0,1,0,0,UTI
0,1,0,0,1,1,1,0,0,0,1,0,1,1,0,0,1,0,1,1,1,1,0,1,1,1,Influenza
0,0,1,0,0,0,0,0,0,0,1,0,0,0,1,1,0,0,0,0,1,1,0,1,1,0,Food Poisoning
0,0,0,1,1,1,1,0,1,1,1,0,0,0,0,1,0,1,0,1,1,1,1,0,0,0,COVID-19
0,0,1,1,0,1,1,1,1,0,0,1,0,0,1,0,1,1,1,1,0,1,0,0,1,0,Asthma
0,1,0,0,0,1,0,0,0,0,0,0,0,0,1,1,0,1,0,1,1,0,1,0,0,1,Appendicitis
1,0,0,0,0,1,1,1,0,0,1,0,1,1,0,1,0,0,1,1,1,1,0,0,1,1,UTI
0,1,0,1,0,0,1,1,0,1,0,1,1,1,0,0,1,0,1,0,1,1,1,1,0,0,Chickenpox
0,0,0,1,0,1,0,0,0,1,0,1,1,0,1,1,0,1,1,1,1,1,0,1,0,0,Bronchitis
1,1,0,0,1,1,1,0,0,1,0,0,1,1,1,0,1,0,0,0,1,1,0,1,1,1,UTI
1,1,0,0,0,1,1,1,0,0,0,1,0,1,1,1,1,1,0,0,1,1,0,1,0,1,Arthritis
0,1,0,1,0,0,1,0,0,1,0,1,1,1,1,1,0,0,1,0,0,0,0,1,1,1,Typhoid
1,1,0,0,0,0,1,1,0,1,1,1,1,0,0,0,1,1,1,0,0,1,1,1,1,1,Malaria
0,0,1,1,1,1,0,0,1,0,1,1,0,1,1,0,1,0,1,1,0,0,0,1,0,1,Malaria
1,1,1,0,1,0,0,0,0,1,0,1,0,1,1,1,0,1,0,0,1,1,0,1,1,0,COVID-19
1,0,1,0,0,1,1,1,1,0,1,1,1,1,0,0,1,0,0,1,1,1,0,0,0,0,Food Poisoning
0,1,1,0,0,0,1,0,1,1,0,0,1,0,1,1,0,0,0,1,1,0,1,0,0,0,Heart Disease
0,0,1,1,1,0,0,1,0,1,1,1,1,0,1,1,1,1,0,1,1,0,0,0,0,0,Common Cold
1,0,0,0,0,0,1,0,0,1,0,0,0,0,1,0,1,0,1,1,0,0,1,1,0,1,Hepatitis
0,0,1,0,0,1,0,1,1,1,1,0,0,0,1,1,0,0,0,0,0,1,1,1,0,1,Gastroenteritis
0,1,0,1,1,0,0,0,1,0,1,1,0,1,0,1,0,0,0,0,1,1,0,1,0,1,Appendicitis
0,0,1,0,1,1,0,1,1,1,0,0,1,1,1,1,1,1,1,1,1,0,0,1,1,0,Migraine
1,0,1,1,1,0,0,1,0,0,0,0,1,1,1,0,0,0,0,0,0,1,0,1,0,1,Bronchitis
0,1,0,1,0,0,0,0,0,0,1,0,0,1,1,0,1,0,0,1,1,0,1,0,0,0,Bronchitis
1,1,0,1,0,0,1,1,1,0,1,1,1,0,1,1,1,0,1,1,0,1,1,1,0,1,Bronchitis
1,1,1,0,1,0,0,0,1,0,0,0,0,1,0,0,1,0,1,1,0,1,1,1,0,1,Arthritis
1,1,1,1,0,0,1,0,1,1,0,0,0,1,0,0,1,1,1,1,1,1,1,0,0,1,Bronchitis
1,1,1,1,0,1,0,1,1,0,1,0,1,1,1,0,1,0,0,1,0,0,0,0,0,0,Typhoid
1,1,1,1,1,0,0,0,0,1,0,1,0,1,1,1,0,1,0,0,1,1,1,0,1,1,Asthma
0,1,0,1,0,1,0,1,1,1,1,1,1,1,0,0,1,1,0,0,0,1,0,0,1,0,Hepatitis
1,1,1,1,0,1,1,0,0,0,1,0,0,1,0,0,1,0,1,1,1,1,0,1,0,1,UTI
1,1,1,0,1,1,1,1,0,0,1,0,0,1,0,1,0,1,1,1,1,1,1,0,1,1,Appendicitis
0,1,0,1,1,0,1,1,1,1,0,1,1,1,0,1,1,0,1,1,0,0,0,1,1,0,Heart Disease
0,1,0,1,0,0,1,1,0,0,1,1,1,1,1,0,0,1,0,1,0,1,0,0,0,0,Pneumonia
1,0,0,1,1,0,0,0,1,1,1,0,0,0,0,1,0,0,1,0,1,1,0,1,0,0,UTI
0,0,0,1,1,0,1,0,0,1,0,1,0,0,0,0,1,1,0,1,0,1,1,0,1,0,Asthma
1,0,1,1,0,0,1,0,0,1,1,0,0,1,0,1,1,0,0,0,0,0,0,0,1,1,Chickenpox
0,0,0,0,1,0,1,0,1,1,0,0,0,0,1,1,0,0,1,1,0,1,1,0,1,1,Conjunctivitis
0,1,1,1,0,1,0,1,0,0,0,1,0,0,1,0,1,1,1,1,1,1,1,0,0,0,UTI
0,1,0,1,1,0,0,0,1,1,1,0,0,0,1,0,1,1,1,0,0,0,0,1,0,0,Arthritis
1,1,0,0,0,1,0,0,1,0,0,1,1,0,0,1,0,0,0,0,1,0,1,1,0,0,Bronchitis
0,0,0,0,0,0,1,0,1,0,1,1,0,1,1,0,0,0,0,0,1,0,0,0,0,1,Pneumonia
1,1,1,0,1,1,1,1,1,1,0,0,1,1,0,0,1,0,1,0,0,1,1,0,1,0,Pneumonia
1,0,0,0,0,1,0,0,0,0,1,1,0,0,1,1,1,0,0,1,1,0,0,1,1,1,Food Poisoning
1,1,1,1,0,1,1,1,0,1,1,1,0,1,1,1,0,0,1,1,0,0,1,0,1,1,Chickenpox
0,0,1,0,0,0,0,0,0,0,1,1,1,1,1,0,0,0,0,0,0,1,1,1,0,0,Pneumonia
1,1,0,1,1,0,1,0,0,0,0,1,1,1,0,1,0,0,1,1,1,1,1,0,0,0,Tuberculosis
1,1,1,0,0,1,1,1,0,1,1,0,1,0,1,1,1,1,0,0,1,0,0,1,0,1,Common Cold
0,0,0,0,0,1,1,0,0,0,1,0,0,0,1,0,1,1,1,0,0,0,0,0,1,1,Bronchitis
0,0,1,0,1,0,1,0,0,1,0,0,1,1,0,1,0,1,0,1,0,0,0,1,1,0,Pneumonia
0,0,1,1,1,0,0,1,0,1,1,1,0,0,0,1,1,1,1,0,1,1,1,1,1,1,Dengue
1,0,1,0,1,0,1,0,1,1,1,0,0,1,1,0,0,1,0,0,0,0,1,0,1,0,Gastroenteritis
1,0,0,0,0,0,1,0,0,1,0,1,1,0,0,0,1,1,0,1,0,1,0,0,1,0,Arthritis
0,0,1,1,1,0,0,0,0,0,1,1,1,1,1,1,1,0,1,0,1,1,0,1,1,0,Bronchitis
0,0,1,0,0,0,0,0,0,0,1,1,0,0,1,0,1,1,0,0,0,0,0,1,1,0,UTI
0,1,0,0,1,0,0,1,1,0,0,1,0,1,0,0,1,1,1,1,1,0,1,0,0,1,Conjunctivitis
0,0,1,0,1,0,0,0,1,1,0,0,0,0,0,1,1,0,1,0,0,1,1,1,0,1,Food Poisoning
0,1,1,1,0,0,1,0,1,0,0,1,0,0,1,1,1,0,1,1,1,0,0,0,1,0,COVID-19
1,1,0,0,0,1,0,1,0,0,1,0,1,1,1,1,0,0,1,1,0,0,0,0,0,1,Tuberculosis
0,0,1,0,1,1,0,0,0,1,0,0,0,1,0,1,1,0,1,1,1,0,0,0,0,0,Malaria
0,1,0,0,1,0,1,0,0,1,0,1,0,1,0,1,1,0,1,1,1,0,1,0,0,0,Pneumonia
0,1,1,1,0,0,1,0,0,1,0,1,0,1,0,1,0,0,1,0,1,1,1,1,0,1,Common Cold
0,1,0,0,0,1,0,0,0,1,1,1,1,1,0,1,0,1,0,1,1,0,0,0,1,0,Asthma
0,0,0,0,0,0,1,1,1,1,1,0,0,0,0,1,1,1,1,1,1,0,0,1,0,0,Tuberculosis
1,0,1,1,1,0,1,0,1,0,1,0,0,0,1,1,1,1,0,1,1,1,0,1,0,0,Gastroenteritis
1,0,0,1,0,0,0,0,0,1,0,0,0,0,0,0,0,0,1,0,0,0,0,1,1,0,Malaria
0,0,0,1,1,0,0,0,1,1,0,0,0,1,0,0,0,0,1,0,0,1,0,1,1,1,Heart Disease
1,0,0,1,0,0,1,0,0,0,1,0,0,0,1,1,1,1,1,0,0,0,1,1,1,1,Typhoid
0,0,0,1,0,1,0,0,0,1,1,0,1,1,0,0,1,0,0,0,0,0,0,0,1,0,Pneumonia
1,0,1,0,1,0,0,1,1,0,1,0,0,1,0,0,0,0,0,0,1,0,0,0,1,1,Bronchitis
0,0,1,0,0,1,1,0,0,0,0,1,0,0,0,1,1,0,0,1,0,0,0,0,0,1,Tuberculosis
1,1,1,1,0,0,0,0,0,0,1,1,0,1,0,0,0,0,0,1,0,0,1,1,1,0,COVID-19
1,0,1,1,1,0,1,1,1,1,1,1,0,0,1,1,1,0,0,1,1,1,0,1,1,1,Chickenpox
0,1,0,0,0,1,0,1,1,0,0,1,1,0,1,1,0,1,1,1,1,1,0,1,0,1,Tuberculosis
0,0,1,0,1,0,1,1,0,0,1,0,1,0,0,0,0,0,1,1,1,1,1,1,1,1,Migraine
1,1,1,0,0,0,0,0,0,1,1,0,1,1,0,0,1,1,0,0,0,1,0,1,0,0,Influenza
0,1,0,0,0,0,1,0,0,1,0,1,1,0,0,0,0,1,1,1,1,0,0,1,1,0,Food Poisoning
1,0,0,0,1,0,1,0,1,0,1,1,1,0,0,1,0,1,1,0,1,0,0,1,1,0,Pneumonia
0,0,0,0,0,1,1,0,1,1,0,1,1,1,0,1,1,1,0,0,0,0,1,1,0,1,Meningitis
0,1,1,1,1,0,0,1,0,0,1,1,1,0,1,0,1,1,1,0,1,1,0,0,1,1,Influenza
1,0,0,0,1,0,1,1,0,0,1,0,1,1,0,0,0,0,1,1,1,0,1,0,0,1,Asthma
0,1,0,0,0,1,1,0,1,1,1,0,1,1,1,0,0,0,0,0,1,0,0,0,1,1,Typhoid
1,0,0,0,1,1,0,1,0,0,0,0,1,0,0,1,0,0,0,0,1,1,1,1,0,0,Malaria
0,1,0,1,1,1,1,0,1,1,1,0,0,1,1,0,0,0,0,0,0,1,0,0,0,0,Arthritis
1,0,0,0,0,1,1,1,0,1,1,0,0,1,0,0,0,0,1,0,1,0,0,1,0,0,Bronchitis
1,0,0,1,1,0,1,1,0,1,0,1,1,0,0,0,1,0,1,1,1,0,1,0,0,1,Tuberculosis
1,1,1,1,1,1,0,1,1,1,0,0,1,1,0,1,0,1,0,1,1,1,1,1,0,1,COVID-19
1,1,0,1,1,0,0,1,0,1,1,1,1,0,0,0,0,1,0,1,1,1,0,0,1,1,Heart Disease
1,1,0,0,1,0,1,0,1,1,1,0,1,0,1,1,0,1,0,1,1,0,0,1,1,0,COVID-19
0,0,1,0,1,0,0,1,0,1,0,0,1,1,1,1,0,1,1,1,0,0,0,0,1,1,Malaria
0,1,1,1,0,0,1,0,0,1,0,1,1,1,1,0,1,1,0,0,0,0,0,1,1,1,Influenza
0,1,0,1,0,0,1,0,0,1,1,1,1,1,1,1,0,0,0,1,1,1,0,0,1,1,Heart Disease
0,0,0,1,0,1,0,0,0,1,0,1,1,1,1,1,0,0,1,1,1,0,0,0,0,0,Common Cold
1,0,0,0,1,0,0,1,1,0,1,1,0,1,0,1,0,0,1,0,1,0,1,1,1,0,Tuberculosis
0,1,1,1,0,0,0,0,1,0,0,0,1,1,0,0,1,1,0,0,1,0,1,0,0,1,Heart Disease
1,1,0,0,0,0,1,0,0,1,0,1,1,1,0,1,0,0,0,1,0,0,0,1,1,0,Chickenpox
0,1,1,0,1,1,1,0,0,1,1,1,1,1,0,1,1,1,0,0,0,0,1,1,1,0,Malaria
0,0,1,1,1,0,0,1,1,1,0,1,0,1,1,0,1,1,1,0,0,0,1,0,0,1,Tuberculosis
1,0,1,0,1,1,1,0,1,0,1,1,1,0,1,0,0,1,1,1,1,0,1,1,0,0,Hepatitis
1,1,1,0,1,1,1,0,1,1,1,1,1,0,0,1,0,0,1,1,1,0,0,0,1,0,Bronchitis
1,0,1,1,0,1,0,0,0,0,0,0,0,0,0,1,0,0,1,0,1,1,0,0,1,1,Conjunctivitis
1,1,1,0,1,0,0,0,0,0,0,0,0,1,0,1,1,0,1,1,0,0,1,0,0,0,COVID-19
0,0,1,1,1,0,1,1,1,0,0,0,0,1,1,0,1,1,0,0,0,1,1,1,0,1,Influenza
1,0,0,0,1,1,0,0,1,0,1,1,0,0,0,1,0,0,0,1,1,0,1,1,1,0,Heart Disease
1,1,0,1,1,0,0,0,1,0,1,0,1,1,0,0,1,0,0,0,0,1,1,0,1,1,Typhoid
1,0,1,1,0,0,1,1,0,1,1,0,1,1,0,0,0,1,0,0,1,0,1,0,1,1,Migraine
0,1,1,0,1,1,0,0,1,1,0,0,1,1,1,1,0,0,0,0,0,1,0,1,0,0,Food Poisoning
1,1,0,0,1,1,1,1,0,1,1,1,0,0,1,0,0,1,1,1,0,0,1,0,0,0,Malaria
0,0,1,0,1,0,1,1,0,1,1,1,0,0,0,0,0,1,1,1,1,1,0,0,1,0,Malaria
0,1,0,1,0,0,1,0,0,1,0,1,0,1,1,1,1,1,0,0,0,1,0,0,0,1,Migraine
1,1,0,1,0,0,0,0,1,1,1,1,0,0,1,0,0,1,0,1,1,1,0,1,0,0,Tuberculosis
0,1,0,1,1,0,1,1,0,1,0,1,0,1,1,0,1,0,1,1,1,0,0,0,0,1,Appendicitis
1,1,0,1,1,0,0,0,1,1,0,1,1,0,1,0,0,1,0,0,1,1,1,0,1,0,Conjunctivitis
1,0,0,0,1,1,1,1,1,1,0,0,0,1,1,1,0,1,1,0,0,1,0,1,0,0,Conjunctivitis
0,0,0,0,0,0,1,1,1,0,0,1,1,0,1,0,0,1,1,0,0,1,1,0,0,0,Hepatitis
0,1,1,1,0,0,1,1,1,0,0,0,0,0,1,0,1,0,0,1,0,1,0,1,1,0,Conjunctivitis
0,0,1,0,0,0,0,1,1,0,1,0,0,0,1,0,1,0,1,1,1,1,0,0,0,0,UTI
0,0,1,1,0,1,0,1,1,1,1,1,0,1,0,0,1,0,0,0,1,1,0,1,0,1,Common Cold
0,1,1,1,0,1,0,1,1,1,0,0,0,0,0,1,0,0,0,0,0,1,1,0,0,0,Conjunctivitis
1,0,0,1,0,0,1,0,0,1,1,1,1,1,0,0,0,1,1,0,0,1,1,1,0,1,Migraine
1,1,1,0,1,1,1,1,0,1,1,0,0,0,1,1,1,0,1,0,0,1,1,0,1,1,Gastroenteritis
0,0,0,0,0,0,1,1,1,1,1,0,1,1,1,0,0,1,1,0,1,1,0,1,0,0,Meningitis
1,1,1,1,1,1,1,0,1,0,0,0,0,0,1,0,1,0,1,1,0,0,0,1,0,1,Conjunctivitis
1,1,0,0,0,0,1,0,0,1,0,0,0,1,1,0,1,0,0,1,1,1,1,0,0,0,Bronchitis
1,1,1,1,0,0,1,0,0,1,0,1,1,0,1,0,1,0,1,0,1,0,1,1,1,1,Dengue
1,0,1,0,1,0,1,0,0,1,0,0,1,0,0,0,0,0,1,0,1,0,1,0,0,0,Arthritis
1,1,1,1,1,0,0,0,1,0,1,1,0,0,0,0,0,0,1,0,0,1,1,0,1,1,Hepatitis
1,0,0,1,0,0,1,1,1,1,0,1,1,0,0,1,1,0,1,1,1,1,0,1,0,1,Influenza
0,0,1,1,1,1,0,1,1,1,0,1,1,1,0,1,1,0,0,1,1,0,1,0,0,0,Malaria
1,0,1,1,1,0,0,1,0,0,1,0,1,1,1,0,1,0,1,1,0,1,1,0,1,1,Malaria
1,0,1,0,0,1,1,1,1,0,0,1,1,1,1,1,1,1,0,1,0,0,1,0,0,1,Typhoid
1,1,0,0,0,1,1,0,0,1,0,0,1,0,1,0,0,0,1,0,0,0,0,1,1,0,Chickenpox
0,0,0,1,0,1,1,0,0,1,1,0,1,0,0,1,1,1,0,0,1,1,0,0,0,1,Typhoid
0,0,0,1,0,1,0,0,0,0,1,1,0,0,1,1,0,1,1,0,1,1,1,0,0,1,Heart Disease
1,1,0,1,0,1,1,1,1,0,1,1,0,1,1,0,0,1,0,1,0,0,0,0,1,1,Asthma
0,0,0,0,0,0,0,0,0,1,1,0,1,0,0,1,1,0,0,1,1,1,0,1,1,0,Tuberculosis
0,0,1,0,1,0,0,1,0,0,1,1,1,0,0,1,0,0,0,1,1,0,0,0,0,0,Migraine
1,0,1,1,0,0,0,1,0,1,0,0,1,1,0,0,0,1,0,1,1,1,1,1,0,0,COVID-19
1,1,0,0,1,1,1,1,1,0,1,0,0,0,0,0,1,0,1,1,1,1,0,1,1,0,Pneumonia
1,0,0,0,1,0,1,0,1,1,0,0,0,1,1,0,0,1,0,0,0,0,1,0,0,1,Migraine
1,1,1,1,1,0,1,1,0,0,0,0,1,0,1,1,1,1,0,1,1,1,0,0,1,1,Arthritis
0,1,1,0,1,0,0,1,1,0,0,1,0,0,1,1,0,0,1,1,1,0,1,0,1,0,Appendicitis
1,1,1,0,1,1,1,1,0,1,0,0,0,0,0,0,1,0,0,0,0,0,0,0,0,1,Typhoid
1,0,0,1,0,0,1,0,1,0,0,1,1,1,1,1,0,0,0,0,1,0,0,1,1,1,Appendicitis
1,0,0,1,1,1,1,1,0,1,1,1,1,1,0,1,0,0,1,0,1,0,1,1,0,1,Hepatitis
1,0,1,0,1,0,1,0,1,1,1,0,1,1,0,1,0,0,1,0,1,1,1,1,1,0,Heart Disease
1,1,1,0,0,1,0,0,1,0,1,0,1,0,0,0,0,1,1,1,0,1,0,0,0,1,Meningitis
0,0,0,1,1,0,1,1,1,1,0,0,0,0,0,1,0,1,1,1,0,1,1,1,1,0,Pneumonia
0,0,0,0,1,0,0,1,0,1,1,1,0,0,1,0,1,0,0,1,0,0,0,1,0,0,Malaria
1,1,1,0,1,0,1,0,1,0,0,1,0,0,1,0,1,1,1,1,1,0,0,1,1,1,Common Cold
1,0,1,1,1,1,1,0,1,0,1,0,0,0,0,1,1,1,1,1,1,1,0,0,0,1,Conjunctivitis
0,1,0,1,0,0,1,0,0,0,1,0,0,1,1,1,0,1,1,1,0,1,1,1,0,0,Malaria
1,0,1,0,0,0,0,1,1,1,1,1,1,0,0,0,0,1,0,0,1,1,1,1,0,0,Typhoid
1,0,0,1,1,0,1,1,1,0,0,0,0,1,1,1,1,0,1,0,0,1,1,1,0,1,Common Cold
0,0,0,1,1,1,1,0,1,0,1,1,1,0,1,1,1,1,0,1,1,0,0,1,1,1,Food Poisoning
0,0,0,1,1,1,1,1,0,0,0,0,0,1,0,1,0,0,0,1,0,0,1,1,0,0,COVID-19
0,0,1,0,0,0,0,0,0,1,1,0,1,0,1,1,0,1,1,1,0,0,1,0,0,0,Tuberculosis
0,1,0,0,1,1,1,0,1,0,1,0,0,1,1,1,1,1,1,0,0,1,0,1,1,1,Appendicitis
0,1,0,0,0,1,1,0,0,1,1,0,1,1,1,1,0,0,1,0,1,1,0,0,0,1,Malaria
0,1,1,0,1,0,1,0,0,0,1,1,0,0,0,0,0,1,0,0,0,0,1,1,1,1,Chickenpox
1,0,1,0,1,1,0,1,0,1,0,1,1,0,1,0,0,1,0,0,0,0,0,1,0,0,Malaria
0,0,1,1,0,0,0,0,1,1,1,0,0,1,1,1,1,0,0,0,1,1,0,1,0,1,Hepatitis
0,1,1,1,0,1,1,1,1,0,1,0,0,0,0,0,0,1,0,0,1,1,0,0,0,1,Typhoid
0,1,0,0,0,0,1,0,1,0,1,1,0,1,0,1,0,0,1,1,1,1,1,1,1,0,UTI
0,1,1,1,1,0,0,1,0,0,0,0,0,0,1,1,1,0,1,0,0,0,0,1,0,1,COVID-19
1,0,0,1,0,0,0,1,0,1,1,1,1,1,0,1,1,0,1,1,0,1,0,0,0,0,UTI
1,1,0,0,1,1,0,1,0,0,1,0,0,0,0,0,1,1,0,1,1,1,0,1,0,1,Arthritis
1,1,1,1,0,1,0,0,1,1,1,1,1,0,1,1,1,1,0,0,0,1,0,0,0,1,COVID-19
0,1,1,1,1,0,1,0,1,1,0,1,0,1,1,0,0,1,0,0,0,1,1,1,1,0,Chickenpox
0,0,0,1,0,1,0,0,0,1,0,1,0,1,1,0,1,0,1,1,1,0,0,0,1,0,Asthma
0,0,0,1,0,1,1,1,0,1,1,0,0,0,0,1,1,0,1,0,0,1,1,1,1,0,Tuberculosis
1,0,0,1,1,1,1,1,1,0,1,1,1,1,1,1,0,0,1,1,0,0,1,1,0,0,Pneumonia
1,1,1,0,1,1,1,0,1,1,0,0,0,0,1,0,1,1,0,1,0,1,1,0,1,1,Chickenpox
0,1,0,1,1,0,1,0,0,0,1,1,1,0,1,0,1,0,0,1,0,0,1,0,1,1,Typhoid
0,1,1,0,0,0,1,0,1,0,0,1,0,1,1,0,1,1,0,1,0,1,0,0,0,0,COVID-19
0,1,1,0,0,0,1,0,1,1,1,0,0,1,1,0,1,0,0,1,1,0,0,0,0,0,Food Poisoning
1,0,1,0,0,0,1,1,1,0,1,1,1,0,1,0,0,1,1,0,1,1,1,1,0,0,Dengue
0,0,0,1,0,1,1,1,1,0,0,1,1,0,0,0,1,1,1,1,0,1,0,1,0,1,Pneumonia
0,0,0,1,0,0,1,1,1,1,1,1,1,1,0,1,0,0,1,1,0,0,1,1,0,0,Chickenpox
1,0,0,0,1,1,1,0,1,1,1,0,0,0,1,1,0,0,0,0,1,1,1,0,0,1,Malaria
0,0,1,1,0,1,0,0,0,0,1,1,1,0,1,1,0,1,0,0,1,0,0,0,0,0,Asthma
1,1,1,1,0,1,1,1,0,1,1,0,1,0,1,1,0,0,0,1,0,1,1,0,1,0,Dengue
0,0,0,0,1,0,0,0,1,1,0,0,0,0,1,0,1,1,0,1,1,1,1,1,1,1,Asthma
0,0,1,1,0,1,0,0,0,1,0,1,1,1,0,1,1,0,0,1,1,0,0,1,0,0,Meningitis
1,0,1,0,0,1,0,1,1,1,0,0,0,1,0,0,1,1,0,1,0,1,0,0,1,0,Bronchitis
1,1,0,0,0,0,1,0,1,1,0,1,0,0,0,0,0,0,0,1,1,0,1,0,0,0,Conjunctivitis
1,0,0,0,1,0,0,1,0,0,1,1,1,1,0,1,0,1,0,0,1,1,1,0,0,0,Migraine
1,1,0,1,0,1,0,1,1,1,0,0,0,0,0,1,0,0,0,1,1,0,0,0,0,0,Chickenpox
0,1,1,0,0,1,1,0,1,1,0,0,0,0,0,1,0,1,0,0,1,1,0,1,1,1,Arthritis
0,0,1,0,1,1,0,1,0,0,0,0,0,1,0,1,0,0,1,1,1,1,0,1,1,1,Migraine
0,1,1,1,0,0,1,1,0,0,0,0,1,1,0,1,0,1,0,1,0,1,0,0,0,0,Common Cold
1,0,0,1,1,0,1,1,0,0,0,1,0,1,1,1,0,1,1,0,0,1,0,1,1,0,Hepatitis
1,1,0,1,0,1,1,1,1,0,1,1,1,1,0,0,0,1,0,0,0,1,0,0,0,1,Malaria
1,1,0,1,1,1,1,1,1,0,1,0,0,0,0,1,0,1,0,1,1,0,1,0,0,0,Food Poisoning
0,1,1,0,1,1,1,1,0,0,0,0,0,1,0,0,0,0,0,0,1,1,1,0,0,0,Heart Disease
1,1,0,0,0,1,1,1,0,0,1,0,1,0,0,1,1,0,0,1,1,0,0,1,1,0,Tuberculosis
0,1,1,1,0,1,0,1,0,0,0,0,1,0,1,1,1,0,1,0,0,0,0,1,1,0,Bronchitis
0,1,1,0,0,0,1,1,0,1,1,0,1,0,0,0,0,1,0,0,0,0,0,1,1,1,Tuberculosis
0,0,1,1,1,0,0,1,1,1,1,0,1,1,0,1,0,1,0,1,1,0,0,0,1,1,Arthritis
0,0,0,1,1,1,1,1,0,1,0,1,0,0,0,0,1,1,0,1,0,0,0,1,0,0,Bronchitis
1,0,0,0,0,0,1,1,1,1,1,1,1,0,1,0,0,1,1,1,0,0,1,1,1,0,UTI
0,0,0,1,1,1,0,1,0,0,0,1,1,0,1,0,0,1,0,1,1,0,1,0,0,1,Appendicitis
1,0,0,0,1,1,0,0,1,1,1,0,0,0,0,1,1,0,1,0,0,0,1,1,0,1,Pneumonia
1,0,0,0,0,0,1,0,1,1,1,1,1,1,0,0,0,0,0,0,0,0,0,1,0,1,Influenza
1,0,1,1,0,0,0,0,1,0,0,1,0,0,1,1,0,0,0,0,0,1,1,1,0,0,Food Poisoning
0,1,0,1,1,1,1,0,0,1,0,0,0,0,0,0,0,1,1,1,0,1,1,1,1,1,Gastroenteritis
0,1,1,1,0,0,1,0,0,1,0,1,1,0,1,0,1,1,1,0,0,1,1,1,1,0,Tuberculosis
0,0,0,0,1,0,1,1,1,1,1,0,1,0,0,0,1,0,1,1,1,0,1,0,1,0,Migraine
1,1,1,1,1,1,1,1,1,1,1,0,0,1,1,1,1,1,0,0,0,1,0,0,0,1,Chickenpox
1,1,0,0,0,1,1,0,1,1,0,1,1,0,0,0,1,0,0,0,0,0,0,1,1,0,Chickenpox
1,1,1,1,0,0,1,0,1,0,1,1,1,0,0,0,0,0,1,0,1,1,1,0,0,1,Asthma
0,1,0,1,0,0,0,1,0,0,0,0,1,0,0,0,0,0,0,0,1,1,0,0,1,1,Tuberculosis
0,0,1,0,1,1,1,0,1,0,1,1,1,1,0,0,1,1,0,0,1,0,0,1,1,1,Common Cold
1,0,1,1,1,1,0,0,1,1,0,0,0,1,1,1,1,1,1,0,1,1,1,1,1,1,Arthritis
0,1,1,0,1,1,0,1,1,0,0,0,0,0,0,1,1,1,1,1,1,1,1,0,1,0,Common Cold
0,1,0,0,1,1,0,1,0,1,0,0,1,1,1,0,1,1,0,0,1,0,1,0,1,0,Conjunctivitis
0,0,1,1,0,1,1,1,1,0,0,1,1,0,0,1,0,0,0,1,0,0,1,0,0,1,Malaria
0,1,1,1,0,1,1,1,1,0,1,0,1,1,0,0,1,1,1,0,1,0,1,1,0,1,Common Cold
0,1,1,0,1,0,1,1,1,0,1,0,0,0,0,0,1,1,0,0,1,0,1,0,0,0,Arthritis
0,1,1,1,1,0,0,0,0,0,0,0,1,0,0,1,0,1,1,0,0,1,0,0,0,1,Conjunctivitis
0,1,1,0,0,0,1,1,1,0,0,1,0,1,0,0,1,1,1,1,0,1,0,1,0,1,Asthma
0,0,0,0,1,0,1,0,1,1,1,0,1,1,1,1,0,1,1,0,1,1,1,1,0,0,Typhoid
0,1,1,1,0,0,1,0,1,1,1,0,1,0,0,0,0,0,1,0,0,1,0,1,0,0,Influenza
0,1,0,0,0,0,1,0,1,0,0,1,1,0,1,1,1,1,1,0,0,0,0,1,0,0,Meningitis
1,0,0,0,1,1,1,0,1,1,0,0,1,0,0,0,0,1,1,0,0,1,0,0,0,1,Heart Disease
0,1,1,1,0,1,0,0,0,0,0,1,0,0,1,1,0,1,1,0,1,1,1,0,1,0,Tuberculosis
1,0,1,0,0,0,1,0,0,1,0,1,0,0,1,0,1,1,0,1,1,0,0,0,0,1,Pneumonia
1,1,0,0,0,1,0,0,1,0,0,0,1,0,0,0,1,0,1,1,0,0,1,1,1,1,Influenza
1,1,1,0,0,1,1,1,0,0,0,1,0,1,1,1,1,1,1,0,1,0,1,1,1,0,Arthritis
0,0,1,0,0,0,1,1,0,1,1,0,0,0,0,1,1,0,0,0,1,0,1,0,0,0,Appendicitis
0,1,0,0,1,0,0,0,0,0,0,0,0,0,0,0,1,1,1,1,0,1,0,1,0,1,Heart Disease
0,0,1,0,0,0,0,0,1,1,1,0,1,0,1,0,0,0,0,1,1,0,1,0,1,0,Influenza
0,0,1,1,0,1,1,1,1,1,0,0,0,1,0,1,0,1,0,0,1,1,0,1,0,1,Hepatitis
1,0,1,1,0,1,1,0,1,1,1,0,1,1,1,1,1,1,0,1,0,1,1,1,0,0,Appendicitis
1,0,1,0,1,0,1,1,0,1,0,0,1,1,0,1,0,1,1,1,0,1,1,0,0,0,Gastroenteritis
0,1,0,1,0,0,0,0,0,1,1,0,1,1,1,1,0,1,0,0,1,1,0,0,1,1,Bronchitis
1,0,0,1,0,0,1,1,1,0,0,0,1,0,0,0,1,0,1,0,0,1,1,0,0,1,Gastroenteritis
1,1,1,1,0,0,0,0,1,1,0,1,1,1,1,1,0,1,1,1,0,1,0,0,0,0,Meningitis
1,1,1,0,0,0,0,1,0,0,1,0,1,0,0,1,0,0,1,0,1,1,1,1,0,1,Appendicitis
0,1,0,0,0,1,1,1,0,1,0,0,0,1,0,1,0,0,0,0,0,1,0,1,0,0,Heart Disease
1,1,1,0,0,0,0,0,1,1,0,1,1,1,1,1,1,1,1,0,0,1,1,0,0,1,COVID-19
1,1,1,0,1,1,1,0,0,0,0,0,0,1,1,1,1,1,1,0,0,1,0,1,0,1,Migraine
1,0,0,0,1,1,0,0,1,1,1,1,1,0,0,0,0,0,1,1,1,1,1,0,0,0,Pneumonia
0,1,0,1,1,1,1,1,0,0,1,0,0,1,1,0,1,0,0,0,1,1,0,0,1,1,Malaria
0,0,0,0,1,0,1,0,0,0,0,0,0,1,1,0,0,1,1,1,1,0,0,0,0,1,Heart Disease
1,1,1,1,0,1,0,0,0,0,1,0,1,1,0,1,1,0,0,1,1,1,0,0,0,0,Hepatitis
1,1,0,0,0,1,0,0,1,1,1,0,1,0,1,0,0,0,1,1,1,1,0,1,0,1,Common Cold
0,1,1,0,0,0,0,1,0,1,0,1,1,1,0,1,0,0,0,0,1,0,0,0,0,1,UTI
0,1,0,1,0,0,1,0,0,0,1,1,0,0,1,0,0,0,1,1,0,0,0,0,0,1,Heart Disease
1,0,1,0,0,1,0,1,0,1,0,0,0,0,1,0,1,0,0,1,0,1,0,0,1,0,Arthritis
0,1,0,1,0,0,1,1,0,0,1,1,0,1,0,0,1,0,0,1,1,0,1,0,0,1,Pneumonia
1,1,0,0,1,0,1,0,1,0,1,1,1,1,1,0,0,0,1,0,0,1,0,0,0,0,Heart Disease
0,0,1,0,1,1,0,0,1,0,0,1,0,0,1,0,1,0,1,0,1,1,0,0,1,1,Chickenpox
0,1,0,1,0,1,1,1,0,1,0,1,1,0,1,0,1,1,1,0,1,0,0,1,1,1,Malaria
0,0,1,1,1,0,1,0,1,1,1,1,1,1,0,0,1,1,1,0,1,0,1,1,0,0,UTI
0,1,0,0,0,0,0,1,0,1,0,1,0,1,1,1,1,1,0,1,1,1,0,0,0,0,Malaria
0,1,0,0,1,0,0,1,1,1,1,0,1,1,0,1,0,0,0,0,1,1,0,0,1,0,Influenza
1,1,0,0,1,1,0,1,0,1,1,1,1,0,1,0,1,0,0,1,0,1,0,0,1,1,Hepatitis
1,1,1,1,0,1,1,0,1,0,1,1,0,1,1,1,0,1,1,1,1,0,0,1,0,1,Food Poisoning
0,1,0,0,0,1,1,0,0,1,0,0,1,0,1,0,1,0,0,0,0,0,1,0,0,0,Conjunctivitis
0,1,1,0,1,0,1,0,1,1,0,1,0,0,0,1,0,1,0,0,1,1,1,1,0,0,Meningitis
1,1,1,0,0,1,0,0,1,1,1,0,0,0,0,0,0,1,1,0,1,1,1,0,0,0,Common Cold
0,1,1,0,1,1,0,0,1,1,0,0,0,0,0,0,0,1,0,1,1,0,1,1,1,0,Pneumonia
1,1,1,0,0,0,1,0,1,1,0,1,0,1,1,0,0,0,0,1,1,0,1,0,0,0,UTI
1,1,1,1,0,0,1,0,1,0,0,1,0,0,1,1,0,1,0,1,0,1,1,0,0,0,Meningitis
1,1,1,0,1,1,1,1,1,0,0,0,1,1,0,1,1,1,1,1,0,0,0,0,0,1,Chickenpox
0,1,0,0,1,1,1,0,0,0,0,0,1,1,0,0,1,0,1,1,0,0,0,1,1,1,Appendicitis
1,1,1,1,1,1,0,0,0,1,1,1,0,0,1,1,0,0,0,0,0,0,1,0,0,1,Bronchitis
0,1,0,0,0,1,1,0,0,0,0,0,0,0,1,1,0,1,1,0,0,1,0,1,0,0,Hepatitis
1,1,1,1,0,1,0,0,1,1,0,1,0,0,1,0,0,1,1,0,1,0,1,1,0,0,Appendicitis
1,1,0,1,0,1,0,1,0,0,0,0,1,1,0,1,0,0,1,0,0,0,0,1,0,0,Chickenpox
0,0,1,1,1,0,0,1,1,0,1,0,0,0,0,0,1,1,0,1,1,0,1,1,1,1,Asthma
0,0,1,0,0,0,1,0,1,1,0,0,1,1,1,0,0,0,0,1,1,0,1,0,1,0,Dengue
1,1,1,1,0,0,0,1,1,0,1,1,0,0,0,0,0,0,1,1,0,1,1,0,0,1,Bronchitis
1,0,0,1,0,0,1,1,1,1,0,0,1,0,0,0,0,0,1,1,0,0,1,1,0,0,Malaria
0,1,1,0,0,1,1,1,1,0,1,1,1,0,1,1,0,1,1,1,1,0,0,1,1,0,Chickenpox
1,0,1,0,0,0,0,1,1,1,0,0,1,1,1,1,0,0,0,0,1,0,0,1,1,0,Gastroenteritis
1,1,0,0,1,1,0,1,1,0,1,1,0,0,1,0,1,1,1,1,1,1,1,1,1,1,Malaria
0,0,1,0,1,0,0,0,0,0,0,0,1,1,0,1,1,1,1,0,1,0,0,0,1,0,Asthma
0,1,1,0,0,0,0,0,0,1,0,0,0,0,1,0,0,1,1,0,0,0,1,0,1,0,Gastroenteritis
1,1,1,0,0,0,0,0,0,1,1,0,0,1,0,0,1,1,0,1,1,1,0,1,0,0,Appendicitis
0,1,0,0,1,0,1,1,0,1,1,0,0,0,0,0,1,1,0,0,1,1,0,0,1,1,UTI
0,1,1,0,1,0,0,0,0,1,0,1,1,1,0,0,1,1,1,1,1,0,1,1,1,0,Pneumonia
0,0,1,1,1,1,1,0,1,0,0,0,0,0,1,0,1,1,0,0,1,0,1,1,0,0,Dengue
1,0,0,1,1,1,0,1,0,0,0,1,0,0,1,1,1,0,1,0,0,0,1,0,0,0,Common Cold
1,0,0,0,1,0,1,1,1,1,0,0,1,1,0,1,1,1,0,0,1,0,1,1,1,1,Migraine
1,0,0,0,1,1,0,1,0,1,0,0,1,1,1,0,0,1,1,1,0,1,1,0,1,0,Dengue
1,1,1,1,0,1,1,0,1,0,0,1,1,1,0,0,0,1,1,0,1,1,0,0,0,1,Appendicitis
0,0,0,1,0,0,1,1,1,1,1,1,1,1,1,0,1,1,1,1,0,1,1,0,1,0,Dengue
1,1,0,1,0,0,0,0,0,1,1,1,1,1,0,0,1,0,1,1,0,1,1,0,0,0,Pneumonia
1,0,0,0,0,1,1,1,1,0,1,0,1,0,0,1,0,1,1,0,1,0,0,1,1,0,Meningitis
0,1,0,0,0,1,0,1,0,1,1,1,1,0,1,1,1,0,0,1,1,1,0,1,1,0,Migraine
1,0,1,1,0,0,0,1,0,1,0,0,0,1,1,0,0,1,1,1,0,0,0,1,0,1,Meningitis
0,0,0,0,1,1,0,0,1,1,1,1,1,0,1,1,0,1,1,0,0,1,1,1,1,1,Bronchitis
1,0,0,1,1,1,1,1,0,0,0,0,1,1,0,1,1,0,1,0,0,0,0,1,0,1,Bronchitis
0,1,1,1,0,0,0,0,0,0,0,0,1,0,1,1,0,1,1,1,0,0,1,0,0,1,Food Poisoning
0,1,0,0,0,0,0,0,0,0,0,1,1,1,0,1,1,1,0,0,0,0,1,0,0,1,Typhoid
0,0,1,0,1,0,1,0,1,1,0,1,1,0,1,0,0,0,1,0,0,1,1,0,1,0,Hepatitis
0,0,1,1,1,1,0,0,0,0,1,0,1,0,0,0,1,1,1,1,1,1,1,0,0,0,COVID-19
0,1,1,1,0,0,0,0,1,1,0,1,0,0,0,1,0,1,0,0,1,1,1,1,0,1,Dengue
0,0,1,1,1,1,0,0,1,1,0,1,1,1,1,1,0,0,0,0,0,0,1,1,0,1,Migraine
1,1,0,1,1,1,0,1,0,1,0,1,0,0,1,1,0,1,1,0,0,0,0,1,0,1,Tuberculosis
1,1,0,1,1,0,1,1,1,1,1,1,1,1,1,0,0,1,1,1,0,0,0,0,1,0,Appendicitis
0,0,1,0,0,1,1,1,1,1,1,0,1,0,1,0,0,1,0,1,0,1,0,0,0,0,Tuberculosis
1,0,1,1,0,0,1,0,1,1,1,1,1,0,1,1,0,1,1,1,0,0,0,1,0,1,Migraine
1,0,0,0,0,1,0,0,0,1,1,0,1,0,1,0,1,1,0,0,0,1,0,1,1,0,Appendicitis
0,1,0,1,0,0,1,0,1,0,1,0,0,0,1,0,1,1,0,1,1,0,1,0,0,1,Conjunctivitis
1,1,1,0,0,0,0,1,1,1,0,1,1,0,1,1,0,0,0,0,0,0,0,0,1,1,Arthritis
0,0,1,1,1,0,1,0,0,1,0,1,0,1,1,1,0,0,0,0,0,0,0,0,0,1,Bronchitis
1,0,0,0,1,0,1,1,0,0,0,1,0,0,1,1,1,1,0,0,0,0,0,0,1,1,UTI
0,1,0,0,1,0,0,1,1,1,1,0,1,1,1,1,0,1,1,1,1,1,1,0,1,0,Food Poisoning
0,0,1,1,0,1,0,1,0,0,1,1,1,1,1,1,1,1,1,0,1,1,0,0,1,0,Bronchitis
0,0,1,0,0,0,1,1,1,0,1,0,1,0,1,0,1,0,1,1,0,1,0,0,0,1,Pneumonia
1,0,1,0,0,1,0,1,0,0,1,0,1,0,1,0,0,1,1,0,0,1,1,0,0,1,Migraine
1,1,1,1,0,1,1,1,0,1,1,1,1,1,0,1,0,0,0,1,1,0,0,1,0,0,Dengue
0,1,1,0,0,1,0,0,0,1,1,1,0,0,1,1,0,1,0,1,1,0,0,0,0,1,Tuberculosis
0,1,0,0,1,0,1,1,0,1,1,1,0,0,1,0,1,1,0,1,1,1,0,1,0,0,Influenza
0,0,1,1,0,1,0,0,0,1,0,1,0,0,1,0,1,0,1,0,0,1,0,0,0,1,Appendicitis
1,0,1,0,1,0,0,1,0,1,1,1,1,1,1,1,1,0,0,1,1,0,0,1,1,1,Heart Disease
1,1,1,1,1,0,1,1,0,1,1,1,1,0,0,1,0,1,0,1,1,1,1,1,1,0,Influenza
1,1,0,0,0,1,1,1,0,1,1,1,1,0,0,1,0,0,0,0,1,1,0,0,0,1,Dengue
1,0,0,1,0,0,1,1,0,0,1,1,0,1,1,1,0,0,1,1,0,0,1,0,1,0,Heart Disease
0,0,1,0,0,0,1,0,1,0,0,0,0,1,0,0,0,1,0,1,0,1,0,0,1,1,Asthma
0,0,1,1,1,1,1,1,0,1,0,0,0,0,0,1,1,1,0,0,0,0,1,0,1,0,Heart Disease
0,0,1,1,0,0,0,1,1,0,0,1,0,0,1,1,1,1,0,1,1,1,0,1,1,1,Typhoid
0,1,1,1,1,0,0,0,1,0,1,0,0,0,0,1,0,0,1,1,0,1,0,1,0,1,Heart Disease
1,0,0,0,1,0,1,1,1,1,1,0,1,1,1,0,1,1,0,1,1,0,1,1,0,1,Common Cold
0,1,0,0,0,0,1,0,1,0,1,1,1,1,1,0,1,1,1,1,0,1,1,1,1,0,Migraine
1,0,1,1,0,0,1,0,0,1,1,1,1,1,0,1,0,0,0,0,1,1,0,1,1,1,Meningitis
0,0,1,0,0,1,1,1,0,1,1,0,0,1,0,1,1,0,0,0,0,1,1,0,1,0,Tuberculosis
1,1,1,1,0,0,0,0,0,1,1,0,0,1,1,1,1,1,1,1,0,1,1,1,1,1,Asthma
1,0,0,0,0,0,1,1,0,0,1,1,1,0,1,0,0,0,1,0,1,0,1,0,0,1,Influenza
0,1,1,0,1,1,0,1,1,1,1,0,0,1,1,1,1,0,0,0,0,0,1,0,0,1,Common Cold
0,1,0,0,0,1,0,1,0,1,1,1,0,0,1,1,0,1,0,1,0,0,0,0,0,1,Influenza
1,1,0,0,0,1,0,1,0,0,0,1,0,1,0,0,0,1,1,1,1,0,0,0,1,1,Migraine
1,1,0,0,1,1,0,1,0,1,1,1,1,0,1,1,1,0,0,1,0,1,0,0,0,0,UTI
1,0,0,1,0,1,1,0,1,1,0,1,0,0,0,1,0,1,1,1,0,0,0,0,1,0,Migraine
1,1,0,0,1,1,0,1,0,1,1,1,1,0,0,0,0,0,0,1,1,1,1,1,1,0,Pneumonia
0,1,0,1,0,0,1,1,0,1,1,0,0,0,1,0,1,1,0,0,0,0,0,0,0,0,Malaria
0,0,1,0,1,0,1,1,1,0,1,1,1,1,0,0,0,0,1,1,1,1,0,0,0,0,Tuberculosis
1,0,1,1,0,1,1,1,0,1,1,1,1,0,1,1,0,1,0,1,0,0,1,0,1,0,Asthma
0,0,0,0,1,1,0,1,1,0,0,1,1,1,1,0,1,1,0,1,0,0,0,0,0,0,Common Cold
1,0,0,1,1,0,0,0,1,1,0,1,1,0,0,0,0,1,1,0,1,0,1,1,0,1,Malaria
1,0,0,1,0,0,0,0,0,1,1,0,1,0,0,1,0,0,0,0,1,1,1,1,1,1,Meningitis
0,0,1,0,1,0,0,1,0,1,0,0,1,0,0,1,1,1,0,0,0,0,1,0,1,1,COVID-19
0,1,1,0,0,0,1,1,0,0,1,0,0,0,0,0,1,0,1,1,0,1,1,1,1,1,Conjunctivitis
1,0,1,0,0,0,1,1,1,0,0,0,1,0,0,1,0,0,0,0,1,0,1,0,0,0,Pneumonia
0,1,0,0,0,1,0,0,0,0,1,1,0,1,0,1,0,0,0,1,1,1,1,0,0,0,Migraine
0,1,1,0,1,1,1,1,1,1,1,0,0,1,0,1,0,0,1,1,1,0,1,0,1,1,Arthritis
1,0,1,0,0,0,0,1,0,1,1,1,0,0,0,1,1,0,0,1,1,1,0,1,1,1,Hepatitis
0,1,1,0,0,1,0,0,0,1,1,1,1,0,1,1,1,1,0,1,0,1,1,1,1,1,Gastroenteritis
1,1,1,0,1,0,0,1,1,1,1,0,1,1,1,1,1,0,0,0,1,1,1,1,0,1,Chickenpox
1,0,1,0,1,0,1,0,0,0,0,0,0,0,0,1,1,1,0,0,0,0,0,1,0,0,Heart Disease
0,1,1,1,1,0,1,0,0,1,1,1,1,0,0,0,1,1,0,0,0,1,0,0,0,0,Asthma
1,1,1,0,1,0,1,1,1,1,0,1,0,0,1,1,1,0,1,1,0,0,0,0,1,0,Pneumonia
1,1,0,0,1,0,0,0,1,1,0,1,0,0,1,1,1,0,1,0,0,1,1,1,1,0,Gastroenteritis
0,0,1,1,1,0,1,1,0,0,0,1,1,1,0,0,1,0,1,1,0,1,0,1,0,0,Influenza
1,0,1,0,1,1,1,0,0,1,1,0,0,0,1,1,0,1,0,0,0,1,1,1,1,0,Meningitis
1,1,1,1,1,1,0,1,1,0,1,1,0,0,0,1,0,0,0,1,0,1,1,1,0,1,Typhoid
0,0,0,1,1,1,0,1,0,1,0,0,0,0,1,1,1,1,0,1,0,0,1,0,1,0,Bronchitis
1,0,0,1,1,1,1,0,1,1,0,1,1,0,1,1,1,1,0,1,0,1,1,0,1,1,Arthritis
1,0,0,1,1,1,1,0,0,1,1,1,0,0,0,1,0,1,1,1,1,1,0,0,1,0,Meningitis
0,0,0,1,0,1,1,1,0,0,0,1,0,1,0,1,0,1,0,0,0,1,1,0,0,1,COVID-19
0,1,0,1,0,0,1,0,0,0,1,1,0,0,0,0,1,0,0,0,0,1,0,0,1,1,Typhoid
0,0,1,1,0,1,1,0,1,0,0,0,1,0,1,1,1,0,0,0,1,0,1,0,0,1,Arthritis
0,1,1,1,0,1,0,1,0,0,1,0,1,1,0,1,0,0,0,1,0,1,0,1,1,1,Typhoid
0,0,0,1,1,1,1,0,0,1,1,0,1,1,0,1,0,1,1,0,1,1,0,1,1,0,Appendicitis
1,0,0,0,0,0,1,0,0,0,1,0,0,1,0,0,0,1,0,0,1,1,0,1,0,1,Tuberculosis
0,1,1,1,1,0,1,0,1,0,0,0,1,1,1,0,0,0,1,1,1,1,0,1,0,1,Conjunctivitis
1,1,1,1,0,0,1,0,0,1,0,0,0,0,0,0,1,1,1,1,0,0,1,0,1,0,Appendicitis
1,1,1,0,0,1,0,0,1,1,1,0,1,1,0,1,0,1,0,1,0,0,1,0,0,1,Dengue
0,0,0,0,0,0,0,0,1,0,1,0,0,0,0,1,1,1,0,1,0,0,1,1,0,1,Food Poisoning
0,1,1,1,1,0,1,1,1,0,1,0,1,1,1,0,0,1,1,1,1,1,1,0,0,0,Heart Disease
0,0,0,1,1,0,0,1,1,0,1,1,1,0,0,1,1,1,0,0,1,0,1,1,0,0,Food Poisoning
0,1,0,0,1,1,1,0,0,0,1,0,0,0,0,0,1,0,1,1,1,0,1,0,1,1,Bronchitis
1,0,1,0,0,1,1,1,1,0,0,0,1,1,0,1,1,1,0,1,0,0,1,0,1,1,Typhoid
1,0,0,1,0,1,1,1,0,0,0,1,0,1,0,0,1,1,0,0,0,1,0,1,1,1,Dengue
0,0,1,1,1,0,1,1,1,0,0,0,0,1,1,1,1,1,0,0,1,0,1,0,0,1,Bronchitis
0,0,0,0,1,1,0,0,1,0,0,1,1,1,0,1,0,0,1,1,1,1,0,1,0,1,Asthma
1,0,0,0,1,1,0,0,1,1,0,0,1,0,0,1,1,0,0,1,0,1,1,1,0,0,Appendicitis
0,1,0,1,0,1,1,1,1,0,1,0,1,0,0,1,1,1,0,1,1,1,0,1,0,1,Conjunctivitis
0,1,0,1,0,0,1,0,0,1,1,1,0,1,1,1,0,0,0,1,1,0,0,1,0,1,Malaria
0,0,1,1,1,1,0,1,0,0,1,0,0,1,0,0,0,1,0,0,1,1,0,1,0,1,Malaria
0,1,0,0,1,1,0,1,0,0,0,0,0,0,1,0,0,0,0,1,0,0,0,1,1,1,UTI
0,0,0,1,0,1,1,1,1,1,1,1,1,0,0,1,0,1,1,0,0,0,1,0,0,1,Pneumonia
1,1,1,1,1,1,0,0,0,0,1,1,0,0,1,0,1,0,1,1,0,0,1,1,0,0,Heart Disease
1,1,1,0,0,0,0,1,0,1,1,0,0,0,1,1,1,1,0,1,1,1,0,1,0,0,Tuberculosis
1,0,0,0,0,0,1,1,1,1,0,0,1,1,1,1,0,1,1,1,0,0,1,0,0,0,Migraine
1,0,0,0,1,1,1,1,1,0,1,0,1,1,1,1,1,0,0,0,0,1,0,1,0,1,Tuberculosis
1,1,0,0,0,1,0,1,0,1,1,1,0,0,0,0,0,0,0,0,0,1,0,1,0,0,Heart Disease
0,0,0,1,1,1,1,1,0,0,1,1,1,1,0,0,0,1,1,1,1,0,1,1,1,0,Bronchitis
1,1,1,0,1,1,1,1,1,0,0,1,1,0,1,0,1,0,0,1,1,1,0,1,1,0,Conjunctivitis
0,1,1,1,0,1,0,1,0,1,0,1,0,0,1,1,1,1,1,1,1,1,1,1,1,0,UTI
0,0,1,0,0,0,0,1,1,1,0,0,0,0,0,1,1,1,1,1,1,1,0,0,0,0,Arthritis
1,0,0,0,0,0,0,0,1,0,1,0,0,1,1,0,0,0,1,1,0,1,1,1,0,1,Hepatitis
0,0,0,0,1,1,0,0,0,0,0,1,0,1,0,1,0,1,1,0,0,1,1,0,0,1,Heart Disease
0,0,1,0,0,1,0,1,0,0,1,0,0,0,0,0,1,0,0,0,1,1,0,1,1,0,Chickenpox
1,1,0,0,0,1,0,1,0,1,1,1,0,1,1,1,0,0,1,1,1,0,1,1,0,1,Asthma
1,1,0,0,0,0,1,0,0,0,1,1,0,1,1,1,0,0,0,1,1,1,1,1,0,1,Bronchitis
0,1,0,0,0,1,1,1,0,0,1,1,1,0,0,1,1,1,1,1,0,0,1,1,1,1,Conjunctivitis
1,0,0,1,1,1,1,0,1,0,1,1,1,1,0,1,0,0,0,0,0,0,0,0,0,1,Influenza
0,0,1,1,1,1,0,0,1,1,1,0,1,0,1,0,1,1,0,0,0,0,1,0,0,1,Tuberculosis
0,0,0,0,0,0,1,1,1,1,1,0,1,1,0,1,0,0,1,1,0,1,0,0,0,1,Chickenpox
1,0,0,1,0,0,1,1,0,0,0,1,0,0,0,1,0,0,1,0,1,0,1,1,1,1,Bronchitis
0,1,1,0,0,0,0,1,0,0,1,0,0,1,1,0,1,0,1,1,0,1,0,0,1,1,UTI
0,0,0,0,0,1,0,1,1,1,1,0,0,0,0,1,1,1,1,0,0,1,0,1,0,1,Bronchitis
0,0,1,1,0,0,0,1,0,0,0,0,0,0,1,0,0,0,0,0,0,0,0,1,1,1,Dengue
1,0,0,1,0,1,1,1,1,1,1,0,1,0,0,1,1,0,0,1,0,0,1,1,0,1,Chickenpox
0,0,0,1,0,0,0,1,1,1,0,0,0,1,1,0,0,1,1,0,0,0,0,1,0,0,Malaria
1,1,1,1,0,0,0,0,1,0,0,0,1,0,1,0,1,0,0,0,0,0,0,0,1,1,Pneumonia
1,0,0,1,1,0,0,1,1,0,1,0,1,0,1,0,1,0,1,1,0,1,1,0,0,1,Malaria
0,0,0,1,0,0,0,1,0,0,0,1,1,0,0,1,0,1,0,0,1,0,1,1,0,0,Appendicitis
0,1,1,1,0,1,1,0,1,1,1,1,0,0,0,1,0,0,1,1,1,0,1,0,0,0,UTI
0,1,0,1,0,1,0,0,0,1,1,0,1,0,0,1,1,0,0,1,0,1,0,0,0,0,Typhoid
0,0,1,1,0,0,1,0,1,1,1,0,0,1,1,1,1,1,1,1,1,1,0,0,1,1,Heart Disease
0,1,1,1,1,1,0,0,0,0,0,1,0,0,1,0,0,1,1,1,1,1,1,1,1,0,Asthma
0,0,0,0,1,0,1,0,1,0,1,0,1,1,1,0,0,0,1,0,0,0,0,1,0,0,Asthma
1,1,1,1,1,1,0,0,1,0,0,1,0,0,1,0,0,1,0,0,1,0,1,1,1,1,Meningitis
0,0,1,0,0,0,1,1,1,0,0,1,1,1,0,0,1,1,0,1,0,1,1,0,1,0,Influenza
1,1,1,1,0,1,0,1,1,0,0,1,0,0,0,1,0,0,1,1,0,1,1,0,0,0,Hepatitis
1,0,1,0,1,0,1,1,0,1,1,1,1,0,1,1,0,1,0,1,1,0,0,1,1,1,Asthma
0,1,1,0,1,1,0,0,1,0,1,1,0,1,1,0,1,0,1,1,1,0,0,1,0,1,Arthritis
1,0,1,0,0,0,0,1,0,1,1,0,0,0,1,1,1,0,0,0,0,1,1,0,1,0,Food Poisoning
0,1,0,0,1,1,1,1,1,1,0,0,1,1,1,1,1,1,0,0,0,1,0,1,0,1,Typhoid
0,1,1,0,0,1,1,0,1,0,0,1,0,1,1,1,1,0,0,1,1,0,0,1,1,1,Tuberculosis
1,0,0,1,1,1,1,0,0,1,1,0,0,1,0,0,1,0,1,0,1,1,1,1,0,1,Common Cold
1,1,0,0,1,1,1,0,0,0,0,0,1,0,0,1,1,1,1,1,0,0,0,1,0,0,Bronchitis
0,0,0,0,0,1,0,1,1,1,0,1,0,1,0,1,0,1,1,1,1,1,1,1,1,0,Appendicitis
1,0,1,0,0,1,0,1,1,0,0,0,0,0,0,1,0,0,0,0,0,0,0,0,0,0,Dengue
0,1,0,1,1,1,0,1,0,0,0,0,1,0,1,1,1,1,1,0,0,0,1,0,1,0,Pneumonia
1,0,1,1,0,1,0,1,1,0,0,1,1,0,1,0,0,0,1,1,0,0,0,1,0,0,Asthma
1,0,1,1,1,0,1,0,0,1,1,1,1,1,1,0,0,1,1,0,0,1,1,1,0,0,Pneumonia
1,0,0,1,0,0,0,0,1,0,1,0,1,1,0,1,1,1,1,0,0,1,0,1,1,1,Hepatitis
1,0,0,0,0,0,1,0,0,1,0,1,1,1,0,0,0,1,1,1,1,0,0,1,0,0,Gastroenteritis
0,0,0,1,0,1,0,0,1,0,1,0,1,1,0,1,0,1,0,0,0,1,0,0,0,0,Common Cold
0,1,1,0,1,0,1,1,0,0,0,1,1,0,0,1,1,0,1,1,0,1,0,0,1,0,Food Poisoning
0,1,0,1,0,0,0,1,1,0,0,1,1,0,0,1,1,0,1,0,1,1,1,0,0,1,Pneumonia
1,0,0,0,1,0,0,0,1,1,1,1,0,1,0,1,1,0,1,0,1,0,1,1,0,1,Chickenpox
1,0,1,0,1,0,1,0,1,0,1,0,1,0,0,1,1,0,1,0,0,1,0,0,0,0,Meningitis
1,0,0,0,0,0,1,1,1,0,1,0,0,1,0,0,1,1,1,0,0,1,1,1,1,0,Pneumonia
1,0,0,0,1,0,1,1,0,1,0,0,0,1,0,1,1,1,0,1,1,1,0,1,0,0,Conjunctivitis
1,1,0,0,1,1,1,1,1,0,0,1,0,1,1,0,0,0,1,0,1,1,1,0,1,0,Malaria
0,1,0,0,1,0,0,1,0,0,0,1,1,0,1,1,1,0,0,0,0,1,0,0,0,1,Appendicitis
1,1,0,1,0,0,1,1,1,0,0,0,0,1,0,1,1,1,1,1,0,1,1,0,0,0,Migraine
1,1,1,1,0,0,1,0,0,1,1,0,1,1,1,1,1,0,1,0,0,0,1,0,0,1,Asthma
0,1,1,1,1,1,0,1,1,0,1,1,1,0,1,0,0,1,0,1,0,1,0,1,0,0,Conjunctivitis
0,1,1,1,1,1,1,0,0,1,0,0,1,0,1,0,0,1,1,0,1,0,0,0,1,0,Migraine
1,0,1,0,1,1,0,1,0,1,0,0,1,0,0,1,0,0,1,0,0,1,0,1,0,0,Meningitis
1,1,0,0,0,1,1,1,1,0,1,1,1,1,0,0,0,0,1,1,1,0,1,1,1,0,Hepatitis
1,1,1,1,1,0,1,0,1,0,0,0,1,1,0,1,0,1,0,0,1,0,0,0,0,1,Typhoid
1,0,1,0,1,1,1,1,0,0,1,1,1,0,0,0,0,0,1,1,1,1,1,0,1,1,Pneumonia
1,0,0,1,1,1,0,0,0,1,0,1,1,1,0,0,1,0,1,1,0,1,0,0,1,0,Hepatitis
1,1,0,1,1,1,0,0,0,1,0,0,0,1,1,1,0,1,0,0,0,0,0,1,0,0,Pneumonia
0,1,1,0,1,1,0,1,0,0,0,0,0,1,0,0,1,0,1,0,1,0,0,1,0,1,Food Poisoning
0,1,0,1,1,1,1,1,0,1,1,0,0,1,0,1,1,1,0,1,0,0,0,1,1,0,Bronchitis
0,0,1,1,0,1,0,0,1,1,0,0,0,1,1,1,1,1,1,0,0,0,0,0,1,1,Asthma
1,0,1,1,0,1,0,0,1,1,1,1,1,1,0,1,0,0,1,0,1,1,0,0,1,1,Asthma
0,1,0,1,1,0,0,0,0,1,1,0,1,1,1,1,1,0,1,1,1,1,0,0,1,0,Heart Disease
1,0,1,0,1,0,1,1,0,1,1,1,1,0,1,0,0,1,0,0,0,0,1,0,1,1,Hepatitis
1,1,0,0,1,1,0,0,0,1,1,1,1,0,1,1,1,0,1,0,0,1,1,0,1,0,Gastroenteritis
1,1,0,0,1,1,1,0,1,1,0,0,0,0,1,1,1,0,0,0,0,0,1,1,0,0,Arthritis
1,0,1,0,0,0,1,0,1,1,0,0,0,1,1,0,1,1,0,0,1,0,0,0,0,0,Bronchitis
0,1,1,1,0,0,0,0,1,0,1,1,1,0,0,1,1,1,0,1,0,0,0,1,1,0,UTI
0,1,0,1,0,1,0,0,1,1,1,0,1,0,0,1,1,1,0,1,1,1,0,1,0,0,Gastroenteritis
0,0,0,1,0,0,0,1,1,1,1,1,0,1,1,0,0,0,0,1,1,1,1,0,1,0,Dengue
1,1,0,0,1,0,1,0,0,0,1,1,0,0,1,1,1,0,1,0,0,1,1,1,0,1,Malaria
1,1,1,1,1,1,1,0,1,1,0,0,0,1,0,1,1,0,1,0,0,0,1,0,1,1,Dengue
1,0,0,1,0,0,1,0,1,1,0,0,1,1,1,0,1,1,0,1,0,1,1,1,0,1,Appendicitis
0,0,1,0,0,1,0,0,0,1,1,1,1,1,1,1,0,1,1,1,1,1,0,1,0,1,Hepatitis
0,1,1,1,1,0,1,0,0,0,1,0,1,0,0,1,0,1,1,0,0,1,0,1,0,1,Food Poisoning
0,0,0,1,0,0,0,0,0,0,1,0,0,0,1,1,1,0,1,0,0,1,1,0,1,1,Arthritis
1,1,1,1,1,0,0,0,0,0,0,0,0,1,0,1,0,1,0,0,0,0,0,1,0,1,Asthma
0,1,0,1,0,1,0,1,0,0,1,0,1,1,1,1,1,0,1,1,0,0,0,1,0,1,Chickenpox
1,0,1,1,0,1,1,1,1,1,0,1,0,0,1,1,0,1,0,1,0,0,0,0,1,0,UTI
0,1,0,1,0,1,1,1,1,0,0,1,1,1,1,1,1,1,1,1,1,1,1,0,1,0,Gastroenteritis
0,1,0,1,1,1,1,1,1,1,1,0,0,1,1,1,0,1,0,0,0,1,1,0,1,1,Bronchitis
1,0,0,1,0,1,1,0,0,0,1,0,1,0,0,1,0,0,1,1,0,0,1,0,1,1,Migraine
1,1,1,0,0,1,1,1,1,0,1,0,0,1,1,1,0,0,0,1,1,1,0,1,0,1,Typhoid
0,1,1,0,0,0,0,0,1,0,0,0,1,1,1,0,1,0,1,1,1,1,1,0,1,0,Hepatitis
1,0,0,0,1,0,1,0,0,1,1,0,1,0,1,0,1,0,0,1,0,0,0,1,1,1,COVID-19
0,1,0,1,1,0,1,0,1,1,1,1,0,0,1,0,1,1,1,1,1,1,0,0,0,0,Asthma
0,0,0,1,1,0,1,1,1,1,1,0,0,0,0,1,1,1,0,1,0,0,1,1,1,1,Food Poisoning
0,1,1,1,1,0,0,1,0,0,1,1,1,1,0,1,0,1,0,0,1,0,0,1,0,1,UTI
1,0,0,1,1,0,1,1,0,1,1,1,1,1,0,0,0,0,1,1,0,1,1,0,0,1,Tuberculosis
0,0,1,1,1,1,0,1,0,0,0,1,1,0,1,1,0,0,0,1,1,0,0,1,0,1,COVID-19
0,1,0,1,1,0,0,1,0,1,0,1,1,1,1,0,1,1,1,1,1,1,0,0,1,0,Food Poisoning
0,0,1,1,1,1,1,0,1,0,0,0,0,0,1,0,1,0,0,0,1,1,0,0,0,1,UTI
0,0,1,1,1,1,0,0,0,1,1,0,1,1,1,1,1,0,1,1,1,0,0,1,0,1,Asthma
1,1,1,0,0,1,0,0,0,0,1,1,0,0,1,1,1,0,1,0,1,1,0,0,1,1,Migraine
0,1,1,0,1,0,0,1,0,0,1,0,1,0,0,1,1,0,0,1,0,1,0,0,1,0,Influenza
0,0,1,0,1,1,0,1,0,0,0,0,0,0,0,0,0,0,0,0,1,1,0,1,0,1,Heart Disease
0,0,1,0,1,0,0,0,0,0,1,1,0,0,1,1,1,1,0,0,0,0,0,0,0,0,Dengue
1,0,0,1,0,1,1,0,0,1,1,0,0,1,0,1,1,1,1,0,0,1,1,0,1,1,Hepatitis
1,1,0,0,0,0,1,0,1,1,1,0,1,1,0,1,1,0,1,0,1,0,1,0,1,0,Heart Disease
1,1,0,1,1,1,0,1,1,1,1,1,1,0,0,1,0,0,0,0,1,1,0,1,1,0,Pneumonia
0,1,1,0,0,0,0,0,1,0,1,0,0,0,1,1,0,1,1,0,1,0,0,1,0,1,Hepatitis
1,1,1,1,0,0,0,0,1,0,1,1,0,0,1,1,1,0,0,1,1,0,0,0,0,0,Hepatitis
1,0,0,0,1,0,0,1,1,0,0,0,1,0,0,0,0,0,0,1,0,1,1,0,0,0,UTI
0,1,1,0,0,1,1,0,0,1,1,1,1,0,1,0,1,0,0,0,1,0,1,0,1,1,Tuberculosis
1,0,0,1,1,1,1,0,1,0,0,0,1,0,1,0,0,1,1,1,1,0,1,0,1,0,Food Poisoning
0,0,0,0,1,0,1,0,1,0,0,0,1,0,1,0,1,1,1,0,0,1,1,1,1,0,Common Cold
1,0,1,0,0,0,1,0,0,0,0,1,1,0,1,0,1,0,1,1,0,1,1,1,0,0,COVID-19
1,1,0,0,0,0,1,0,1,0,1,1,0,1,1,1,1,0,1,0,0,1,0,1,0,0,UTI
1,1,0,1,0,0,0,1,0,0,0,0,0,0,0,0,0,0,0,1,0,0,0,0,1,1,Heart Disease
0,1,1,0,1,1,0,1,1,0,1,1,1,1,0,1,0,0,1,0,1,1,1,0,1,0,Food Poisoning
0,1,1,0,1,0,1,1,1,1,0,0,1,0,0,0,1,1,0,1,0,1,1,1,1,0,Tuberculosis
1,0,0,0,0,1,1,0,1,0,0,0,0,0,1,0,0,1,0,0,1,0,1,1,0,0,Malaria
1,1,0,0,1,0,0,1,0,1,0,1,0,1,1,0,1,1,1,1,1,0,1,1,1,0,Pneumonia
0,0,1,0,0,1,1,0,1,1,1,0,0,1,0,0,1,0,1,1,0,1,1,1,1,1,Conjunctivitis
1,0,1,1,0,1,0,0,1,0,1,0,0,1,0,1,1,0,0,0,1,1,1,0,0,1,Asthma
0,0,1,0,0,1,0,0,0,0,0,0,1,0,1,1,1,0,0,1,1,0,1,1,0,0,Bronchitis
0,0,0,1,0,1,1,1,0,1,1,0,0,0,1,0,1,1,0,0,0,0,1,1,0,1,Malaria
0,0,0,0,1,1,0,1,0,1,1,1,0,1,0,1,1,1,0,0,1,0,0,0,1,0,Arthritis
1,1,1,0,1,0,0,1,1,1,0,0,0,0,1,1,1,1,0,0,0,0,0,0,1,0,Pneumonia
1,0,0,0,1,1,1,1,0,0,1,0,0,1,1,1,1,1,1,1,0,1,1,1,1,0,Tuberculosis
1,0,0,1,0,1,1,0,0,1,0,1,1,0,0,1,0,0,1,0,1,0,1,1,1,0,Meningitis
1,1,1,0,0,1,1,1,1,0,0,1,0,0,0,1,1,0,0,0,1,1,1,0,0,1,Pneumonia
1,0,1,0,0,1,0,1,0,0,0,1,1,1,1,0,1,0,0,1,0,1,0,0,1,1,Food Poisoning
0,1,1,1,1,0,0,0,1,1,1,0,0,0,1,0,0,1,1,1,0,0,0,0,0,0,Chickenpox
1,0,1,0,0,1,0,0,0,0,0,0,0,1,0,0,1,1,0,0,0,0,0,1,1,0,Hepatitis
0,1,0,0,0,0,1,0,1,1,0,1,1,1,0,1,0,0,1,1,0,1,1,0,1,1,Tuberculosis
1,1,0,0,0,0,1,0,1,0,1,1,1,1,0,1,0,1,0,0,0,1,1,0,1,1,Malaria
0,0,1,0,0,1,1,1,0,0,1,0,0,0,0,0,1,0,1,0,1,1,1,1,1,1,Hepatitis
0,1,0,0,1,0,0,1,1,0,1,1,1,1,0,0,0,1,1,0,0,0,1,1,0,0,Tuberculosis
1,0,0,0,0,1,0,1,0,1,0,1,1,1,0,1,1,0,1,1,0,1,0,0,0,0,Bronchitis
1,0,1,0,1,1,1,0,0,0,0,0,0,1,0,0,0,0,0,1,1,1,1,1,1,1,Asthma
0,0,0,1,1,1,0,1,1,0,1,1,0,0,0,0,1,1,1,0,1,0,1,1,1,0,Tuberculosis
0,1,0,1,0,0,1,1,0,1,0,0,1,1,0,0,0,1,0,0,1,0,1,0,0,0,Pneumonia
1,0,1,0,0,0,0,0,0,1,0,0,1,1,0,1,1,1,0,1,0,0,0,0,1,1,Common Cold
0,0,1,0,1,0,1,1,0,0,1,0,0,1,1,0,0,0,1,0,1,0,1,0,0,0,Influenza
1,1,0,1,1,0,0,0,0,1,0,1,0,0,0,1,1,0,0,0,0,0,1,1,1,1,Bronchitis
0,0,0,1,0,1,0,0,0,0,1,0,1,0,0,1,0,0,0,0,0,1,0,1,0,0,Typhoid
0,1,0,0,0,0,1,0,0,1,1,1,1,0,0,0,1,0,0,1,1,0,1,1,0,0,UTI
1,1,1,1,0,1,1,1,0,0,1,1,1,0,0,0,1,1,1,0,1,1,0,1,0,0,Conjunctivitis
0,1,0,1,0,1,0,1,0,1,0,0,0,0,0,1,0,0,0,0,0,1,0,1,1,1,Migraine
0,0,1,1,0,0,1,1,1,1,0,0,0,1,1,1,0,1,0,1,1,0,0,0,0,1,Chickenpox
0,0,1,1,0,1,0,0,0,1,0,0,1,1,1,1,0,0,1,0,1,1,0,0,1,0,Common Cold
0,0,1,0,0,1,0,0,1,1,1,0,1,1,0,1,0,1,1,1,1,1,1,1,0,1,Influenza
1,0,1,0,1,1,0,1,1,1,1,0,0,0,0,1,0,0,1,1,1,1,1,0,0,1,Asthma
1,1,1,1,1,0,1,1,0,0,1,0,0,1,1,0,1,0,0,1,0,0,1,1,0,0,Appendicitis
0,1,1,0,0,1,0,1,0,1,1,0,0,0,1,0,1,1,1,1,0,0,0,0,0,1,UTI
0,1,1,0,1,1,0,0,0,1,1,0,1,1,1,1,0,0,1,1,1,0,1,0,1,1,UTI
1,1,1,1,1,0,0,0,0,1,0,1,0,0,0,0,0,0,1,0,0,1,0,1,0,1,Food Poisoning
0,0,1,1,0,1,1,0,1,1,1,1,1,1,1,0,1,0,1,1,0,0,0,0,1,0,Typhoid
1,1,0,1,1,0,1,1,0,0,0,0,1,1,1,1,0,0,1,1,1,0,1,1,1,0,UTI
0,1,0,0,0,1,1,1,0,1,1,1,0,0,0,0,1,0,1,0,1,1,0,0,0,0,Chickenpox
0,1,1,0,1,0,1,1,1,1,1,1,0,0,1,0,1,1,1,1,0,0,0,1,1,0,Typhoid
0,1,0,0,0,1,1,0,1,0,1,0,1,0,1,0,1,0,1,1,0,1,0,1,0,1,Influenza
0,0,1,1,0,1,1,0,0,1,0,0,0,0,0,1,1,0,0,1,1,1,0,1,1,1,Hepatitis
0,1,0,0,1,1,1,0,1,1,0,0,0,1,0,0,1,1,1,0,1,0,0,0,0,1,Heart Disease
0,0,1,1,0,1,0,0,0,1,0,1,0,0,0,0,0,1,0,0,1,0,1,0,1,1,Asthma
1,0,0,0,0,1,0,0,1,1,1,1,0,0,1,1,0,0,1,1,0,0,0,0,0,0,Meningitis
1,1,1,1,0,1,1,1,0,0,1,1,0,1,0,1,1,0,1,1,0,1,1,0,1,1,Chickenpox
0,1,1,0,0,0,0,0,1,0,1,1,0,0,0,1,0,1,1,0,1,0,1,1,1,1,Heart Disease
0,1,0,1,1,0,0,0,1,1,0,1,0,0,0,0,0,0,0,0,1,0,0,1,1,0,Appendicitis
0,1,0,1,1,0,1,0,0,0,0,0,0,1,0,0,0,0,0,1,1,1,0,1,1,1,Arthritis
1,1,1,0,0,0,1,1,0,1,1,0,0,0,1,0,0,0,1,0,0,1,1,0,1,1,UTI
0,0,0,0,0,1,0,1,0,0,1,1,0,0,1,1,0,1,0,1,0,0,0,1,1,1,Bronchitis
0,0,1,1,1,0,0,0,1,0,0,1,1,0,1,0,1,1,1,0,0,0,1,0,1,0,Pneumonia
0,0,0,0,1,0,1,1,1,0,1,0,0,1,0,0,1,0,0,1,0,0,0,0,0,1,COVID-19
1,0,0,1,1,1,0,1,1,1,0,1,0,0,1,0,0,1,0,1,1,1,0,1,0,0,Heart Disease
0,1,0,0,1,0,1,1,1,0,0,0,1,1,1,0,0,0,0,0,0,1,0,0,1,0,Asthma
1,1,0,0,1,1,1,0,1,1,0,0,0,1,0,0,0,0,1,1,1,0,0,1,1,1,Typhoid
1,1,1,1,0,1,1,0,1,1,0,1,0,1,0,0,0,1,0,0,0,1,0,1,0,0,Typhoid
1,1,1,0,1,1,0,0,1,1,1,0,1,1,1,1,0,1,0,1,1,0,0,1,1,0,Chickenpox
1,0,0,1,0,1,0,1,0,1,1,0,1,1,1,0,0,0,1,0,1,1,0,0,0,0,Typhoid
1,1,1,0,0,1,0,0,0,0,1,0,1,1,1,1,1,0,1,1,1,0,1,0,0,0,Chickenpox
1,0,0,1,0,0,1,0,1,1,0,0,1,0,1,1,0,0,1,0,0,0,0,0,0,1,Pneumonia
1,0,1,0,1,0,0,1,1,0,0,1,0,0,1,1,0,1,0,0,1,0,1,0,0,1,Heart Disease
1,0,1,0,1,0,0,1,1,0,1,1,1,1,1,0,1,0,0,1,1,0,1,1,0,0,Migraine
0,1,1,0,0,0,0,1,1,1,1,0,0,0,1,0,1,1,0,0,1,1,1,1,1,1,Typhoid
1,1,1,0,1,0,1,0,1,1,0,0,1,0,0,0,1,1,1,0,1,0,1,0,0,0,COVID-19
1,0,0,0,1,0,1,0,0,1,0,1,0,0,1,0,0,0,0,1,0,1,1,1,1,0,Arthritis
1,1,0,0,1,1,1,0,1,1,0,0,0,1,1,1,0,0,0,0,0,1,1,0,1,0,COVID-19
1,1,1,1,0,1,0,1,0,1,1,0,0,0,0,0,0,1,1,0,0,0,1,0,1,0,Tuberculosis
0,0,1,0,1,1,0,1,1,0,1,1,1,0,0,0,0,1,1,0,1,1,0,0,1,1,Asthma
1,1,1,1,0,1,0,0,1,0,1,0,0,0,1,0,0,0,0,0,0,1,1,1,0,0,Conjunctivitis
1,1,0,0,1,0,1,1,1,1,0,0,1,0,0,0,0,1,0,1,0,1,0,0,1,0,Arthritis
0,1,1,0,1,0,0,1,0,1,1,0,1,1,1,0,0,1,1,1,1,1,0,1,0,1,Arthritis
0,0,1,0,0,1,0,0,1,1,1,0,0,0,0,1,0,1,0,0,1,0,1,0,0,1,Hepatitis
0,0,0,0,0,1,0,0,0,1,1,1,1,0,1,1,1,0,1,0,0,0,1,0,1,1,COVID-19
0,1,0,0,0,1,0,1,1,0,0,1,0,0,1,0,0,1,0,1,0,0,0,0,0,1,Gastroenteritis
0,0,0,1,1,1,0,1,1,0,1,1,1,0,0,1,1,1,0,1,0,0,1,0,1,0,Bronchitis
1,1,1,1,1,1,1,1,1,0,0,1,1,0,1,0,0,0,0,0,1,0,0,0,1,0,Bronchitis
0,1,0,1,0,1,0,1,0,0,1,0,1,0,1,1,1,0,0,0,0,1,0,0,0,0,Arthritis
1,0,1,1,1,0,0,1,1,0,0,1,0,1,1,0,0,0,1,1,1,0,0,1,1,1,Influenza
1,0,0,0,1,1,1,1,1,0,1,0,1,1,0,0,1,0,0,1,1,1,1,1,0,1,Typhoid
1,1,0,0,1,1,0,0,1,1,1,1,1,1,1,0,0,0,1,1,0,0,1,1,0,0,Influenza
1,0,0,1,1,1,0,0,0,1,0,1,1,1,0,0,0,0,1,1,0,0,0,0,0,0,Malaria
0,1,0,1,0,0,0,1,0,1,0,1,0,1,1,0,1,0,1,0,0,1,0,0,0,0,Arthritis
0,1,0,0,0,0,1,0,1,1,1,0,0,0,0,1,0,0,1,0,0,0,1,1,1,1,Influenza
0,1,1,0,1,0,0,1,1,1,1,0,0,1,1,1,0,1,0,1,0,1,0,1,1,0,Appendicitis
0,0,0,0,1,1,0,1,0,0,0,0,0,0,0,0,0,1,1,0,0,0,1,1,1,1,Appendicitis
1,0,1,0,1,1,0,1,1,0,1,1,1,1,1,0,0,1,0,0,1,1,1,1,1,0,Common Cold
1,1,1,0,0,1,1,1,1,1,1,1,1,1,1,1,1,0,0,1,1,0,1,1,1,1,Heart Disease
1,0,1,1,1,0,1,1,1,0,1,0,0,1,0,1,1,0,0,0,1,0,0,1,0,1,Food Poisoning
0,0,0,0,0,1,0,1,0,1,1,1,0,0,1,0,1,1,0,1,0,0,1,1,1,0,UTI
1,1,0,1,1,0,0,0,1,1,1,1,0,1,1,0,0,0,0,0,0,1,1,0,1,0,Influenza
1,0,0,1,0,1,0,0,1,0,1,1,1,0,1,0,0,1,1,0,1,1,1,1,1,1,Conjunctivitis
1,0,0,0,1,1,0,1,1,0,1,0,1,1,1,1,0,1,1,1,0,0,1,0,0,0,Common Cold
0,1,0,1,1,1,1,0,0,1,0,1,0,1,0,0,0,0,0,0,0,0,1,0,1,0,Chickenpox
0,1,1,1,1,0,0,0,0,1,0,0,1,1,0,0,0,0,0,1,0,0,0,0,1,1,Common Cold
1,1,0,0,1,0,1,0,0,1,0,1,0,1,1,1,1,0,1,0,1,0,1,0,0,0,UTI
0,1,1,0,0,0,0,1,1,1,1,0,0,1,0,1,1,1,0,0,1,0,1,0,0,0,Gastroenteritis
0,1,1,1,0,1,0,0,1,0,1,1,1,0,1,0,1,1,1,1,0,0,1,1,1,1,Dengue
1,1,0,0,0,1,0,0,0,0,0,0,0,1,1,0,1,1,1,0,1,0,0,0,0,1,UTI
0,1,1,0,1,0,0,1,1,1,1,1,1,1,0,0,1,0,1,1,0,0,1,1,1,0,Tuberculosis
1,0,1,1,1,0,1,1,0,0,0,0,1,0,0,0,1,1,0,1,1,1,0,1,1,0,Gastroenteritis
0,0,1,1,0,1,1,0,0,1,0,0,0,0,1,1,1,0,0,0,0,1,1,1,1,0,COVID-19
1,0,0,0,1,1,0,1,0,1,0,1,1,1,0,1,0,1,0,1,1,0,0,0,1,1,UTI
1,0,0,0,0,0,1,0,1,1,1,1,1,1,0,0,1,0,1,0,1,0,1,0,1,1,Influenza
1,1,0,1,1,1,1,0,1,0,0,0,0,0,0,0,1,0,0,0,1,1,0,1,1,0,Hepatitis
0,1,1,1,1,0,0,1,0,0,1,0,1,1,0,1,0,1,0,1,0,1,0,0,0,1,Chickenpox
1,0,1,1,0,1,0,0,0,1,1,0,1,1,0,0,1,0,0,1,0,0,0,0,0,0,Asthma
1,0,1,0,0,0,1,0,1,1,0,1,1,1,0,1,0,1,1,0,1,1,0,1,1,0,UTI
0,0,0,1,1,0,1,0,1,1,1,1,0,1,0,0,1,0,0,0,0,0,1,0,0,1,Conjunctivitis
0,1,1,0,0,1,1,0,0,1,1,0,1,1,1,1,1,1,1,1,0,0,1,0,1,0,Dengue
0,1,0,1,0,1,0,0,0,0,0,1,1,0,1,0,0,1,1,1,1,1,0,1,1,1,Migraine
0,0,0,0,0,0,1,1,1,1,1,0,0,0,1,1,1,0,1,1,1,1,1,0,1,1,Gastroenteritis
1,0,0,1,1,0,1,0,0,0,0,1,1,0,0,1,1,1,1,0,1,1,0,0,1,1,Arthritis
0,0,0,0,0,1,0,0,0,1,0,1,0,1,0,0,0,1,0,1,0,0,1,1,0,1,Hepatitis
0,1,1,1,0,0,1,0,1,1,0,1,1,1,0,0,1,1,1,0,1,1,0,1,1,1,Dengue
1,1,0,1,0,1,0,0,0,1,1,0,1,0,0,0,1,1,1,0,1,0,1,1,1,0,UTI
0,0,1,0,0,1,0,0,0,0,0,0,0,0,1,1,0,0,0,1,0,0,1,0,1,1,COVID-19
1,1,1,1,1,0,1,0,0,1,0,0,1,0,0,0,1,1,0,0,1,0,0,0,1,0,Meningitis
1,0,1,1,0,1,0,1,0,0,1,1,1,0,1,0,1,1,1,0,1,1,0,1,0,0,Meningitis
1,1,1,1,1,0,0,0,0,1,0,1,0,0,0,0,1,1,1,0,1,0,0,1,1,1,Malaria
0,1,1,0,1,0,0,0,0,0,0,1,1,1,0,1,0,0,1,1,0,1,1,1,0,0,Migraine
0,0,0,0,1,0,0,0,0,1,1,1,1,0,0,0,1,1,1,1,0,1,1,1,1,0,Bronchitis
1,1,1,0,1,1,1,1,0,1,0,1,1,1,0,0,0,0,1,0,0,1,0,1,1,0,Food Poisoning
0,1,1,1,0,0,0,0,1,0,0,1,0,0,1,0,1,0,0,1,0,0,0,0,0,1,Malaria
0,0,1,1,1,0,1,0,0,1,0,0,1,0,1,1,0,1,0,1,0,0,0,1,0,0,Gastroenteritis
1,0,1,0,0,1,0,0,0,1,1,1,0,1,1,1,0,0,1,1,1,0,0,0,1,1,Arthritis
1,1,0,0,0,1,0,0,1,1,1,0,0,1,0,0,1,0,0,1,1,0,0,1,1,1,Chickenpox
0,1,0,0,0,0,1,0,0,1,0,0,1,1,1,0,1,0,1,0,1,0,0,0,1,1,Hepatitis
0,1,0,1,1,0,0,1,1,1,0,1,0,0,0,0,1,0,1,0,1,0,0,1,0,1,Hepatitis
0,0,1,1,0,1,0,0,0,0,1,1,1,0,1,0,0,1,0,0,1,0,0,0,0,0,Dengue
0,0,1,1,0,1,1,0,0,0,0,0,0,1,1,1,0,1,0,0,1,0,0,1,1,1,Meningitis
0,1,0,1,0,1,1,0,1,0,0,0,0,0,0,1,0,0,1,0,1,1,0,0,0,1,Heart Disease
1,1,1,0,0,0,0,0,0,0,1,0,1,1,1,0,1,1,1,1,1,0,1,1,0,1,Common Cold
1,0,0,1,0,0,0,1,0,0,0,0,1,0,0,0,0,0,1,1,1,1,1,1,1,0,UTI
1,0,0,1,1,1,0,1,0,1,0,0,1,0,0,0,0,0,0,1,0,0,1,0,0,1,Meningitis
1,1,0,0,1,1,0,1,1,0,0,0,0,0,1,1,0,1,1,1,1,0,0,1,0,1,Typhoid
0,0,0,0,1,0,0,1,0,0,0,1,1,1,0,1,1,1,1,1,0,0,0,1,0,1,Bronchitis
0,1,1,0,1,1,0,1,1,0,1,1,0,1,0,0,0,0,0,1,0,1,0,1,1,1,UTI
0,0,1,0,0,0,1,0,1,0,0,1,1,1,1,1,0,0,0,1,1,0,1,1,0,0,Food Poisoning
0,0,1,1,0,0,0,0,0,1,1,0,0,1,0,0,0,1,0,1,0,0,0,0,0,1,Migraine
0,1,0,0,0,0,0,1,1,0,0,0,1,0,0,1,0,1,0,0,1,1,0,0,1,1,Conjunctivitis
1,1,0,0,0,1,1,1,0,1,1,0,1,1,0,1,0,1,1,1,1,0,1,0,1,0,Conjunctivitis
0,0,0,1,0,0,0,0,1,0,0,1,0,0,0,1,0,1,0,1,0,0,0,1,1,1,Asthma
0,1,1,1,1,0,0,1,0,1,0,0,1,0,1,0,0,0,0,0,1,0,0,1,1,0,Heart Disease
0,0,0,1,0,1,1,1,1,1,0,0,1,0,0,1,0,0,0,1,1,1,0,0,1,1,Chickenpox
0,0,1,1,0,0,1,0,0,1,1,1,0,1,1,1,0,1,1,0,1,0,0,0,1,1,COVID-19
0,0,0,0,0,1,0,0,1,1,0,0,1,0,1,0,0,1,1,1,0,0,0,1,1,0,Common Cold
1,0,1,1,0,0,0,1,0,0,1,1,0,0,0,0,1,1,1,1,0,0,1,0,0,0,Malaria
0,0,1,1,1,1,0,1,0,1,0,1,1,0,0,0,0,0,0,0,0,0,0,1,1,0,Food Poisoning
0,1,0,0,1,0,0,0,0,0,0,0,0,1,1,1,1,1,1,1,0,1,1,0,0,0,Bronchitis
1,0,1,1,1,1,1,0,0,1,1,1,1,0,1,1,0,1,1,0,0,0,1,0,1,0,Meningitis
1,0,0,0,0,1,0,0,1,0,0,0,1,1,1,1,0,0,0,0,0,0,1,1,1,0,Common Cold
0,0,1,1,0,0,0,1,1,1,0,1,0,1,1,0,1,1,0,1,1,1,0,1,0,0,Arthritis
1,1,1,0,1,0,0,1,0,0,0,1,1,0,0,0,1,0,0,1,0,0,1,1,1,1,Arthritis
1,0,1,0,1,1,0,1,1,1,1,0,1,0,1,1,1,0,0,1,0,0,0,1,1,0,Arthritis
1,0,0,0,1,1,1,0,1,1,1,1,0,1,1,0,1,1,1,1,1,0,0,0,1,1,Dengue
0,1,0,0,0,0,1,0,0,1,1,0,1,0,1,0,0,1,1,0,0,0,1,1,1,0,Pneumonia
0,0,0,0,0,1,1,1,1,1,1,1,1,1,1,0,0,1,1,1,1,0,0,1,0,1,Dengue
0,1,1,0,1,0,0,0,1,1,1,0,0,1,1,0,1,0,1,1,1,1,0,1,0,0,Heart Disease
0,1,1,0,0,0,0,0,0,0,0,1,1,0,0,1,0,0,0,1,1,1,0,1,1,0,Hepatitis
1,0,0,1,0,1,1,0,0,1,1,1,0,1,0,0,1,0,1,1,1,0,1,1,0,1,COVID-19
1,1,1,1,0,1,0,1,1,0,1,1,0,1,0,1,0,0,0,1,1,0,0,0,0,0,Tuberculosis
0,0,1,1,1,0,0,0,0,1,0,1,0,1,1,0,1,0,1,0,0,1,0,1,0,0,Influenza
0,1,0,1,0,1,0,0,0,1,1,1,1,1,0,0,0,0,0,0,0,0,1,1,1,1,Gastroenteritis
1,1,0,0,1,1,0,0,1,0,1,1,1,1,0,1,0,1,0,0,0,0,0,1,1,0,Arthritis
0,0,1,0,0,0,0,1,0,1,1,0,1,1,0,1,1,0,0,0,0,0,0,1,0,0,Arthritis
1,0,1,0,1,0,1,1,1,0,0,0,0,0,1,1,1,1,1,0,0,0,1,0,0,0,Asthma
1,0,1,0,1,1,1,1,1,0,0,1,1,0,1,1,1,1,0,1,1,0,1,0,0,0,Chickenpox
0,0,0,1,0,1,1,1,0,1,0,0,1,1,1,0,0,1,0,1,1,1,1,1,1,0,UTI
0,1,0,1,0,0,0,0,0,1,1,0,1,1,1,1,1,1,0,0,1,1,0,0,0,0,Common Cold
1,0,0,1,0,1,0,1,0,0,0,1,1,1,1,0,1,1,0,1,1,1,0,0,0,0,Hepatitis
1,1,0,1,1,0,0,0,1,1,1,0,0,1,0,0,1,1,1,0,0,0,0,0,1,1,Tuberculosis
0,0,1,1,1,1,0,1,1,0,1,1,1,1,0,1,0,0,1,0,0,0,1,1,0,0,Pneumonia
0,1,1,1,1,1,1,1,1,0,1,1,1,0,0,0,0,1,1,0,0,1,0,0,1,0,Bronchitis
1,0,1,0,1,1,1,1,1,0,0,1,0,0,0,0,0,1,0,0,0,0,1,1,0,1,UTI
0,0,1,0,1,1,1,0,1,1,0,1,1,1,0,0,0,1,0,0,0,0,1,0,1,1,UTI
1,1,1,1,0,1,0,1,0,1,1,0,1,0,0,0,0,1,1,0,0,0,0,0,0,0,Typhoid
0,1,0,1,0,0,1,0,0,1,0,0,1,1,1,1,0,1,0,1,1,1,1,1,1,0,Bronchitis
0,1,0,0,1,1,0,0,1,0,0,0,0,1,1,0,0,1,1,1,0,1,1,1,0,1,Malaria
0,0,1,1,0,1,1,1,1,1,0,1,1,1,0,1,0,1,0,0,1,1,0,0,0,1,Heart Disease
0,0,1,0,0,1,1,1,1,0,0,1,0,1,0,1,1,0,0,0,1,0,1,0,1,1,Pneumonia
1,0,1,0,1,1,1,0,0,1,0,1,1,0,0,1,1,1,1,1,1,0,0,0,0,0,Conjunctivitis
1,0,0,0,0,0,0,0,0,1,1,0,0,1,1,0,1,1,1,1,1,1,0,0,1,1,Influenza
0,0,0,0,1,1,1,0,0,1,0,0,1,1,0,0,1,1,1,1,0,1,1,1,0,1,Hepatitis
1,0,0,0,1,0,1,1,0,1,1,1,1,1,0,0,1,1,1,0,1,1,1,1,0,1,Gastroenteritis
0,1,0,0,1,1,0,1,0,1,1,0,0,1,1,1,0,0,0,0,0,0,0,0,1,0,Malaria
1,1,0,0,0,1,1,0,1,0,1,1,1,1,0,0,1,0,0,1,1,0,0,0,0,1,Food Poisoning
0,1,1,0,1,0,1,1,0,0,0,1,0,1,1,0,0,0,0,0,0,0,1,0,1,1,Asthma
1,1,1,1,0,0,1,0,0,0,1,0,1,0,0,0,1,0,0,0,1,1,0,1,1,1,Pneumonia
0,0,0,1,1,0,1,1,0,0,0,0,0,0,0,0,1,1,1,0,1,0,1,1,0,0,Malaria
1,0,1,0,1,1,1,1,1,1,1,1,0,0,0,1,0,1,1,1,1,0,1,1,1,0,Conjunctivitis
0,1,0,0,0,1,0,1,1,0,0,0,1,0,0,0,0,1,0,1,0,1,0,1,1,0,Common Cold
1,1,1,0,0,1,0,0,1,1,0,0,1,1,1,1,0,1,1,0,1,0,1,0,0,0,Appendicitis
1,0,0,0,0,0,0,0,1,1,1,0,1,1,1,0,1,0,0,0,0,1,0,0,1,0,Influenza
0,1,1,1,0,1,1,0,0,1,0,1,1,1,0,0,1,1,0,0,1,1,0,1,1,1,Gastroenteritis
0,1,0,0,1,1,1,0,1,0,0,1,0,0,1,1,1,1,1,0,0,1,1,1,1,0,Chickenpox
1,0,0,1,0,0,0,0,0,1,0,0,0,0,1,1,0,1,0,1,0,1,1,0,1,0,Typhoid
0,1,0,0,1,0,0,0,1,1,1,0,0,1,0,1,0,0,1,1,0,1,0,1,1,1,Chickenpox
0,0,1,0,0,0,0,1,1,1,1,0,0,0,1,0,1,1,0,1,0,1,0,1,0,1,Food Poisoning
1,0,0,1,1,0,0,0,1,1,0,1,1,0,1,0,0,1,1,1,0,1,0,0,0,1,Food Poisoning
0,0,0,0,0,1,1,1,1,0,0,0,0,0,1,0,0,0,0,0,1,1,1,1,0,0,Food Poisoning
1,0,0,1,0,1,0,0,0,0,1,1,0,0,1,1,1,0,1,1,1,1,1,1,0,0,Conjunctivitis
0,0,1,1,1,1,0,1,0,0,1,0,1,0,1,1,1,0,1,0,1,0,1,0,0,1,Bronchitis
1,0,1,0,1,1,1,1,0,1,1,1,1,0,0,0,1,1,0,0,0,1,1,1,1,0,Influenza
0,1,1,0,0,0,1,1,1,0,1,0,0,1,0,0,0,0,0,1,1,1,0,0,1,1,Asthma
0,0,0,1,0,1,1,1,1,0,0,0,1,0,0,1,1,1,0,0,0,1,1,0,1,0,COVID-19
1,1,1,1,0,1,0,1,1,0,0,1,0,0,0,0,0,1,0,1,1,0,1,1,0,1,COVID-19
1,0,0,0,0,1,1,0,0,0,0,1,1,1,1,0,0,0,0,0,1,1,0,1,1,0,Meningitis
0,1,1,0,0,1,1,1,0,1,1,0,1,0,0,0,1,0,0,1,1,1,1,1,0,0,Hepatitis
1,1,1,0,0,1,1,0,1,0,0,0,0,0,0,1,1,0,1,0,1,0,0,1,1,1,Bronchitis
1,1,1,1,0,0,1,1,1,1,1,0,1,0,0,1,0,0,1,0,0,1,0,1,0,1,Meningitis
1,1,0,0,1,0,1,1,0,1,1,0,1,1,0,0,1,0,1,0,0,1,1,1,1,1,Tuberculosis
0,0,0,1,0,0,1,0,0,0,1,0,0,1,1,1,1,1,0,1,1,0,0,1,0,0,Influenza
1,0,0,0,0,0,1,0,1,1,0,1,1,0,0,1,1,0,1,0,1,1,0,1,1,0,Meningitis
0,0,1,0,1,0,0,1,1,1,0,1,1,1,1,0,1,0,1,0,1,1,1,0,1,0,Influenza
0,1,0,0,0,1,0,0,0,1,0,0,1,0,0,0,0,0,0,1,1,1,1,1,0,1,Dengue
0,0,1,0,1,1,1,1,1,1,1,1,1,1,1,1,1,1,1,0,0,0,1,1,0,1,Typhoid
0,1,0,0,1,1,0,0,1,1,1,1,1,0,1,0,0,0,1,0,1,1,0,0,0,0,Food Poisoning
1,0,1,1,0,0,1,0,1,1,1,1,0,1,0,1,0,0,1,0,1,0,1,0,1,0,Pneumonia
0,1,0,0,0,0,0,0,1,1,0,0,0,1,1,1,0,0,1,0,0,1,0,0,1,1,Arthritis
0,1,1,1,0,0,0,0,1,1,0,1,1,0,0,0,1,1,1,1,1,0,1,1,1,1,Conjunctivitis
1,0,1,1,0,1,0,0,0,0,1,1,0,1,0,0,0,1,0,1,0,1,1,1,0,0,Heart Disease
1,1,1,0,0,0,0,0,1,0,1,1,1,1,1,0,0,1,0,0,1,0,0,0,1,0,Asthma
0,1,0,1,0,0,0,1,1,1,0,1,1,0,0,0,0,1,1,1,0,1,1,1,1,0,Tuberculosis
0,0,0,1,0,0,0,1,0,0,0,0,1,1,1,1,0,1,0,0,0,1,0,1,1,1,Gastroenteritis
0,0,1,1,1,0,0,1,1,1,1,0,1,1,1,0,0,0,0,1,1,1,1,1,1,0,Dengue
0,1,0,1,0,1,0,0,0,0,1,0,1,0,1,1,1,1,0,0,1,0,1,0,0,0,Tuberculosis
0,0,1,1,1,0,0,1,1,0,1,1,1,1,0,0,0,1,0,1,0,1,0,1,1,0,Typhoid
1,1,0,0,1,0,1,1,1,1,1,1,0,1,1,0,1,1,0,1,0,1,1,1,1,0,Dengue
1,1,0,0,1,1,1,0,1,0,0,1,0,0,1,0,0,1,0,0,0,0,0,1,0,0,Bronchitis
1,0,1,1,1,1,0,0,0,1,1,1,0,1,0,0,1,0,0,0,0,1,0,0,0,0,UTI
0,1,1,1,1,1,0,1,0,0,1,1,0,0,1,0,0,1,1,0,1,1,1,1,0,0,Gastroenteritis
0,1,0,1,0,1,0,1,1,0,0,1,1,0,1,0,1,0,0,0,0,0,0,1,0,1,Typhoid
0,1,1,1,0,1,1,1,1,0,0,1,1,0,1,1,1,1,0,1,0,0,0,1,0,1,Food Poisoning
1,1,1,1,0,1,1,0,0,0,1,0,0,1,0,0,0,0,1,0,1,1,0,0,1,0,Asthma
0,1,1,0,1,0,0,0,0,0,0,0,1,1,1,1,0,0,1,1,1,1,0,1,0,1,Tuberculosis
1,1,1,1,1,1,1,0,1,0,0,1,1,0,1,1,1,0,0,1,0,1,0,0,0,0,Heart Disease
1,0,0,0,1,0,1,0,0,0,1,0,1,0,1,0,1,0,0,1,1,0,0,1,1,1,COVID-19
0,1,0,0,1,0,1,1,1,0,0,0,0,1,0,1,1,0,0,1,1,1,0,1,0,1,Influenza
1,0,0,1,0,0,1,0,0,1,1,0,1,1,0,1,1,1,1,1,0,1,1,0,1,1,Food Poisoning
0,1,1,0,1,0,0,1,0,1,0,0,1,1,1,0,0,1,0,1,0,1,1,0,0,1,Meningitis
0,1,0,0,0,1,0,1,0,1,0,1,0,0,0,1,0,1,0,1,1,1,1,0,0,0,Meningitis
0,1,1,1,0,1,0,0,0,1,1,1,1,0,1,1,1,1,0,1,0,0,0,0,1,0,Typhoid
0,0,1,0,1,0,0,0,1,0,0,0,1,1,0,0,0,1,0,0,1,0,0,1,0,0,Migraine
1,0,1,0,0,0,1,1,0,0,1,0,0,1,1,1,1,1,0,1,0,1,1,0,1,0,Arthritis
1,1,1,0,0,1,1,1,1,1,1,0,1,0,1,0,1,1,1,0,0,1,1,1,1,1,Migraine
1,0,0,1,0,0,1,0,1,1,1,1,0,0,1,0,0,0,0,1,0,1,1,1,0,0,Appendicitis
1,1,0,1,0,0,1,1,1,0,0,0,1,1,0,0,0,0,0,1,1,0,0,0,0,0,Tuberculosis
0,0,0,0,1,0,1,1,1,1,0,0,1,0,1,0,1,1,0,0,0,1,0,1,0,1,Influenza
1,1,0,0,0,0,0,1,0,0,0,0,1,0,1,1,1,0,0,0,1,1,0,1,0,0,Chickenpox
1,0,1,0,1,0,1,1,1,1,0,0,0,1,0,1,1,0,1,1,0,0,0,1,1,1,Meningitis
0,0,0,0,1,1,1,0,1,1,0,1,0,1,1,1,1,0,0,1,0,1,1,1,1,1,Chickenpox
1,0,0,1,1,1,1,1,1,0,1,0,1,0,1,0,1,1,1,0,0,1,0,1,0,1,Appendicitis
0,1,1,0,0,1,1,0,0,0,0,0,0,0,1,1,1,1,0,0,1,0,1,0,1,0,Conjunctivitis
0,0,0,1,1,1,0,1,0,0,0,1,1,1,0,1,0,0,0,1,0,0,0,0,0,0,Tuberculosis
1,0,0,1,0,0,1,1,1,1,1,1,1,1,1,1,0,0,0,1,0,0,1,1,1,0,Conjunctivitis
1,0,0,0,0,0,0,0,0,1,1,0,0,0,0,1,1,0,0,1,0,1,1,1,1,1,Meningitis
0,1,0,0,1,1,0,0,1,1,1,0,0,1,0,1,0,1,0,1,1,0,1,0,1,1,Dengue
1,0,1,1,0,0,1,0,0,1,0,1,0,0,0,0,0,0,0,1,1,1,1,0,1,1,Influenza
0,1,0,1,1,0,1,0,0,0,0,0,1,0,1,1,1,0,1,1,0,0,1,0,0,0,Arthritis
1,0,0,0,0,0,1,0,1,1,1,0,1,0,1,0,1,1,0,0,1,0,0,0,0,1,Tuberculosis
1,0,0,1,0,0,1,0,0,0,1,1,1,1,0,1,0,1,1,0,1,0,1,1,1,0,Pneumonia
0,0,0,1,1,0,0,0,1,0,0,0,0,1,0,0,1,1,0,1,1,1,0,0,0,1,Heart Disease
1,1,1,1,1,0,0,1,1,0,0,0,1,0,0,1,0,0,0,0,1,1,0,0,0,1,Appendicitis
1,1,0,1,0,0,0,1,1,1,0,0,1,0,0,0,1,0,1,1,1,0,0,1,0,1,Common Cold
1,1,1,1,0,0,1,0,0,0,0,1,1,0,0,0,0,0,1,0,0,1,0,0,0,0,Conjunctivitis
0,0,0,1,1,1,1,0,0,0,1,1,0,1,1,1,1,1,0,0,0,0,1,0,1,0,Appendicitis
0,0,0,0,0,0,1,1,1,1,1,0,1,1,1,0,1,0,0,0,0,0,1,1,0,1,Conjunctivitis
0,1,1,0,1,1,1,1,0,1,1,0,1,0,0,1,1,0,1,0,1,1,0,1,0,1,Appendicitis
0,0,0,1,1,1,1,1,0,0,0,1,0,0,1,0,0,0,1,0,0,1,1,0,1,1,Heart Disease
1,0,1,1,1,1,1,1,0,1,0,0,0,1,1,1,1,0,1,1,1,1,1,1,1,0,Asthma
1,0,0,1,1,1,1,0,0,0,0,1,1,1,0,1,0,0,0,0,1,1,0,1,0,0,Food Poisoning
0,1,1,1,1,0,1,0,1,0,0,0,1,1,0,1,1,1,1,0,0,0,0,1,1,1,UTI
0,0,1,0,1,1,1,0,1,0,0,1,0,1,0,1,1,0,1,0,0,0,1,0,1,1,Conjunctivitis
1,1,0,1,0,0,0,1,1,0,0,1,0,1,0,0,0,0,0,0,1,1,1,0,0,0,Chickenpox
0,1,1,0,1,0,1,0,0,1,1,0,0,1,0,1,1,0,0,1,1,0,0,0,0,0,Malaria
0,0,0,1,1,0,0,1,0,1,1,1,1,0,0,0,1,0,0,0,0,1,1,1,0,0,Food Poisoning
0,0,1,0,0,0,1,1,0,1,1,1,1,0,1,0,1,1,1,1,1,0,0,0,0,0,Appendicitis
0,0,0,1,0,1,0,0,1,1,1,0,1,1,1,1,1,0,0,0,0,1,0,0,0,0,Food Poisoning
1,1,0,0,1,1,0,0,1,1,1,1,1,0,0,0,0,1,1,0,0,0,1,1,1,0,Hepatitis
1,0,1,1,1,1,0,1,0,1,0,0,0,1,1,1,1,0,0,0,0,0,0,1,1,0,Hepatitis
1,1,0,1,0,1,1,1,1,0,1,0,0,0,0,1,0,0,1,0,0,0,0,1,1,0,Tuberculosis
0,0,1,1,1,1,1,1,0,1,0,1,0,0,1,1,0,1,1,1,1,0,1,1,0,0,Malaria
1,0,0,0,1,0,1,1,1,0,1,1,0,1,0,1,1,0,0,1,1,1,0,1,1,0,Malaria
1,0,0,1,1,1,0,0,0,1,0,0,1,0,0,0,0,1,0,1,0,0,1,0,1,0,Gastroenteritis
0,1,0,1,0,0,0,1,0,0,1,1,0,0,1,1,1,1,1,1,1,0,1,1,1,1,Arthritis
1,1,0,1,1,1,1,0,0,0,1,1,1,1,1,1,0,0,0,1,1,1,1,0,1,1,Common Cold
1,0,0,0,0,1,0,1,1,1,0,1,0,1,1,0,1,0,1,1,1,0,0,1,1,1,Chickenpox
1,0,1,1,0,1,1,0,1,0,1,0,1,0,0,1,1,1,0,1,1,1,0,1,0,0,Influenza
1,1,1,0,0,0,0,1,0,0,0,1,1,1,0,1,1,0,1,0,0,0,1,1,0,1,Asthma
0,0,1,1,0,1,1,1,1,0,0,1,0,0,0,0,1,0,0,1,1,0,0,1,0,1,Heart Disease
0,1,1,0,1,0,0,0,0,1,0,1,1,0,1,1,1,1,0,0,0,0,0,0,0,0,Heart Disease
1,0,0,0,0,1,1,0,0,1,1,1,0,1,0,1,0,1,1,0,0,1,1,0,1,0,Pneumonia
1,1,0,0,0,0,1,1,0,0,0,1,1,1,1,1,0,0,1,0,0,1,0,1,1,0,Pneumonia
0,1,0,1,0,1,0,0,1,0,1,1,0,1,0,1,0,1,0,0,0,1,0,0,0,0,Asthma
1,0,0,1,0,1,0,0,0,0,1,1,0,1,1,0,1,0,1,0,1,0,0,1,1,1,Common Cold
0,1,0,0,0,0,0,0,0,0,1,1,0,0,1,1,0,0,1,1,0,0,1,0,0,1,Appendicitis
1,0,0,0,0,0,1,0,0,1,1,0,1,0,0,0,1,0,0,0,0,0,0,1,1,0,Heart Disease
1,1,0,1,1,0,0,1,1,0,0,0,0,0,1,1,1,0,0,0,1,0,1,0,1,0,Tuberculosis
0,1,1,1,1,1,1,1,0,1,0,0,1,1,0,0,0,1,0,0,1,1,1,0,1,1,Influenza
0,1,1,0,0,0,0,0,0,0,0,1,0,1,1,0,0,0,1,1,1,1,0,0,0,1,Appendicitis
0,1,1,1,1,1,0,0,1,0,1,0,1,1,0,0,0,0,1,0,1,0,1,1,0,0,Asthma
1,0,0,1,0,0,0,1,1,1,1,1,1,1,1,1,1,1,1,0,0,0,0,1,0,0,Gastroenteritis
0,1,1,1,0,0,0,0,1,1,0,1,1,0,1,1,0,1,0,0,0,0,0,1,1,0,Typhoid
1,1,0,0,1,0,1,0,0,0,0,0,0,0,1,0,1,0,0,1,0,0,1,0,0,1,Hepatitis
0,0,1,1,1,1,1,0,1,0,1,1,1,0,1,0,1,0,0,0,1,1,1,0,1,1,Appendicitis
0,1,0,0,0,1,0,0,0,0,1,0,1,1,0,1,1,1,1,0,0,1,0,0,1,0,Typhoid
0,0,0,1,1,0,0,1,0,0,0,0,1,1,0,0,1,1,1,1,0,0,0,1,0,1,Meningitis
0,0,1,0,1,0,1,1,0,0,0,1,0,0,0,0,0,0,0,0,0,1,0,0,1,0,Influenza
0,0,0,0,0,1,0,0,1,0,1,1,0,1,1,0,0,0,1,0,1,1,1,1,0,1,Pneumonia
0,1,1,0,1,0,1,0,0,1,1,0,0,1,0,1,1,0,0,0,1,1,0,1,1,0,Influenza
1,0,0,0,0,1,1,1,1,0,1,1,0,0,0,1,0,1,0,1,0,1,1,0,0,1,Dengue
0,1,0,0,0,1,1,0,0,0,1,1,1,1,1,1,0,0,1,0,1,1,0,1,1,0,Migraine
1,1,1,0,1,0,1,1,1,0,0,0,1,0,0,0,1,1,0,1,1,0,1,1,1,0,Typhoid
0,1,1,1,1,0,0,1,0,1,0,1,1,0,0,0,0,0,0,0,1,0,1,1,1,0,Pneumonia
0,0,1,0,1,0,1,1,0,1,1,1,1,0,1,0,1,1,0,0,1,0,0,1,0,0,Gastroenteritis
1,0,0,1,1,1,0,1,0,1,0,0,1,0,1,1,1,0,0,1,1,1,0,0,1,0,UTI
0,1,1,0,1,0,0,0,1,1,0,0,1,0,1,0,0,1,1,1,0,1,0,1,1,0,Tuberculosis
1,0,1,0,1,0,0,0,1,0,0,0,1,0,0,1,1,0,1,1,0,1,1,1,0,0,Conjunctivitis
1,0,1,0,0,0,0,0,0,0,1,1,0,1,0,1,1,1,1,0,0,1,1,0,0,0,Food Poisoning
1,0,1,0,1,0,0,1,0,1,1,0,0,1,1,0,0,0,0,0,1,0,0,0,1,1,Influenza
1,1,1,0,0,0,1,1,0,0,1,0,0,1,0,0,1,0,1,0,0,1,1,0,1,0,Tuberculosis
1,0,0,0,1,0,1,0,0,0,0,1,0,1,0,0,0,0,0,0,0,1,0,0,0,0,Common Cold
0,1,1,0,0,1,1,1,0,0,0,1,1,1,1,0,1,0,0,0,0,0,1,1,1,1,UTI
0,0,1,1,0,0,0,0,0,1,0,1,1,1,1,0,1,1,1,1,0,0,0,1,0,1,Conjunctivitis
0,0,1,1,0,1,1,0,0,1,1,0,1,0,0,1,0,0,0,0,1,1,1,0,0,1,Food Poisoning
0,1,1,0,0,1,1,0,1,1,0,0,1,1,0,1,0,0,1,1,0,1,1,1,1,1,Asthma
0,0,1,1,1,1,0,1,1,1,1,0,0,1,0,0,0,1,0,1,1,0,1,0,1,1,Common Cold
1,1,1,0,0,1,0,0,1,1,0,1,1,1,1,0,0,0,1,1,0,1,0,0,0,1,Hepatitis
0,0,1,0,1,1,1,0,0,1,0,1,1,0,0,1,1,0,0,1,1,1,1,1,1,1,Chickenpox
1,0,0,0,0,0,0,1,1,0,0,0,1,1,0,0,1,1,1,1,1,1,0,1,0,1,Typhoid
1,0,1,0,1,0,0,1,0,0,0,0,1,1,0,1,0,0,1,1,1,1,1,0,0,1,Tuberculosis
1,0,1,1,0,0,1,0,1,0,0,0,1,1,0,1,1,0,0,1,0,1,1,1,0,1,Migraine
0,0,0,1,1,0,0,0,0,1,0,0,1,1,1,1,0,1,1,0,1,0,1,0,0,1,Asthma
1,1,0,1,1,0,1,0,0,1,0,1,1,0,0,1,0,0,1,1,0,0,1,1,1,0,Conjunctivitis
1,1,0,0,1,1,0,0,1,0,0,1,0,1,0,1,1,0,0,0,0,1,1,1,1,0,Conjunctivitis
0,1,1,0,0,0,1,1,1,0,1,1,0,1,1,0,0,0,0,0,1,0,1,1,1,0,Hepatitis
0,1,0,0,1,0,0,0,1,0,0,1,0,1,1,0,1,1,1,1,0,0,0,1,0,1,Tuberculosis
1,1,1,0,0,0,1,1,0,1,1,1,0,0,0,1,0,0,0,1,1,0,1,1,0,1,Conjunctivitis
1,1,1,0,0,1,1,1,0,1,1,1,0,0,1,1,1,1,0,0,0,1,1,0,1,1,Food Poisoning
0,0,1,0,0,1,0,0,0,0,1,0,1,0,1,0,1,1,0,1,1,0,1,0,0,1,Meningitis
1,1,0,1,0,1,0,0,0,1,0,1,0,0,0,1,1,1,1,1,1,1,1,0,1,1,Influenza
0,0,1,0,0,1,0,1,0,1,1,0,0,1,0,1,1,1,0,0,0,1,0,0,0,1,Dengue
1,0,0,1,0,0,1,1,1,1,1,0,1,1,0,1,0,0,1,1,0,1,0,1,1,1,Asthma
1,1,0,0,0,1,0,0,1,0,1,1,1,1,0,1,0,1,0,1,0,1,0,1,1,0,Appendicitis
0,0,1,0,0,0,1,0,1,0,0,0,0,1,0,1,1,1,1,1,1,0,0,0,0,1,Conjunctivitis
0,0,0,0,0,1,1,0,0,0,1,0,0,1,1,0,1,0,1,0,0,1,1,0,1,0,Asthma
1,1,1,1,1,1,1,0,0,0,0,0,1,1,1,0,0,0,0,1,0,0,1,1,0,0,Influenza
1,1,0,0,1,0,1,0,1,1,0,0,1,1,1,1,0,0,0,1,0,1,0,0,1,1,Gastroenteritis
0,0,0,0,0,0,0,1,1,1,0,0,0,0,0,0,1,0,1,1,1,0,0,0,1,0,Dengue
1,1,0,1,0,0,0,0,0,0,1,0,0,1,0,0,0,1,0,0,1,0,1,0,1,0,COVID-19
1,0,0,1,0,0,1,1,1,1,1,1,0,0,0,1,0,0,0,0,1,0,0,1,0,0,Conjunctivitis
0,1,0,0,1,1,0,0,1,1,0,1,0,0,0,0,0,1,1,0,0,1,0,1,1,1,Hepatitis
1,0,1,1,1,1,0,0,0,1,1,0,1,0,0,1,1,1,0,1,0,0,0,1,0,1,Malaria
1,0,0,1,0,1,1,1,0,1,1,1,1,0,1,0,0,0,1,1,1,0,0,1,1,1,Typhoid
0,0,1,1,0,0,1,0,0,1,1,1,0,0,0,1,0,0,0,0,1,0,1,0,0,1,Conjunctivitis
0,0,1,0,1,0,1,1,0,0,1,0,1,1,0,1,0,1,0,0,0,1,0,0,1,1,Arthritis
1,0,1,1,0,1,0,1,1,0,0,0,1,1,1,0,0,0,1,1,1,1,1,1,0,0,Appendicitis
0,0,1,1,1,1,1,0,0,1,1,1,1,0,1,0,0,1,1,0,1,0,1,0,1,0,Bronchitis
0,1,1,1,0,1,0,0,1,0,1,1,1,0,1,1,0,1,1,0,1,1,1,1,1,1,Food Poisoning
0,0,0,0,1,1,1,0,1,1,0,0,1,0,0,0,0,0,1,0,1,0,1,1,1,0,Arthritis
0,0,1,1,1,0,0,1,0,1,0,1,0,0,0,1,0,1,0,0,0,0,1,1,0,0,Pneumonia
0,1,1,0,1,1,1,1,0,0,0,1,1,0,0,0,1,0,0,1,0,1,0,1,0,1,Food Poisoning
1,0,0,1,1,0,1,1,1,1,1,0,0,0,0,0,0,1,0,1,0,0,0,1,1,0,Appendicitis
1,0,0,1,1,1,1,0,0,0,0,1,1,0,0,1,0,0,0,0,0,1,0,0,1,1,Common Cold
1,1,0,0,0,0,1,0,1,1,1,0,1,1,0,1,0,0,0,1,1,1,1,0,1,0,Pneumonia
0,1,1,0,0,0,1,0,0,0,0,0,0,0,0,0,1,1,0,1,0,0,0,1,1,1,Asthma
1,1,0,0,1,1,0,1,0,0,0,0,0,1,0,1,1,0,0,1,0,0,1,1,0,0,Gastroenteritis
0,1,1,0,0,1,1,0,1,0,1,0,0,1,0,0,0,0,0,1,0,1,0,1,1,0,Dengue
1,0,1,1,1,1,1,1,0,0,0,0,0,0,1,1,1,0,0,1,0,1,1,1,0,1,Migraine
0,0,0,0,0,0,0,1,0,0,1,1,1,0,1,1,1,0,1,0,1,0,1,0,1,1,Migraine
0,0,0,0,1,0,0,1,0,0,0,0,0,0,0,1,1,1,0,0,0,0,0,1,1,1,Food Poisoning
0,1,1,0,1,0,0,0,1,0,1,0,1,1,1,1,1,0,1,0,1,1,1,1,0,0,Hepatitis
1,1,1,1,1,1,0,1,0,0,1,0,1,0,1,0,0,0,0,0,1,0,1,1,0,1,Arthritis
1,0,1,0,1,1,1,1,1,1,0,1,1,0,0,0,1,1,0,0,1,0,0,0,0,1,Pneumonia
0,1,1,0,1,0,0,0,0,1,0,0,0,0,1,0,1,0,0,0,1,0,0,1,0,0,Arthritis
0,1,0,0,0,0,0,1,0,1,1,1,1,0,0,0,1,0,1,0,0,1,0,0,1,1,Food Poisoning
1,1,1,0,0,0,1,1,1,1,1,0,0,1,1,1,1,1,1,1,1,0,0,0,0,1,Tuberculosis
1,1,0,1,1,1,0,0,1,0,0,0,0,0,1,1,0,1,1,0,1,1,1,0,0,1,UTI
0,0,1,0,0,0,0,1,1,1,1,1,1,1,1,1,0,1,1,0,0,0,1,1,1,1,Malaria
1,1,0,0,0,0,0,1,1,1,0,0,1,0,0,0,1,1,1,1,1,0,1,0,0,1,Dengue
0,0,1,0,1,0,0,1,1,1,0,0,0,0,1,1,1,1,0,0,0,1,1,0,1,0,Migraine
0,0,1,0,0,0,0,0,0,1,1,0,0,0,1,0,0,1,1,1,0,1,1,1,1,0,Conjunctivitis
0,0,1,1,0,0,1,1,1,1,1,1,0,1,1,0,0,1,0,0,1,0,1,1,0,0,Influenza
1,1,0,1,1,1,1,0,1,0,1,0,0,0,0,0,1,0,0,1,0,1,0,1,0,1,Arthritis
0,0,1,1,0,1,1,1,0,1,0,1,0,1,1,0,1,0,1,1,1,0,0,1,0,0,Appendicitis
1,1,1,0,1,1,0,1,1,1,1,1,1,0,1,0,0,0,1,1,0,0,1,1,1,0,Chickenpox
1,1,0,1,1,1,1,0,1,1,1,0,1,1,1,0,1,0,1,0,1,1,1,0,0,1,Migraine
0,1,0,1,1,0,0,1,1,0,0,1,0,1,0,0,1,1,0,0,0,1,1,1,1,1,Heart Disease
0,1,0,0,0,1,0,0,1,1,1,0,0,1,0,1,1,0,1,1,0,0,1,0,1,1,Chickenpox
0,0,1,0,1,0,0,0,0,0,0,1,1,1,1,0,0,1,1,1,1,0,1,1,0,0,Arthritis
0,0,1,0,1,0,0,0,1,0,1,0,1,1,1,1,0,1,0,0,1,1,1,0,1,1,Food Poisoning
0,1,0,1,0,0,0,0,0,0,0,0,0,0,1,0,0,1,0,0,0,0,0,0,0,0,Hepatitis
1,0,0,0,0,1,1,1,1,0,0,1,0,0,0,0,1,0,1,1,0,1,1,0,1,0,Meningitis
0,1,1,1,0,0,1,1,0,1,1,1,1,1,0,1,0,1,0,1,0,0,1,1,1,0,Migraine
0,1,0,0,0,1,1,1,0,0,1,1,0,0,0,0,1,1,1,1,1,0,0,0,0,0,COVID-19
1,1,1,1,1,1,1,1,0,1,1,0,1,0,1,1,1,0,0,0,1,1,1,1,0,0,Conjunctivitis
0,1,0,1,0,1,1,0,1,0,1,0,1,0,1,1,0,1,1,1,0,0,1,1,0,1,Hepatitis
1,0,0,0,1,1,1,1,1,1,0,1,1,1,0,0,1,0,1,1,0,0,1,0,1,0,Influenza
0,1,0,1,1,1,0,1,1,0,1,0,1,0,1,1,1,1,1,0,1,1,0,1,0,1,Gastroenteritis
1,0,0,1,0,1,1,0,0,0,1,1,0,0,0,1,0,1,1,1,1,1,1,0,0,0,Conjunctivitis
0,0,1,0,1,1,1,1,0,0,1,0,1,1,0,1,1,0,0,0,1,1,0,1,1,0,Bronchitis
0,0,0,0,1,0,0,1,1,1,0,0,0,0,1,0,1,1,0,0,0,1,0,0,1,0,Chickenpox
0,1,0,0,0,0,1,1,0,1,1,0,0,0,0,0,0,0,1,0,0,1,1,1,1,0,Meningitis
0,0,0,0,1,1,1,0,0,0,0,0,1,1,0,1,0,1,1,0,1,1,0,1,0,1,Chickenpox
0,1,0,0,1,0,0,0,0,1,0,0,0,1,0,0,0,1,0,0,0,0,1,1,0,0,Typhoid
0,0,1,1,1,0,0,0,0,0,0,1,1,1,0,1,1,0,1,0,0,0,1,1,1,0,Pneumonia
1,0,1,1,1,0,0,1,1,1,0,0,0,1,0,1,1,1,0,0,0,0,0,0,1,0,Common Cold
1,0,1,0,0,1,0,1,0,1,1,0,1,0,1,0,0,1,1,1,0,1,1,0,1,0,Appendicitis
1,1,0,1,0,1,1,1,1,0,1,1,1,0,1,1,1,1,0,0,0,1,1,0,1,1,Migraine
0,0,0,0,0,0,0,0,0,1,0,1,1,0,0,0,1,1,1,1,1,1,0,1,0,0,Food Poisoning
1,0,1,1,1,0,1,1,1,1,1,0,0,1,0,1,1,0,1,0,0,0,0,0,1,1,Asthma
1,0,0,0,1,1,0,1,0,1,0,0,1,0,0,1,0,0,1,0,1,0,1,0,0,0,Tuberculosis
0,1,1,0,0,0,1,1,1,1,0,1,0,0,1,1,1,1,0,1,1,0,0,0,0,1,Malaria
1,1,0,1,1,1,0,0,0,1,1,0,1,0,1,1,1,0,1,0,1,0,1,0,0,1,Gastroenteritis
1,1,0,1,0,1,1,0,0,0,0,1,0,0,0,1,1,1,0,1,1,1,0,1,0,1,Malaria
1,0,0,0,0,0,0,0,0,1,1,0,1,1,0,0,1,1,1,0,0,1,1,0,0,0,Migraine
0,0,1,1,0,1,0,0,0,0,0,0,0,0,1,1,1,1,0,0,1,1,1,1,1,1,Common Cold
1,1,1,1,0,0,0,0,0,0,1,0,0,0,0,1,0,0,0,0,0,0,1,1,1,0,Bronchitis
1,1,0,0,1,1,1,0,0,0,1,0,0,1,0,1,1,1,1,1,0,0,0,1,0,0,Arthritis
0,1,1,0,1,0,1,1,1,1,0,0,0,0,0,1,1,1,1,0,0,1,1,1,0,1,Asthma
1,1,0,1,1,1,1,1,1,1,0,0,0,1,1,0,0,0,1,1,0,1,0,0,1,0,Arthritis
1,0,1,0,1,0,0,1,1,1,0,0,0,0,0,0,0,1,0,0,0,1,0,0,0,1,COVID-19
0,0,0,1,1,0,0,1,1,1,0,0,1,0,1,1,1,0,0,0,0,1,0,1,0,0,Malaria
0,1,0,1,1,1,0,1,1,0,0,0,1,1,0,0,0,1,0,1,1,0,0,0,0,0,Gastroenteritis
0,0,0,1,1,0,0,0,1,1,0,1,0,1,1,0,1,1,0,1,1,1,0,0,1,1,Food Poisoning
1,0,0,0,0,1,0,0,1,1,1,0,1,1,0,1,1,1,0,0,0,0,0,0,0,0,Typhoid
0,0,0,1,1,1,0,1,1,1,0,1,0,0,0,1,1,1,0,1,0,1,0,1,0,1,Heart Disease
0,0,1,0,1,1,1,1,1,1,1,0,1,1,1,0,1,0,0,0,1,1,0,0,0,0,Meningitis
1,0,0,1,0,0,1,1,0,0,1,1,0,0,1,1,0,0,1,0,1,0,0,0,0,1,COVID-19
1,0,0,1,1,0,1,1,1,1,1,0,1,0,1,0,0,1,1,0,0,1,0,0,1,1,Malaria
0,0,0,1,1,0,1,1,0,1,0,0,0,0,0,1,1,1,0,0,0,1,1,1,1,0,Arthritis
0,1,1,0,1,0,0,0,0,0,1,1,1,0,0,0,0,1,1,0,0,0,0,1,1,1,Common Cold
1,0,0,0,0,0,0,1,0,0,0,0,0,0,1,0,1,1,1,0,0,1,0,0,0,1,Migraine
1,1,1,1,0,1,0,0,1,1,1,1,0,1,1,0,1,1,0,0,1,1,1,0,0,1,Food Poisoning
0,1,1,0,0,0,0,1,0,0,1,0,1,1,0,0,1,1,1,1,0,1,0,0,0,0,UTI
0,1,0,1,1,0,0,0,0,1,1,1,0,1,0,1,1,0,1,1,1,0,0,1,0,1,Gastroenteritis
1,1,0,1,0,0,0,1,1,1,1,1,0,0,1,1,1,0,0,0,1,0,1,1,1,0,Pneumonia
0,1,1,1,1,0,1,0,1,1,0,1,1,1,1,1,0,1,0,0,1,1,1,1,0,1,Migraine
1,0,1,0,1,1,0,1,0,0,0,0,0,0,0,0,0,0,0,1,0,1,1,0,0,0,Migraine
0,0,1,1,1,1,0,1,1,1,1,1,1,1,0,1,1,1,1,1,0,0,0,1,1,1,Meningitis
0,0,0,1,0,0,1,0,0,0,1,1,0,1,1,0,0,1,0,0,1,0,1,0,0,0,Typhoid
1,0,1,0,0,0,1,0,1,1,1,1,1,0,0,0,1,1,0,0,0,1,0,0,1,1,Hepatitis
0,0,0,1,0,1,1,0,1,0,0,1,1,1,0,0,1,0,1,0,1,0,0,0,0,0,Typhoid
0,0,1,0,1,0,1,0,0,0,0,0,1,0,0,0,1,0,1,1,0,1,0,1,0,0,Malaria
0,1,1,1,0,1,0,0,1,1,1,1,1,0,1,1,1,0,1,1,0,0,1,1,0,1,Malaria
1,0,0,1,1,1,0,0,1,0,1,1,0,1,1,1,0,0,1,0,1,0,1,1,1,0,COVID-19
0,0,1,0,0,0,0,0,1,0,0,1,1,0,0,0,0,1,1,1,0,1,0,0,0,0,Chickenpox
0,1,1,1,1,1,0,0,0,0,0,1,1,1,1,1,0,0,1,0,0,0,1,0,1,1,Asthma
1,0,0,1,1,1,1,0,0,0,1,0,0,0,1,0,0,1,0,1,0,0,0,0,1,1,Gastroenteritis
1,0,1,1,1,1,0,0,0,0,1,0,0,0,1,0,1,1,0,0,0,0,0,1,1,0,Pneumonia
1,1,0,0,0,0,0,1,1,0,0,0,0,1,1,0,1,0,0,1,0,0,0,0,0,0,Conjunctivitis
0,0,1,0,0,0,1,1,0,0,1,1,0,0,1,0,1,0,0,0,0,1,0,0,1,0,Tuberculosis
1,0,1,1,1,1,0,1,0,0,1,1,1,1,0,1,1,0,0,0,1,1,1,0,0,0,Gastroenteritis
0,0,0,0,0,0,0,0,0,0,1,1,0,0,1,1,1,1,0,1,0,1,1,1,1,1,Meningitis
1,1,1,0,1,1,1,0,0,1,0,0,0,1,1,1,0,1,0,0,0,1,1,1,1,0,Appendicitis
0,0,1,0,1,1,0,0,1,0,1,1,1,0,1,1,1,0,1,0,0,1,1,1,0,0,Meningitis
0,1,0,1,1,0,1,0,1,1,0,1,1,1,0,0,0,1,0,0,0,1,0,1,1,0,Bronchitis
0,1,0,0,0,0,1,1,1,0,0,0,0,1,0,0,1,1,1,0,1,0,1,1,1,1,Malaria
1,0,0,0,1,1,0,1,0,0,1,1,1,1,1,1,1,0,0,0,1,0,0,1,0,1,Appendicitis
1,0,0,1,0,1,1,0,0,0,1,0,0,0,1,1,1,0,1,0,1,1,1,0,0,1,Conjunctivitis
0,0,1,0,1,0,1,0,1,1,0,0,0,1,0,1,1,1,0,0,1,0,0,1,1,1,Pneumonia
1,0,0,1,0,0,1,1,1,0,1,1,1,0,0,0,0,0,1,1,1,1,0,0,1,0,Chickenpox
1,0,0,1,1,1,0,0,0,1,1,0,1,1,0,0,1,1,0,0,1,0,0,1,1,1,Tuberculosis
1,1,1,0,1,1,1,0,0,1,1,1,1,0,1,0,1,0,1,1,1,0,0,1,1,0,UTI
1,1,1,1,1,1,1,0,1,1,1,1,1,1,1,0,1,1,1,0,0,0,1,1,1,0,Common Cold
0,1,1,1,0,0,0,0,0,1,0,1,1,1,0,1,0,0,0,0,0,0,1,1,0,0,Heart Disease
0,0,0,0,0,0,0,1,0,1,1,1,1,1,0,0,0,1,0,1,0,1,1,1,1,0,Migraine
1,1,0,0,1,1,0,1,1,0,0,1,0,0,0,1,0,1,0,1,1,0,0,1,0,1,Hepatitis
0,0,1,1,0,1,0,1,0,1,0,1,1,1,1,0,1,1,0,1,1,1,1,1,0,1,Meningitis
0,1,1,1,0,0,1,1,0,1,1,1,1,0,0,1,0,0,0,1,1,1,1,0,0,0,Asthma
1,0,1,0,1,0,0,0,1,1,0,1,1,1,0,1,0,1,0,1,1,1,0,0,1,1,Bronchitis
0,0,1,0,0,1,1,0,0,0,0,1,0,0,0,1,0,1,0,1,0,1,0,0,0,1,Asthma
1,1,0,1,1,0,0,0,1,1,0,1,1,0,0,0,1,0,1,0,1,1,1,1,1,1,Arthritis
0,1,1,1,1,1,0,1,1,1,1,1,1,0,1,1,1,0,1,1,0,0,0,0,0,1,Conjunctivitis
0,0,1,0,1,1,1,1,1,1,0,0,0,0,1,0,0,1,1,1,0,1,0,0,1,1,Influenza
0,1,1,1,0,1,0,0,1,0,1,0,1,0,0,0,1,0,0,1,0,0,0,1,0,1,Food Poisoning
1,0,0,1,0,1,1,0,1,0,0,1,0,0,0,1,0,1,0,0,1,0,0,1,0,1,Food Poisoning
0,0,1,0,0,1,0,1,0,1,0,0,0,0,0,1,0,0,0,1,1,0,0,1,0,1,Arthritis
0,0,0,0,0,0,1,1,0,1,0,1,1,1,0,1,0,1,1,1,1,1,0,0,0,0,COVID-19
1,0,0,1,1,1,0,1,1,0,0,1,1,0,0,0,1,1,1,0,1,0,1,0,0,0,Hepatitis
0,0,0,0,1,1,1,1,1,1,0,0,0,0,0,1,1,1,1,1,0,0,0,1,0,1,Appendicitis
1,0,0,0,0,1,1,0,1,1,0,0,0,0,0,0,0,1,1,0,1,1,0,1,1,0,Heart Disease
0,1,1,0,1,0,1,0,0,0,0,1,0,0,1,1,0,0,0,0,1,0,1,1,1,1,Hepatitis
0,0,1,1,1,1,1,0,0,1,1,0,1,0,0,1,1,1,1,1,0,1,1,0,1,1,Tuberculosis
0,0,0,1,0,0,1,1,0,1,1,1,1,1,1,0,1,0,0,0,1,0,1,0,1,0,Migraine
0,1,1,1,1,1,0,0,1,1,1,1,1,1,1,0,0,0,0,1,1,0,1,1,0,1,Common Cold
1,1,0,0,1,1,1,1,1,1,0,0,0,0,0,0,0,0,0,0,0,0,0,1,1,0,Arthritis
0,0,0,1,0,0,0,0,0,1,1,1,1,0,0,1,0,0,0,0,1,0,1,1,0,1,Migraine
0,1,1,0,1,0,0,0,0,0,0,0,1,0,0,0,0,1,0,0,1,1,0,1,0,0,COVID-19
1,1,1,0,1,1,1,1,1,0,1,1,0,0,1,0,1,0,1,1,0,1,1,0,0,1,Tuberculosis
1,1,0,0,1,1,1,1,0,1,1,1,1,0,1,0,1,0,0,0,1,0,1,1,0,1,Appendicitis
0,1,0,1,0,0,1,1,1,0,1,1,0,0,1,1,0,0,0,1,0,1,1,1,0,0,Hepatitis
0,0,1,1,0,0,1,1,0,0,1,1,1,0,1,0,0,0,0,1,1,0,1,1,0,0,Gastroenteritis
0,0,0,0,0,1,1,1,0,1,0,1,0,0,0,0,0,1,0,1,1,1,0,0,1,0,Appendicitis
1,1,1,1,0,0,0,1,0,0,0,0,1,0,1,0,1,1,0,0,1,1,1,1,1,0,Typhoid
0,0,1,0,1,1,0,1,0,0,0,0,0,1,0,0,0,0,1,0,0,1,0,1,1,1,Conjunctivitis
1,1,1,1,1,1,1,0,0,1,1,1,1,1,0,0,1,1,1,1,0,1,1,1,0,1,Chickenpox
0,1,0,0,1,1,1,1,0,1,0,1,1,1,0,1,0,1,0,1,0,1,0,1,1,0,Gastroenteritis
0,1,1,0,1,0,0,1,1,0,0,0,0,0,0,0,0,1,0,1,1,1,0,0,0,0,Heart Disease
1,1,0,1,0,1,0,1,1,1,1,1,0,1,1,0,1,0,1,1,0,1,1,1,1,0,Asthma
1,0,1,1,1,0,0,0,0,1,0,1,0,0,0,1,0,0,1,1,0,1,1,1,1,1,Conjunctivitis
0,0,0,0,1,0,0,0,1,0,0,1,0,0,0,1,1,0,0,1,1,1,1,1,1,0,UTI
1,1,0,1,0,1,1,1,1,1,1,0,0,1,1,0,1,1,1,1,1,1,1,1,1,0,Chickenpox
1,1,0,0,0,0,1,1,0,1,1,1,1,0,0,1,0,1,0,1,1,0,1,0,0,0,Dengue
0,0,1,1,1,0,1,1,0,0,0,0,0,0,1,1,0,1,1,1,1,0,1,1,0,1,Conjunctivitis
0,0,1,1,0,1,0,1,0,1,1,0,0,0,1,0,1,0,1,1,0,1,0,1,0,0,Influenza
0,0,1,1,1,0,0,1,1,0,1,0,1,0,1,1,0,1,1,1,0,1,0,0,1,0,Bronchitis
1,0,1,0,1,1,1,1,1,1,1,1,0,0,0,0,0,1,0,0,1,1,0,0,1,0,COVID-19
0,0,0,1,1,0,1,1,0,0,0,1,1,0,1,1,0,1,0,0,1,1,1,1,0,0,Arthritis
0,0,1,1,0,0,1,1,1,0,1,1,0,1,0,0,1,0,1,1,0,0,0,0,0,0,Common Cold
1,0,1,1,1,1,0,1,1,0,1,0,1,0,1,1,1,1,1,1,1,1,1,0,1,0,Food Poisoning
1,0,0,0,1,1,1,1,0,0,1,0,1,1,1,0,0,0,1,1,1,1,1,1,0,1,Bronchitis
0,0,1,1,1,1,1,0,0,0,0,1,1,0,0,0,0,1,1,1,0,0,1,1,1,1,Bronchitis
0,1,1,0,1,1,1,0,0,1,0,1,1,0,0,1,0,1,0,1,0,1,1,1,0,1,UTI
0,1,1,0,0,0,0,1,0,0,1,0,0,1,1,1,1,1,1,1,0,1,1,0,0,1,Food Poisoning
0,0,0,0,0,0,0,1,0,1,1,0,0,1,1,1,0,1,1,1,1,0,1,0,0,0,Arthritis
1,0,1,1,1,1,0,1,1,0,0,1,0,0,1,1,1,1,0,1,1,0,0,1,1,1,Gastroenteritis
1,0,0,0,1,1,0,1,0,0,0,1,1,0,0,1,1,0,1,1,1,1,1,0,1,0,UTI
1,0,1,1,0,0,1,0,0,1,1,0,1,1,1,0,0,1,0,0,1,1,0,0,1,1,Asthma
1,1,0,1,1,1,1,0,0,0,1,0,0,0,1,1,0,1,0,1,0,1,1,1,0,1,Malaria
1,0,0,0,1,0,1,1,0,1,1,0,0,1,1,0,0,1,0,1,1,1,1,0,0,0,Meningitis
1,1,0,0,0,1,0,0,0,0,0,0,1,0,0,0,1,1,0,1,1,1,0,1,1,0,Migraine
0,1,0,1,0,0,0,1,1,1,0,1,1,0,0,1,1,0,1,0,0,0,1,0,1,0,Dengue
1,1,1,0,1,0,0,0,0,0,0,1,0,1,0,0,0,0,1,0,0,0,0,0,1,0,Typhoid
1,1,1,1,1,0,1,0,1,1,0,1,0,0,0,1,0,0,0,0,1,1,1,0,0,0,Appendicitis
0,0,0,1,0,0,1,1,0,1,1,1,0,1,0,0,1,1,0,0,0,0,0,0,1,0,Heart Disease
0,1,1,0,0,1,0,0,0,0,0,1,1,0,1,1,0,0,0,1,1,0,0,0,0,1,Arthritis
1,1,1,0,0,0,1,0,0,0,1,1,1,0,0,0,1,1,0,0,1,0,1,0,1,1,UTI
0,0,0,1,1,1,1,1,0,1,0,0,0,1,0,1,0,0,0,1,1,0,0,1,1,1,Common Cold
1,0,1,1,0,1,1,1,0,1,1,1,0,1,0,1,1,1,1,0,1,1,0,0,1,0,UTI
1,1,0,0,0,1,1,1,1,1,1,0,0,0,1,0,1,1,0,1,1,0,1,0,0,1,Dengue
1,0,1,1,0,0,1,1,1,0,1,1,0,0,0,0,1,0,0,1,0,0,0,0,0,1,Pneumonia
1,1,1,1,1,1,1,0,0,0,1,0,1,0,0,1,0,1,1,0,1,0,0,1,1,1,Hepatitis
0,1,0,1,1,0,1,1,0,1,1,0,1,1,0,1,0,0,1,0,0,0,1,1,0,1,Pneumonia
0,0,1,1,0,1,0,0,1,0,0,1,0,0,0,1,0,1,1,0,1,1,1,1,1,0,Food Poisoning
1,1,1,0,0,0,0,1,0,1,1,1,0,1,0,0,1,1,0,1,1,0,1,0,1,0,Appendicitis
0,0,0,0,0,1,1,1,0,0,0,1,1,0,0,0,0,1,0,0,1,0,1,0,0,1,Conjunctivitis
0,1,0,1,1,1,1,0,1,0,1,0,0,1,0,1,0,1,0,0,0,1,0,0,1,1,Asthma
0,0,1,1,0,1,0,1,1,0,1,0,1,0,0,1,0,0,1,0,1,1,0,1,1,0,Asthma
1,0,0,0,1,0,1,0,1,1,0,0,1,0,0,1,1,1,1,1,0,0,0,1,1,1,Heart Disease
1,1,0,0,1,1,1,1,0,0,1,1,0,1,0,0,0,1,1,0,1,1,1,0,1,0,Tuberculosis
1,0,1,1,0,0,0,0,0,1,0,1,1,0,0,1,1,0,0,1,0,0,0,0,0,0,Typhoid
0,0,0,0,1,1,1,1,1,1,0,0,0,1,0,0,0,1,0,1,0,0,0,0,0,0,Bronchitis
0,1,0,0,1,0,1,0,0,0,1,1,0,0,0,0,0,1,0,1,0,1,0,1,0,0,Hepatitis
0,0,1,1,0,0,1,1,0,1,1,0,1,1,0,1,0,1,0,1,1,1,0,0,1,0,Typhoid
1,0,0,1,0,1,0,1,0,0,1,0,0,1,0,1,0,0,0,1,1,1,1,0,0,0,Pneumonia
1,1,1,1,0,1,0,0,0,1,0,0,1,0,1,0,1,1,1,0,0,0,0,1,1,0,Bronchitis
1,1,1,0,1,0,0,0,1,1,0,0,0,0,0,1,1,1,0,0,1,1,1,1,0,0,UTI
1,0,1,1,1,0,1,1,0,1,0,1,0,0,0,1,0,1,0,0,1,1,0,0,1,0,Heart Disease
1,0,0,1,1,1,0,0,0,1,1,0,1,1,1,1,0,1,0,1,1,1,0,1,0,1,Heart Disease
1,1,0,1,1,0,0,0,0,0,0,0,1,0,0,0,0,0,0,0,0,0,0,0,1,0,Gastroenteritis
1,1,1,1,1,0,0,1,1,0,0,0,0,1,1,0,1,0,0,0,0,0,1,0,0,0,Gastroenteritis
0,1,1,0,0,0,0,0,1,0,1,1,1,1,1,0,1,1,1,0,0,1,0,1,0,0,Appendicitis
1,1,1,0,1,1,1,1,0,0,0,1,0,0,1,0,1,1,1,1,0,0,0,0,1,1,Malaria
1,1,1,1,0,1,1,1,0,1,0,0,0,0,1,0,0,1,1,1,0,0,1,1,0,1,Chickenpox
1,0,0,1,1,0,1,0,1,0,0,1,0,0,0,1,0,0,0,1,1,0,1,0,0,1,Tuberculosis
0,1,1,1,1,0,1,0,0,1,0,1,0,1,0,0,0,0,1,0,1,0,0,0,1,1,COVID-19
0,0,1,0,1,1,1,1,1,0,0,1,1,0,0,1,1,0,1,1,1,0,1,0,0,1,Malaria
1,0,0,1,1,0,1,1,1,0,1,0,0,1,0,0,0,0,1,1,1,1,0,1,1,1,Common Cold
0,0,1,0,1,1,1,1,0,1,1,1,0,0,1,0,0,1,1,1,0,0,0,1,0,0,Hepatitis
0,1,0,1,0,0,1,1,0,1,1,1,0,0,0,0,1,1,0,0,1,0,1,1,0,0,Heart Disease
0,1,1,1,1,0,0,0,0,0,1,1,1,0,1,0,0,0,1,1,1,0,0,0,0,1,Typhoid
1,1,1,0,1,0,1,1,0,1,0,1,0,1,1,0,0,0,1,0,0,1,0,0,0,1,Food Poisoning
1,1,0,0,1,0,1,0,1,1,1,0,0,0,1,1,0,1,0,0,1,1,0,1,0,1,Pneumonia
1,0,1,0,1,0,1,1,1,1,0,1,0,1,0,1,0,0,1,0,0,0,0,1,0,1,Migraine
0,0,0,0,1,0,1,1,1,1,0,1,1,1,0,1,1,0,0,0,1,1,0,1,0,1,Malaria
0,0,0,1,1,1,1,0,1,1,0,1,0,1,0,0,0,1,0,1,1,0,1,0,0,0,Tuberculosis
0,1,1,1,1,0,0,1,0,0,0,0,1,0,1,0,1,1,0,0,1,0,1,0,1,0,Meningitis
1,1,1,1,1,1,1,0,1,0,0,1,0,0,1,0,0,1,0,1,1,0,0,1,1,0,Common Cold
0,1,1,0,1,1,1,1,1,1,0,0,1,0,1,1,1,0,0,0,0,1,0,0,1,0,UTI
1,0,0,1,0,0,1,0,0,1,0,1,1,0,1,0,0,0,1,1,1,1,1,0,1,1,Arthritis
0,1,1,1,0,0,0,0,0,1,1,0,1,0,1,1,0,0,0,1,1,1,1,1,1,1,Typhoid
0,0,1,0,0,1,0,1,0,0,1,1,1,0,1,0,1,1,0,0,0,1,0,1,1,1,Dengue
1,1,1,1,1,1,0,1,0,1,0,1,1,1,0,0,1,1,0,1,1,0,1,0,1,1,Malaria
0,1,0,0,1,1,0,1,0,1,1,0,0,0,0,1,0,1,1,0,1,0,1,1,0,1,Conjunctivitis
0,1,0,0,0,0,0,1,1,1,1,1,1,1,1,0,0,0,0,1,1,1,0,1,1,0,Malaria
1,1,0,0,0,0,0,1,0,1,1,0,1,1,1,0,0,0,0,0,1,1,0,0,1,1,COVID-19
1,1,0,1,1,0,1,1,0,1,1,0,0,0,1,0,0,0,1,0,1,0,1,0,1,0,UTI
1,0,0,0,1,0,1,0,1,1,1,1,0,1,0,1,1,0,1,0,0,0,0,1,1,1,Conjunctivitis
0,1,1,0,1,0,1,1,0,0,0,0,1,0,0,0,0,1,1,0,1,0,1,1,1,0,Conjunctivitis
1,0,1,0,1,1,0,1,1,1,1,1,0,0,1,1,0,0,0,0,1,0,1,1,0,1,UTI
0,0,0,0,0,1,0,0,0,1,1,1,1,1,0,0,0,1,0,1,1,1,0,0,1,0,Heart Disease
1,0,1,1,1,0,1,0,1,0,0,1,1,0,1,1,1,0,0,0,1,1,1,1,0,1,Tuberculosis
0,0,1,0,1,1,0,1,1,1,0,0,0,1,1,1,0,0,0,1,0,0,1,0,0,0,Bronchitis
0,0,1,0,0,1,0,1,0,1,0,0,0,0,0,0,0,1,0,0,0,0,1,1,0,1,Heart Disease
1,1,1,0,0,1,0,1,0,0,0,1,0,0,1,0,0,0,0,0,1,1,1,0,0,1,Bronchitis
0,1,1,1,0,0,1,1,1,1,1,0,0,0,1,1,0,1,0,1,0,1,1,1,0,1,Gastroenteritis
1,0,0,1,0,0,1,0,1,1,1,1,0,0,1,0,1,1,0,0,0,0,0,0,0,0,Common Cold
0,1,0,1,1,1,1,1,0,0,1,0,1,1,0,0,0,1,1,1,0,1,1,1,1,1,Appendicitis
1,1,0,0,1,1,0,0,0,1,0,0,1,1,1,1,1,1,1,1,0,0,0,1,1,1,COVID-19
0,0,0,1,0,0,1,0,1,1,1,1,0,0,0,0,0,0,1,0,0,0,1,0,1,0,Influenza
0,1,1,0,1,0,0,1,1,0,0,1,1,1,1,0,0,0,1,1,0,1,1,0,0,0,Appendicitis
0,1,1,0,1,1,1,0,1,1,1,1,1,0,0,0,0,0,0,1,1,0,0,0,1,0,Heart Disease
0,1,1,1,1,0,1,1,0,0,1,1,0,1,1,0,0,1,1,1,1,1,1,1,0,0,Meningitis
1,1,0,1,1,0,0,0,1,1,1,1,1,0,0,0,1,1,0,1,0,1,0,0,1,0,Pneumonia
1,1,1,0,0,0,1,1,1,0,0,0,0,0,0,1,1,1,0,1,1,0,0,1,0,1,Heart Disease
1,1,0,1,0,0,0,0,1,1,0,1,1,1,1,0,0,0,1,0,1,0,0,1,0,0,Heart Disease
0,0,0,1,0,1,0,0,1,0,0,0,1,0,0,0,1,0,0,0,1,0,0,1,1,1,COVID-19
0,0,1,1,1,1,1,1,0,1,0,1,0,1,1,0,1,1,0,0,1,0,0,1,0,1,Dengue
0,0,0,1,1,1,0,0,1,0,0,0,0,0,1,1,0,0,0,0,1,0,0,1,0,0,Gastroenteritis
1,0,1,0,1,0,0,0,0,0,1,0,1,1,1,1,0,0,1,1,0,0,1,1,1,1,Typhoid
0,0,0,0,0,1,1,0,1,0,0,1,1,1,0,1,0,1,1,1,1,0,0,0,0,0,Asthma
0,0,0,0,1,0,0,1,1,0,1,0,0,1,0,1,1,1,0,1,1,0,1,1,0,0,COVID-19
0,0,1,1,1,1,0,0,0,1,0,0,1,0,1,1,0,1,1,0,1,0,0,1,1,1,Appendicitis
1,0,1,0,0,0,0,0,0,1,1,1,1,0,0,1,0,0,0,1,0,0,1,0,1,1,Bronchitis
0,0,1,1,1,0,0,0,0,0,1,1,1,1,1,0,1,0,1,0,0,0,1,1,0,1,Influenza
0,1,0,1,0,0,1,0,1,1,1,0,0,1,0,0,1,1,0,0,1,1,0,1,0,1,Appendicitis
1,1,1,1,1,0,0,0,1,0,0,1,0,0,1,0,0,0,0,1,0,0,1,0,0,0,Conjunctivitis
0,0,1,1,1,0,1,0,1,1,0,1,0,0,0,0,0,1,0,1,0,1,1,0,1,0,Hepatitis
1,1,1,1,1,0,0,1,1,1,0,1,1,1,0,0,0,1,1,1,1,1,0,1,1,0,COVID-19
0,1,0,1,1,0,1,0,0,0,1,1,0,1,0,1,0,1,1,0,1,1,1,0,1,0,Food Poisoning
0,1,1,0,1,1,1,0,1,0,0,0,0,0,0,0,0,1,0,1,0,1,1,0,0,0,Tuberculosis
0,1,0,1,1,0,0,1,0,0,1,1,1,0,0,1,0,0,1,1,0,0,1,0,0,1,Appendicitis
1,1,1,0,0,1,0,1,0,0,0,1,1,0,0,0,0,0,0,0,0,1,1,1,0,1,Heart Disease
0,0,0,0,0,0,0,1,1,1,1,1,0,1,1,1,1,1,0,1,1,1,0,1,1,1,Meningitis
0,0,1,0,0,0,0,1,0,0,0,1,0,0,1,1,0,1,1,0,0,0,1,1,0,1,Meningitis
1,1,1,1,1,0,1,0,0,1,1,1,1,1,0,1,0,1,0,1,0,1,0,1,1,1,Malaria
1,0,0,0,0,1,1,0,1,0,1,0,1,1,0,1,0,0,1,0,1,0,0,1,0,0,Malaria
0,1,0,1,0,1,1,1,1,0,1,1,1,1,1,1,1,1,1,0,1,0,1,0,1,0,Chickenpox
1,0,0,0,1,0,0,1,1,0,0,0,0,1,1,1,1,0,1,0,0,1,0,1,0,0,Pneumonia
1,1,0,0,0,0,0,1,0,1,1,0,0,1,0,0,1,0,0,1,1,1,1,0,1,1,Conjunctivitis
0,1,1,0,1,0,1,0,0,0,1,1,0,1,1,0,0,0,0,1,1,1,1,1,0,1,Arthritis
0,0,0,1,1,1,1,0,0,1,1,1,1,1,1,1,0,1,1,0,1,1,1,1,1,1,Arthritis
0,1,0,1,1,0,1,1,1,1,0,0,1,0,1,1,0,0,1,1,1,0,1,1,1,0,COVID-19
1,1,0,0,0,0,1,0,1,1,1,1,0,1,0,1,0,0,1,0,0,0,1,0,1,0,Asthma
0,1,0,1,1,0,1,1,1,0,1,1,0,1,1,1,0,0,1,1,1,0,1,0,1,0,Influenza
1,1,1,0,0,0,1,1,1,0,1,0,0,0,0,1,0,0,0,0,0,0,0,1,1,0,UTI
1,0,0,1,0,0,0,1,1,0,0,1,0,1,1,0,1,1,1,0,0,0,0,1,1,0,Pneumonia
1,0,1,1,0,0,0,1,1,1,0,0,0,0,1,0,1,1,1,0,0,1,1,0,1,0,Malaria
0,0,1,0,1,1,1,0,1,1,1,0,1,0,0,1,0,0,1,0,0,0,1,0,0,0,Chickenpox
1,1,1,0,1,1,0,0,1,1,1,1,1,0,0,0,1,1,0,0,0,1,1,1,1,1,Influenza
0,1,0,1,1,1,1,1,1,1,0,0,0,0,0,0,1,0,1,0,0,0,1,1,1,0,Meningitis
0,0,0,1,0,0,1,1,1,0,1,1,1,1,0,1,0,1,1,1,1,1,1,1,1,1,Tuberculosis
1,0,0,0,0,1,1,1,1,1,0,0,0,0,1,1,0,1,0,0,1,0,1,1,0,0,Bronchitis
0,1,0,0,1,1,0,1,0,0,1,1,0,0,0,1,1,1,1,1,1,1,0,0,0,0,Food Poisoning
1,0,0,1,0,1,0,1,0,1,1,1,0,0,1,0,1,1,0,0,0,0,0,0,0,0,Hepatitis
0,1,0,1,0,0,0,0,0,0,0,0,0,0,0,1,1,1,0,1,0,1,0,1,0,0,Influenza
0,1,1,1,0,1,0,0,0,0,0,1,0,1,0,1,1,1,1,1,0,1,0,1,1,1,Food Poisoning
0,0,1,1,1,1,0,0,1,1,0,0,1,0,1,0,1,1,0,1,0,0,0,1,0,0,Tuberculosis
1,0,0,1,0,0,0,0,0,1,0,0,0,1,1,1,1,1,1,0,0,1,1,0,1,1,Pneumonia
0,0,1,1,0,0,0,0,1,1,0,0,1,1,0,1,0,1,1,1,0,1,0,1,1,1,Dengue
0,1,1,0,1,0,1,0,1,0,1,0,1,0,0,1,1,1,1,1,0,0,1,0,1,0,Dengue
0,0,1,0,1,0,1,0,0,1,0,0,0,0,1,0,0,0,0,1,0,0,0,1,0,1,Bronchitis
1,0,1,1,0,1,1,0,1,1,1,1,0,1,0,0,1,0,0,0,1,0,1,1,1,0,Dengue
0,0,0,1,1,1,0,1,0,0,1,1,0,0,0,1,0,0,0,0,0,1,1,1,0,1,Influenza
0,1,1,1,0,1,1,1,0,1,1,1,1,0,0,1,0,0,1,1,0,1,1,1,0,1,Gastroenteritis
1,0,1,1,1,0,0,0,1,0,1,0,1,1,1,1,0,0,1,0,1,1,1,0,0,0,Conjunctivitis
1,0,0,0,0,1,1,0,0,1,0,0,1,1,0,0,0,0,0,0,1,1,0,0,1,0,UTI
0,1,0,1,1,1,1,0,0,1,0,0,0,0,0,1,1,1,1,0,0,0,0,0,0,1,Malaria
0,0,0,0,1,0,1,1,1,1,0,0,0,1,1,1,1,0,0,1,0,1,0,1,0,0,Appendicitis
1,0,1,1,0,1,0,1,1,0,1,0,1,0,0,0,0,1,0,0,1,1,1,1,0,1,Hepatitis
0,0,0,0,1,0,1,1,1,1,1,1,1,0,1,0,1,1,0,1,0,0,0,0,1,1,Hepatitis
0,1,1,1,0,0,0,1,1,1,1,0,1,1,1,1,1,0,0,0,0,1,1,1,0,1,Migraine
0,1,0,1,1,0,0,0,0,0,1,0,0,1,1,1,1,1,0,1,0,0,0,1,0,0,Pneumonia
1,1,1,1,0,1,0,1,1,1,1,0,0,1,1,0,1,1,1,0,0,0,1,0,1,0,Tuberculosis
0,0,1,1,1,1,0,0,0,0,1,0,0,1,1,1,0,1,0,0,1,0,1,0,1,0,Meningitis
1,1,0,0,1,1,1,0,1,1,1,1,1,0,0,1,0,0,1,0,0,1,1,0,0,1,Heart Disease
1,1,0,1,0,0,0,1,0,0,1,1,0,0,1,1,1,0,0,1,0,1,1,0,1,0,Dengue
0,1,0,1,1,0,1,0,0,1,1,0,0,0,0,0,1,0,1,1,0,1,1,0,1,0,Meningitis
1,1,0,0,1,0,1,1,0,1,1,0,0,1,1,0,1,1,1,1,0,1,0,0,1,1,Appendicitis
0,0,1,0,0,1,0,0,1,0,0,0,0,0,0,1,1,0,1,1,0,0,0,0,0,0,Dengue
1,1,1,0,0,1,0,1,1,1,0,1,1,1,1,1,0,1,0,1,1,0,1,1,1,0,Heart Disease
0,0,0,0,0,0,0,0,0,0,1,1,0,0,0,0,1,1,1,0,1,1,0,1,0,1,Migraine
1,1,0,1,0,1,1,0,1,0,1,0,1,1,0,1,0,0,0,1,0,1,0,0,1,1,Chickenpox
1,0,1,0,1,0,1,0,1,0,1,0,1,0,1,1,0,1,1,1,1,1,1,0,0,0,Typhoid
1,1,0,0,1,1,1,1,1,0,1,1,0,0,0,0,0,1,0,0,1,0,0,0,0,1,Tuberculosis
1,0,1,1,1,1,0,0,1,0,1,0,0,0,1,1,1,0,0,1,0,0,1,1,1,1,Food Poisoning
1,1,1,1,0,0,0,0,1,0,1,1,1,1,1,1,0,1,1,0,1,0,0,0,0,0,Conjunctivitis
1,0,1,0,1,0,0,0,1,0,1,1,0,1,0,1,0,0,1,0,0,0,1,1,0,0,Heart Disease
1,1,1,0,0,0,1,0,1,0,0,0,0,0,1,0,1,0,0,1,1,1,1,0,1,1,Appendicitis
1,1,1,1,1,1,0,0,1,0,1,1,1,0,1,0,1,0,1,0,1,1,1,0,0,1,Food Poisoning
0,0,1,1,1,0,1,1,0,1,1,1,0,0,0,1,0,0,0,0,1,1,0,1,1,0,Migraine
1,0,0,1,1,1,0,0,0,0,0,1,1,1,0,1,1,1,1,0,1,1,0,0,0,1,Malaria
0,1,0,1,1,0,1,0,1,1,0,0,1,0,1,1,1,1,0,1,0,1,0,0,1,0,Conjunctivitis
0,0,0,0,0,1,0,0,0,1,0,0,1,0,0,0,0,1,0,0,0,0,1,1,0,1,Tuberculosis
0,0,1,1,0,0,0,1,0,0,0,0,1,1,1,0,1,1,0,1,0,0,1,0,0,0,Hepatitis
1,0,0,0,1,1,0,1,0,0,0,1,1,1,0,1,0,0,0,1,0,0,1,0,1,0,Conjunctivitis
1,1,1,0,1,0,0,1,1,1,0,0,0,0,0,1,0,1,0,0,1,0,0,0,1,1,Meningitis
0,1,1,1,1,1,1,0,0,0,1,0,0,1,0,1,0,1,0,0,1,1,1,0,0,0,Pneumonia
1,0,0,0,0,0,0,1,0,0,0,0,1,1,0,1,1,1,1,1,0,0,1,0,0,1,Pneumonia
1,1,1,1,0,0,0,0,1,1,0,1,0,1,1,0,0,0,0,1,0,0,0,1,0,1,Asthma
0,0,1,0,0,0,1,0,0,0,1,0,0,1,0,1,0,1,1,0,1,0,0,1,1,1,Arthritis
0,0,0,1,1,1,0,0,0,0,0,1,0,1,0,1,0,1,0,0,1,1,0,1,1,0,Tuberculosis
1,0,0,1,1,0,1,0,0,0,0,0,0,1,0,0,1,0,1,1,1,1,1,0,0,0,Malaria
1,1,1,0,0,1,0,0,1,0,0,0,1,0,1,0,1,0,0,1,0,1,0,0,0,1,Gastroenteritis
0,1,0,1,0,1,0,0,0,1,1,0,1,1,1,0,0,0,1,1,0,1,0,0,0,0,Migraine
1,1,0,0,1,0,1,1,1,1,1,1,0,0,1,1,0,1,1,0,0,0,0,1,1,1,Food Poisoning
0,1,0,0,1,1,0,1,1,1,0,1,1,1,0,1,0,1,0,1,0,1,1,0,0,1,Arthritis
1,1,0,0,0,0,1,0,1,1,0,0,0,1,0,1,0,1,1,0,0,0,0,1,1,1,Common Cold
1,1,1,0,0,1,1,1,0,1,0,1,0,1,0,1,0,1,1,0,1,0,0,0,0,1,Tuberculosis
1,0,1,1,0,0,1,1,0,0,0,0,0,1,0,1,0,0,1,0,1,0,0,0,0,1,Pneumonia
0,0,1,0,1,0,1,0,1,1,0,0,0,1,1,1,0,1,1,1,0,0,0,0,0,0,Bronchitis
0,0,0,1,1,0,0,0,0,1,0,0,0,1,1,1,1,0,0,0,0,1,0,1,1,1,Dengue
1,1,1,1,1,1,1,1,0,0,0,1,1,1,0,0,0,1,1,1,0,0,0,1,0,1,Malaria
1,1,1,1,1,1,0,1,1,1,1,1,0,0,1,0,1,0,1,1,1,0,1,1,0,1,Arthritis
1,0,1,0,1,1,0,1,0,0,1,1,1,0,1,1,1,0,0,0,1,1,1,0,1,0,Meningitis
1,0,0,0,0,1,1,1,1,0,0,1,1,1,0,0,0,1,0,0,1,0,1,1,0,0,Meningitis
1,1,0,1,0,1,1,1,1,0,0,1,0,1,0,1,0,1,0,0,0,0,1,0,1,0,Heart Disease
0,1,0,0,1,1,0,0,0,1,1,1,0,0,0,0,1,0,0,0,1,1,1,0,1,1,Appendicitis
0,1,1,0,1,1,0,0,0,0,0,0,0,1,1,1,1,1,0,0,1,0,1,1,0,1,Asthma
0,1,1,0,0,0,1,0,1,1,1,0,0,1,0,1,0,0,0,1,1,0,1,0,0,1,Bronchitis
0,1,0,0,1,1,0,1,1,0,0,1,1,1,0,0,1,0,1,1,0,1,0,0,0,1,Arthritis
0,0,0,0,0,0,0,0,1,1,1,0,1,0,0,0,1,0,0,0,1,0,0,0,1,0,Appendicitis
0,0,1,0,1,1,1,0,0,1,1,1,1,0,1,1,0,0,0,1,1,0,1,0,0,1,Migraine
0,0,0,0,0,0,0,0,1,1,1,1,1,0,0,1,1,1,1,0,0,0,0,0,0,1,COVID-19
0,0,0,0,0,1,0,0,1,0,1,0,1,1,0,1,0,1,1,0,1,0,1,0,1,0,Malaria
1,0,0,1,0,1,1,1,0,0,0,1,1,1,1,0,0,0,1,0,1,1,1,1,1,1,Heart Disease
1,1,0,1,1,1,1,0,1,1,0,1,1,1,1,0,0,0,1,1,1,0,0,1,0,0,Typhoid
0,1,1,1,1,1,1,1,0,1,1,1,1,1,0,0,0,1,0,0,1,0,0,0,1,1,UTI
0,0,0,1,0,1,1,1,1,1,1,1,0,0,1,0,0,0,0,1,1,0,1,1,1,0,Food Poisoning
0,1,1,0,0,1,1,0,1,0,0,0,0,0,1,0,1,1,1,0,1,0,1,0,0,0,Chickenpox
0,1,1,1,1,1,1,0,0,0,0,0,0,0,1,0,1,0,0,0,0,0,1,1,0,0,Hepatitis
0,0,0,1,1,1,0,1,1,0,0,1,1,1,1,0,0,1,1,0,0,0,0,1,1,1,Heart Disease
0,1,1,0,1,0,0,0,1,1,1,0,1,1,0,0,1,0,0,1,1,1,1,0,1,1,Malaria
0,1,1,0,0,1,1,0,0,1,0,0,0,1,1,0,1,0,1,0,1,1,0,1,0,1,Food Poisoning
1,0,0,1,1,1,0,0,0,1,1,0,0,0,1,0,0,0,1,1,1,1,1,1,0,1,Asthma
1,1,0,0,0,1,0,1,1,0,1,0,1,0,1,1,0,0,1,0,1,0,1,0,1,1,Arthritis
0,0,1,1,0,0,0,1,0,0,1,0,0,1,1,0,1,0,0,0,0,1,0,0,0,0,Hepatitis
0,1,0,1,1,0,1,0,1,0,0,0,0,1,1,1,0,0,0,0,1,1,1,0,1,1,COVID-19
1,1,1,1,1,0,0,0,1,0,1,0,1,0,0,0,0,0,0,0,0,0,0,0,1,0,Arthritis
1,0,1,1,0,1,0,0,0,1,1,0,0,0,1,0,1,0,0,0,1,1,1,1,1,1,Arthritis
0,1,0,0,0,0,0,1,0,0,1,0,1,1,0,1,1,0,0,1,0,1,1,0,0,0,Arthritis
0,1,0,0,0,0,0,1,0,0,1,0,1,1,0,1,0,1,1,1,0,0,0,1,1,0,Pneumonia
0,0,1,0,0,1,0,0,1,0,1,1,0,0,1,1,0,0,1,1,1,1,1,0,0,1,Typhoid
0,0,0,1,1,1,1,0,0,1,1,0,1,1,1,0,1,0,1,1,1,1,1,1,1,0,Meningitis
1,1,1,1,1,0,1,1,1,1,1,0,0,0,1,1,1,1,0,0,1,1,1,1,0,0,Gastroenteritis
1,1,1,1,1,0,0,0,0,1,0,1,0,1,1,0,1,0,0,0,1,1,1,1,1,0,Common Cold
1,0,0,1,1,1,1,1,0,0,0,1,0,0,0,0,0,0,1,0,1,0,1,1,1,0,Dengue
1,0,1,0,1,0,1,1,0,1,1,1,1,1,1,1,0,0,1,0,0,1,0,1,0,1,Appendicitis
1,0,1,1,1,0,1,0,0,1,1,0,0,1,0,0,1,0,1,0,0,0,1,0,1,1,Dengue
0,1,1,1,1,1,0,1,1,1,1,1,0,0,1,0,0,1,0,0,1,0,0,0,1,0,Asthma
1,0,1,1,1,0,0,0,0,1,1,0,1,1,1,1,0,0,0,1,0,1,0,1,1,0,Malaria
0,1,1,0,1,1,0,0,0,0,1,1,0,1,0,1,1,1,0,1,1,1,1,1,1,0,Meningitis
1,1,1,1,1,1,0,0,0,0,1,0,0,0,1,1,0,1,1,1,1,0,0,1,0,0,Pneumonia
1,0,1,0,1,1,1,1,1,0,1,1,0,0,1,1,0,0,1,1,0,1,1,1,1,1,Typhoid
0,0,1,0,0,1,1,1,0,1,1,0,0,1,0,1,0,0,1,1,1,0,0,1,0,1,Tuberculosis
1,1,0,0,0,1,0,1,1,1,0,1,0,1,1,0,0,0,0,1,0,0,0,1,1,1,Migraine
0,1,0,0,1,0,0,0,0,1,0,1,0,1,0,0,0,1,1,1,0,0,0,1,0,0,Asthma
0,1,0,1,1,0,0,0,0,1,1,0,0,0,0,1,1,1,1,0,1,0,1,1,0,1,Bronchitis
0,1,1,1,0,1,1,1,1,1,0,0,1,1,0,1,1,1,0,0,1,0,0,1,1,1,Meningitis
1,0,1,0,1,1,0,1,1,1,1,0,1,1,1,1,1,1,1,1,0,0,0,1,0,0,COVID-19
0,0,0,1,1,0,1,0,1,0,1,0,0,1,0,1,0,0,1,1,0,1,0,1,1,0,UTI
1,1,0,1,0,1,0,1,0,1,1,0,0,1,0,0,1,0,0,0,0,0,0,0,1,0,Gastroenteritis
1,0,0,0,1,0,1,1,0,1,0,1,1,1,1,0,1,0,1,1,1,1,0,1,0,1,Appendicitis
0,0,0,1,0,1,0,1,0,1,0,1,0,1,0,0,1,0,1,0,0,1,0,0,1,0,Asthma
1,0,1,1,0,1,1,0,0,1,0,1,1,0,0,1,1,1,0,1,1,0,1,1,1,1,Conjunctivitis
1,0,0,0,0,1,0,1,1,1,0,1,0,1,1,1,0,0,0,1,1,1,0,0,1,0,Migraine
0,1,1,0,1,0,1,0,0,0,0,0,0,0,0,0,0,0,1,0,0,1,1,0,0,1,Asthma
1,0,0,0,0,0,1,0,0,0,0,1,1,1,1,1,0,0,0,0,1,0,0,0,0,1,Dengue
0,0,1,1,0,1,0,0,1,0,1,1,0,0,0,1,0,1,1,1,0,0,1,0,1,1,Asthma
0,0,1,1,0,1,1,1,0,1,1,1,0,0,0,1,0,0,0,1,0,0,1,1,1,0,Asthma
1,1,0,0,0,0,0,0,0,1,0,1,0,0,1,0,1,0,1,0,1,0,1,0,0,0,Chickenpox
0,0,1,1,1,1,0,1,1,0,1,1,0,0,0,0,1,0,0,0,0,1,0,0,1,0,Gastroenteritis
0,1,1,0,1,0,0,0,0,0,0,1,0,1,0,1,1,1,1,0,0,0,0,1,0,1,Pneumonia
1,0,1,1,0,1,0,1,1,0,1,1,0,1,1,0,0,1,1,0,0,1,0,0,1,1,Gastroenteritis
1,1,1,1,0,0,0,1,1,1,0,1,0,0,0,0,0,1,0,0,0,0,1,1,1,1,Food Poisoning
0,0,1,0,1,1,0,1,1,0,1,0,1,0,1,0,1,0,0,1,0,0,0,0,1,0,Malaria
1,0,1,0,0,1,1,0,0,1,1,0,0,1,1,1,1,0,0,0,0,1,0,0,0,0,UTI
0,0,1,1,1,0,0,1,0,1,1,1,0,1,0,0,1,1,0,0,0,1,0,1,1,1,Bronchitis
1,1,1,0,1,0,0,0,0,0,1,0,1,1,0,0,0,0,0,0,0,0,0,1,1,0,Appendicitis
1,0,0,0,0,1,0,1,0,1,0,1,0,1,1,1,0,0,1,1,1,0,0,0,1,1,Common Cold
1,1,1,1,0,1,1,1,0,0,1,1,0,0,1,1,1,0,1,1,0,1,1,1,0,1,Meningitis
1,1,1,1,0,1,1,1,1,0,0,1,1,0,1,0,1,1,1,0,0,0,0,0,0,0,Typhoid
0,1,1,1,1,1,1,0,0,0,1,1,1,0,0,0,0,1,0,0,1,1,0,0,1,0,Typhoid
0,0,0,1,1,1,0,1,1,1,0,1,0,0,1,0,0,0,0,0,0,1,0,0,0,0,Typhoid
0,1,0,1,0,1,1,0,1,0,0,1,1,0,1,1,1,0,1,1,1,0,0,1,1,0,Bronchitis
0,0,1,0,1,1,0,1,1,1,0,1,1,1,1,0,1,1,1,0,0,0,1,0,0,0,Bronchitis
1,1,0,1,1,1,0,0,1,0,0,0,0,0,0,1,0,0,0,1,1,0,0,1,0,0,Migraine
1,0,0,1,0,0,1,0,0,1,0,1,1,0,0,0,1,0,0,0,1,0,0,1,1,0,Heart Disease
1,1,0,1,1,1,0,0,0,1,1,0,1,1,1,1,1,0,0,0,0,1,0,1,1,1,COVID-19
0,1,1,1,0,0,1,1,0,1,0,1,1,0,0,1,0,1,0,1,1,1,0,1,0,1,Common Cold
0,1,0,1,0,1,0,0,1,0,1,1,0,0,1,0,0,0,0,1,0,1,0,0,1,1,Meningitis
1,0,0,0,0,0,0,1,1,1,1,0,1,0,0,1,1,1,1,0,0,0,0,0,0,0,Asthma
0,1,1,1,0,1,1,1,0,1,0,0,1,0,0,0,1,0,0,1,1,1,1,1,1,1,Appendicitis
1,0,1,0,0,0,0,1,0,1,0,1,1,1,1,1,0,0,0,0,1,1,1,0,0,1,Migraine
0,1,1,1,1,1,0,1,0,1,0,0,0,1,1,0,1,0,1,1,1,0,1,0,1,1,Asthma
1,0,1,1,1,1,0,0,0,1,0,0,0,1,1,0,1,1,0,1,0,0,0,1,0,1,Gastroenteritis
1,0,0,1,1,1,1,1,1,0,1,0,0,0,1,0,1,1,1,0,0,0,1,1,1,1,Arthritis
0,1,1,1,0,0,1,1,0,0,0,1,1,0,1,0,1,1,1,1,0,1,1,1,0,1,Conjunctivitis
0,0,0,1,1,1,1,1,0,1,0,0,1,0,1,1,0,0,1,0,1,1,0,0,0,0,Pneumonia
0,0,1,0,1,1,0,1,0,0,0,0,1,0,0,0,0,1,0,0,1,1,0,0,0,1,Influenza
0,1,1,1,0,1,0,1,1,0,0,1,0,1,1,0,1,1,1,0,0,1,1,0,0,0,Pneumonia
0,1,1,1,0,1,1,1,0,0,0,1,1,1,1,1,0,1,1,0,1,0,0,1,0,1,Meningitis
1,0,1,1,1,1,1,0,1,0,0,1,0,1,0,1,1,0,1,0,0,1,0,0,0,0,Food Poisoning
0,1,0,1,1,1,0,1,0,1,1,0,0,1,0,1,0,1,0,0,0,0,1,0,0,1,Hepatitis
0,1,0,0,1,1,0,1,0,0,0,1,0,1,0,1,0,1,1,0,0,0,0,0,0,1,Dengue
0,1,1,1,1,0,1,0,0,0,0,1,1,0,1,0,0,0,1,0,0,1,1,1,1,1,Bronchitis
1,0,1,0,0,1,1,1,0,0,0,0,1,1,0,0,1,0,0,0,1,1,0,1,1,1,Appendicitis
1,1,0,0,0,1,0,0,1,0,0,1,0,1,1,0,1,0,0,0,0,1,1,0,1,1,Typhoid
0,0,0,0,0,0,1,1,1,0,1,1,0,0,0,0,0,1,1,1,1,0,1,0,0,0,Bronchitis
0,0,1,0,0,0,1,0,1,0,1,1,0,0,0,1,0,0,1,0,0,1,0,1,0,0,Meningitis
1,0,0,1,0,1,1,1,1,1,1,1,1,0,0,1,1,1,1,0,0,1,0,0,0,0,Arthritis
1,0,0,1,1,1,1,0,1,1,1,1,0,0,0,1,1,1,1,1,1,1,0,1,1,0,Food Poisoning
0,1,0,0,0,1,0,0,0,1,1,1,0,1,0,0,0,0,0,0,0,0,1,0,0,0,Common Cold
1,0,1,0,0,1,0,1,0,1,0,1,0,0,0,1,1,1,1,1,1,1,1,1,1,1,Migraine
1,1,1,1,0,1,1,1,1,0,0,0,1,1,0,0,1,0,0,0,0,0,1,0,0,0,Heart Disease
0,0,0,0,0,1,0,1,0,0,1,1,1,1,0,0,1,0,0,0,1,1,0,1,1,0,Malaria
1,0,0,0,1,1,1,0,1,0,1,1,1,1,1,0,1,1,0,1,1,0,0,1,0,0,COVID-19
1,0,0,1,0,0,0,0,0,1,0,1,1,1,0,1,0,0,1,0,0,0,1,1,1,1,Bronchitis
1,0,0,0,0,0,0,0,1,1,1,0,0,0,1,1,1,1,1,1,0,1,0,1,1,0,COVID-19
0,1,1,1,0,0,0,1,0,0,1,1,1,0,0,0,1,0,0,0,1,0,0,0,0,1,Chickenpox
1,1,1,0,0,0,1,1,1,0,1,0,1,1,0,0,1,1,1,0,0,1,0,1,0,0,Appendicitis
0,1,1,1,1,1,1,1,1,0,1,0,0,1,0,1,0,0,0,1,0,1,1,0,0,1,Heart Disease
0,0,0,1,1,1,0,0,1,0,0,0,0,0,0,1,0,1,1,1,0,0,1,0,0,0,Typhoid
0,1,1,1,0,1,0,0,0,1,0,1,1,1,1,1,1,0,0,1,0,1,1,1,1,0,Appendicitis
1,0,1,0,0,1,0,0,0,0,0,1,1,1,0,1,0,0,1,1,0,1,0,0,1,1,Gastroenteritis
0,0,0,1,0,1,0,1,0,1,1,1,0,1,0,0,1,1,0,0,1,0,1,1,1,1,Gastroenteritis
1,1,0,1,1,1,1,0,1,0,0,0,0,0,1,1,0,1,0,1,1,1,0,1,0,0,Pneumonia
0,0,0,1,0,0,1,0,0,0,0,0,0,0,1,1,0,1,0,1,0,0,0,0,0,0,Malaria
0,0,1,1,1,0,0,0,0,0,1,1,1,0,0,1,1,1,1,0,1,0,1,0,0,1,Gastroenteritis
